节点ID,节点类型,节点名称,所有属性
1,"[__Node__, Defect, undercut_groove]",Undercut Groove,"{""local_id"": 1, ""class"": ""undercut_groove"", ""bbox"": [414.5151515151515, 1103.030303030303, 478.1515151515151, 1249.4949494949494], ""confidence"": 0.95, ""image_id"": ""img_1"", ""is_component"": false, ""is_defect"": true, ""depth_estimate"": 31.818181818181813, ""location"": ""edge""}"
2,"[__Node__, Defect, undercut_groove]",Undercut Groove,"{""local_id"": 1, ""class"": ""undercut_groove"", ""bbox"": [1198.6425339366517, 765.6108597285069, 1329.4117647058824, 819.0045248868778], ""confidence"": 0.95, ""image_id"": ""img_2"", ""is_component"": false, ""is_defect"": true, ""depth_estimate"": 26.696832579185468, ""location"": ""surface""}"
3,"[__Node__, Defect, pit_depression]",Pit Depression,"{""local_id"": 2, ""class"": ""pit_depression"", ""bbox"": [1634.8754448398577, 705.3380782918149, 1712.455516014235, 759.4306049822064], ""confidence"": 0.95, ""image_id"": ""img_2"", ""is_component"": false, ""is_defect"": true, ""depth_estimate"": 16.227758007117462, ""shape_regularity"": ""irregular""}"
4,"[__Node__, Component, weld_seam]",Weld Seam,"{""local_id"": -1, ""class"": ""weld_seam"", ""bbox"": [786.0463148741567, 570.3460169723515, 2151.646314874157, 954.3460169723515], ""confidence"": 0.85, ""image_id"": """", ""is_component"": true, ""is_defect"": false, ""aspect_ratio"": 3.5562500000000004, ""position"": ""edge""}"
5,"[__Node__, Component, weld_surface]",Weld Surface,"{""local_id"": -2, ""class"": ""weld_surface"", ""bbox"": [824.4463148741567, 608.7460169723515, 2113.2463148741567, 915.9460169723516], ""confidence"": 0.8, ""image_id"": """", ""is_component"": true, ""is_defect"": false, ""aspect_ratio"": 4.1953125, ""position"": ""edge""}"
6,"[__Node__, Defect, overlap_bump]",Overlap Bump,"{""local_id"": 1, ""class"": ""overlap_bump"", ""bbox"": [1125.3478260869565, 1594.3478260869565, 1642.7391304347825, 2290.0], ""confidence"": 0.95, ""image_id"": ""img_3"", ""is_component"": false, ""is_defect"": true, ""height_estimate"": 413.9130434782608, ""shape"": ""protrusion""}"
7,"[__Node__, Defect, porosity_region]",Porosity Region,"{""local_id"": 1, ""class"": ""porosity_region"", ""bbox"": [1439.9999999999998, 899.9999999999999, 1627.2727272727273, 1090.9090909090908], ""confidence"": 0.95, ""image_id"": ""img_4"", ""is_component"": false, ""is_defect"": true, ""num_pores"": 143, ""density"": ""very_high""}"
8,"[__Node__, Defect, porosity_region]",Porosity Region,"{""local_id"": 1, ""class"": ""porosity_region"", ""bbox"": [660.4444444444445, 716.0555555555555, 727.1111111111112, 782.7222222222223], ""confidence"": 0.95, ""image_id"": ""img_5"", ""is_component"": false, ""is_defect"": true, ""num_pores"": 17, ""density"": ""very_high""}"
9,"[__Node__, Defect, porosity_region]",Porosity Region,"{""local_id"": 2, ""class"": ""porosity_region"", ""bbox"": [1178.5, 736.8888888888889, 1227.111111111111, 793.8333333333334], ""confidence"": 0.95, ""image_id"": ""img_5"", ""is_component"": false, ""is_defect"": true, ""num_pores"": 11, ""density"": ""very_high""}"
10,"[__Node__, Component, weld_seam]",Weld Seam,"{""local_id"": -1, ""class"": ""weld_seam"", ""bbox"": [436.4916666666668, 565.375, 1460.0916666666667, 949.375], ""confidence"": 0.85, ""image_id"": """", ""is_component"": true, ""is_defect"": false, ""aspect_ratio"": 2.665625, ""position"": ""edge""}"
11,"[__Node__, Component, weld_surface]",Weld Surface,"{""local_id"": -2, ""class"": ""weld_surface"", ""bbox"": [474.89166666666677, 603.775, 1421.6916666666666, 910.975], ""confidence"": 0.8, ""image_id"": """", ""is_component"": true, ""is_defect"": false, ""aspect_ratio"": 3.082031249999999, ""position"": ""edge""}"
12,"[__Node__, Defect, spatter_cluster]",Spatter Cluster,"{""local_id"": 1, ""class"": ""spatter_cluster"", ""bbox"": [428.24858757062145, 780.7909604519774, 554.2372881355932, 969.4915254237288], ""confidence"": 0.95, ""image_id"": ""img_6"", ""is_component"": false, ""is_defect"": true, ""num_spatters"": 297, ""density"": ""high""}"
13,"[__Node__, Defect, porosity_region]",Porosity Region,"{""local_id"": 2, ""class"": ""porosity_region"", ""bbox"": [618.8034188034188, 549.5726495726497, 651.2820512820513, 582.4786324786326], ""confidence"": 0.95, ""image_id"": ""img_6"", ""is_component"": false, ""is_defect"": true, ""num_pores"": 4, ""density"": ""very_high""}"
14,"[__Node__, Defect, overlap_bump]",Overlap Bump,"{""local_id"": 3, ""class"": ""overlap_bump"", ""bbox"": [713.7777777777778, 540.8888888888889, 771.5555555555555, 595.5555555555555], ""confidence"": 0.95, ""image_id"": ""img_6"", ""is_component"": false, ""is_defect"": true, ""height_estimate"": 43.733333333333306, ""shape"": ""protrusion""}"
15,"[__Node__, Component, weld_seam]",Weld Seam,"{""local_id"": -1, ""class"": ""weld_seam"", ""bbox"": [240.1841131875031, 414.4963687285722, 1005.7841131875032, 925.0963687285721], ""confidence"": 0.85, ""image_id"": """", ""is_component"": true, ""is_defect"": false, ""aspect_ratio"": 1.4994124559341957, ""position"": ""edge""}"
16,"[__Node__, Component, weld_surface]",Weld Surface,"{""local_id"": -2, ""class"": ""weld_surface"", ""bbox"": [291.2441131875031, 465.5563687285722, 954.7241131875032, 874.0363687285721], ""confidence"": 0.8, ""image_id"": """", ""is_component"": true, ""is_defect"": false, ""aspect_ratio"": 1.6242655699177444, ""position"": ""edge""}"
17,"[__Node__, Defect, porosity_region]",Porosity Region,"{""local_id"": 1, ""class"": ""porosity_region"", ""bbox"": [2139.8787878787875, 1609.4242424242423, 2285.333333333333, 1767.0], ""confidence"": 0.95, ""image_id"": ""img_7"", ""is_component"": false, ""is_defect"": true, ""num_pores"": 91, ""density"": ""very_high""}"
18,"[__Node__, Defect, porosity_region]",Porosity Region,"{""local_id"": 1, ""class"": ""porosity_region"", ""bbox"": [1216.0, 2278.0, 1420.0, 2530.0], ""confidence"": 0.95, ""image_id"": ""img_8"", ""is_component"": false, ""is_defect"": true, ""num_pores"": 205, ""density"": ""very_high""}"
19,"[__Node__, Defect, porosity_region]",Porosity Region,"{""local_id"": 1, ""class"": ""porosity_region"", ""bbox"": [1948.969696969697, 1212.4545454545455, 2121.6969696969695, 1357.9090909090908], ""confidence"": 0.95, ""image_id"": ""img_9"", ""is_component"": false, ""is_defect"": true, ""num_pores"": 100, ""density"": ""very_high""}"
20,"[__Node__, Defect, crack_line]",Crack Line,"{""local_id"": 2, ""class"": ""crack_line"", ""bbox"": [1325.0, 1256.4516129032259, 1437.0967741935483, 1443.5483870967741], ""confidence"": 0.95, ""image_id"": ""img_9"", ""is_component"": false, ""is_defect"": true, ""length"": 187.0967741935483, ""orientation"": ""vertical"", ""type"": ""transverse""}"
21,"[__Node__, Component, weld_seam]",Weld Seam,"{""local_id"": -1, ""class"": ""weld_seam"", ""bbox"": [613.790860215054, 907.190909090909, 2802.590860215054, 1727.990909090909], ""confidence"": 0.85, ""image_id"": """", ""is_component"": true, ""is_defect"": false, ""aspect_ratio"": 2.6666666666666665, ""position"": ""edge""}"
22,"[__Node__, Component, weld_surface]",Weld Surface,"{""local_id"": -2, ""class"": ""weld_surface"", ""bbox"": [695.870860215054, 989.2709090909091, 2720.510860215054, 1645.9109090909092], ""confidence"": 0.8, ""image_id"": """", ""is_component"": true, ""is_defect"": false, ""aspect_ratio"": 3.0833333333333326, ""position"": ""edge""}"
23,"[__Node__, Defect, porosity_region]",Porosity Region,"{""local_id"": 1, ""class"": ""porosity_region"", ""bbox"": [1267.741935483871, 1909.6774193548388, 1424.1935483870968, 2101.6129032258063], ""confidence"": 0.95, ""image_id"": ""img_10"", ""is_component"": false, ""is_defect"": true, ""num_pores"": 120, ""density"": ""very_high""}"
24,"[__Node__, Defect, porosity_region]",Porosity Region,"{""local_id"": 1, ""class"": ""porosity_region"", ""bbox"": [1830.5555555555557, 1918.0555555555557, 1931.9444444444446, 2023.611111111111], ""confidence"": 0.95, ""image_id"": ""img_11"", ""is_component"": false, ""is_defect"": true, ""num_pores"": 42, ""density"": ""very_high""}"
25,"[__Node__, Defect, porosity_region]",Porosity Region,"{""local_id"": 2, ""class"": ""porosity_region"", ""bbox"": [2118.0555555555557, 1919.4444444444446, 2558.3333333333335, 2043.0555555555557], ""confidence"": 0.95, ""image_id"": ""img_11"", ""is_component"": false, ""is_defect"": true, ""num_pores"": 217, ""density"": ""very_high""}"
26,"[__Node__, Defect, porosity_region]",Porosity Region,"{""local_id"": 3, ""class"": ""porosity_region"", ""bbox"": [2565.277777777778, 1913.888888888889, 2740.277777777778, 2023.611111111111], ""confidence"": 0.95, ""image_id"": ""img_11"", ""is_component"": false, ""is_defect"": true, ""num_pores"": 76, ""density"": ""very_high""}"
27,"[__Node__, Defect, porosity_region]",Porosity Region,"{""local_id"": 4, ""class"": ""porosity_region"", ""bbox"": [724.1379310344828, 1889.6551724137933, 966.3793103448277, 2000.8620689655174], ""confidence"": 0.95, ""image_id"": ""img_11"", ""is_component"": false, ""is_defect"": true, ""num_pores"": 107, ""density"": ""very_high""}"
28,"[__Node__, Defect, porosity_region]",Porosity Region,"{""local_id"": 5, ""class"": ""porosity_region"", ""bbox"": [562.9310344827586, 1921.5517241379312, 647.4137931034484, 2009.4827586206898], ""confidence"": 0.95, ""image_id"": ""img_11"", ""is_component"": false, ""is_defect"": true, ""num_pores"": 29, ""density"": ""very_high""}"
29,"[__Node__, Component, weld_seam]",Weld Seam,"{""local_id"": -1, ""class"": ""weld_seam"", ""bbox"": [464.5306513409964, 1516.32183908046, 2864.5306513409964, 2416.32183908046], ""confidence"": 0.85, ""image_id"": """", ""is_component"": true, ""is_defect"": false, ""aspect_ratio"": 2.6666666666666665, ""position"": ""center""}"
30,"[__Node__, Component, weld_surface]",Weld Surface,"{""local_id"": -2, ""class"": ""weld_surface"", ""bbox"": [554.5306513409964, 1606.32183908046, 2774.5306513409964, 2326.32183908046], ""confidence"": 0.8, ""image_id"": """", ""is_component"": true, ""is_defect"": false, ""aspect_ratio"": 3.0833333333333335, ""position"": ""edge""}"
31,"[__Node__, Defect, pit_depression]",Pit Depression,"{""local_id"": 1, ""class"": ""pit_depression"", ""bbox"": [485.4700854700855, 290.1709401709402, 544.8717948717949, 345.7264957264957], ""confidence"": 0.95, ""image_id"": ""img_12"", ""is_component"": false, ""is_defect"": true, ""depth_estimate"": 16.66666666666666, ""shape_regularity"": ""regular""}"
32,"[__Node__, Defect, porosity_region]",Porosity Region,"{""local_id"": 2, ""class"": ""porosity_region"", ""bbox"": [452.09580838323353, 606.5868263473054, 522.7544910179641, 791.0179640718563], ""confidence"": 0.95, ""image_id"": ""img_12"", ""is_component"": false, ""is_defect"": true, ""num_pores"": 52, ""density"": ""very_high""}"
33,"[__Node__, Component, weld_seam]",Weld Seam,"{""local_id"": -1, ""class"": ""weld_seam"", ""bbox"": [118.49804493576949, 253.0755565791495, 884.0980449357695, 763.6755565791494], ""confidence"": 0.85, ""image_id"": """", ""is_component"": true, ""is_defect"": false, ""aspect_ratio"": 1.4994124559341955, ""position"": ""center""}"
34,"[__Node__, Component, weld_surface]",Weld Surface,"{""local_id"": -2, ""class"": ""weld_surface"", ""bbox"": [169.5580449357695, 304.13555657914947, 833.0380449357694, 712.6155565791494], ""confidence"": 0.8, ""image_id"": """", ""is_component"": true, ""is_defect"": false, ""aspect_ratio"": 1.6242655699177442, ""position"": ""edge""}"
35,"[__Node__, Defect, porosity_region]",Porosity Region,"{""local_id"": 1, ""class"": ""porosity_region"", ""bbox"": [476.87074829931976, 639.4557823129252, 598.6394557823129, 753.0612244897959], ""confidence"": 0.95, ""image_id"": ""img_13"", ""is_component"": false, ""is_defect"": true, ""num_pores"": 55, ""density"": ""very_high""}"
36,"[__Node__, Defect, porosity_region]",Porosity Region,"{""local_id"": 2, ""class"": ""porosity_region"", ""bbox"": [485.7142857142857, 804.0816326530612, 601.3605442176871, 913.6054421768707], ""confidence"": 0.95, ""image_id"": ""img_13"", ""is_component"": false, ""is_defect"": true, ""num_pores"": 50, ""density"": ""very_high""}"
37,"[__Node__, Defect, porosity_region]",Porosity Region,"{""local_id"": 3, ""class"": ""porosity_region"", ""bbox"": [519.2307692307693, 923.931623931624, 587.6068376068376, 1020.5128205128206], ""confidence"": 0.95, ""image_id"": ""img_13"", ""is_component"": false, ""is_defect"": true, ""num_pores"": 26, ""density"": ""very_high""}"
38,"[__Node__, Defect, porosity_region]",Porosity Region,"{""local_id"": 4, ""class"": ""porosity_region"", ""bbox"": [476.92307692307696, 1082.0512820512822, 546.5811965811967, 1143.5897435897436], ""confidence"": 0.95, ""image_id"": ""img_13"", ""is_component"": false, ""is_defect"": true, ""num_pores"": 17, ""density"": ""very_high""}"
39,"[__Node__, Component, weld_seam]",Weld Seam,"{""local_id"": -1, ""class"": ""weld_seam"", ""bbox"": [153.8158642944358, 654.7361939647656, 919.4158642944358, 1165.3361939647655], ""confidence"": 0.85, ""image_id"": """", ""is_component"": true, ""is_defect"": false, ""aspect_ratio"": 1.4994124559341953, ""position"": ""edge""}"
40,"[__Node__, Component, weld_surface]",Weld Surface,"{""local_id"": -2, ""class"": ""weld_surface"", ""bbox"": [204.87586429443581, 705.7961939647655, 868.3558642944358, 1114.2761939647655], ""confidence"": 0.8, ""image_id"": """", ""is_component"": true, ""is_defect"": false, ""aspect_ratio"": 1.6242655699177437, ""position"": ""edge""}"
41,"[__Node__, Defect, overlap_bump]",Overlap Bump,"{""local_id"": 1, ""class"": ""overlap_bump"", ""bbox"": [485.9411764705882, 735.2941176470588, 613.8823529411764, 894.1176470588234], ""confidence"": 0.95, ""image_id"": ""img_14"", ""is_component"": false, ""is_defect"": true, ""height_estimate"": 102.35294117647055, ""shape"": ""protrusion""}"
42,"[__Node__, Defect, porosity_region]",Porosity Region,"{""local_id"": 1, ""class"": ""porosity_region"", ""bbox"": [813.1147540983607, 763.1147540983607, 881.1475409836066, 832.7868852459017], ""confidence"": 0.95, ""image_id"": ""img_15"", ""is_component"": false, ""is_defect"": true, ""num_pores"": 18, ""density"": ""very_high""}"
43,"[__Node__, Defect, porosity_region]",Porosity Region,"{""local_id"": 2, ""class"": ""porosity_region"", ""bbox"": [488.135593220339, 723.1638418079096, 545.1977401129943, 779.6610169491526], ""confidence"": 0.95, ""image_id"": ""img_15"", ""is_component"": false, ""is_defect"": true, ""num_pores"": 12, ""density"": ""very_high""}"
44,"[__Node__, Defect, spatter_cluster]",Spatter Cluster,"{""local_id"": 3, ""class"": ""spatter_cluster"", ""bbox"": [868.4210526315788, 872.4696356275304, 1061.1336032388663, 969.2307692307692], ""confidence"": 0.95, ""image_id"": ""img_15"", ""is_component"": false, ""is_defect"": true, ""num_spatters"": 233, ""density"": ""high""}"
45,"[__Node__, Component, weld_seam]",Weld Seam,"{""local_id"": -1, ""class"": ""weld_seam"", ""bbox"": [392.1917140476244, 567.8044838266039, 1160.1917140476244, 1079.004483826604], ""confidence"": 0.85, ""image_id"": """", ""is_component"": true, ""is_defect"": false, ""aspect_ratio"": 1.5023474178403755, ""position"": ""edge""}"
46,"[__Node__, Component, weld_surface]",Weld Surface,"{""local_id"": -2, ""class"": ""weld_surface"", ""bbox"": [443.3117140476244, 618.9244838266039, 1109.0717140476245, 1027.884483826604], ""confidence"": 0.8, ""image_id"": """", ""is_component"": true, ""is_defect"": false, ""aspect_ratio"": 1.627934272300469, ""position"": ""edge""}"
47,"[__Node__, Defect, porosity_region]",Porosity Region,"{""local_id"": 1, ""class"": ""porosity_region"", ""bbox"": [559.3703703703702, 733.8888888888888, 689.0, 861.6666666666666], ""confidence"": 0.95, ""image_id"": ""img_16"", ""is_component"": false, ""is_defect"": true, ""num_pores"": 66, ""density"": ""very_high""}"
48,"[__Node__, Defect, porosity_region]",Porosity Region,"{""local_id"": 1, ""class"": ""porosity_region"", ""bbox"": [530.4347826086956, 655.9006211180124, 560.2484472049689, 690.0621118012422], ""confidence"": 0.95, ""image_id"": ""img_17"", ""is_component"": false, ""is_defect"": true, ""num_pores"": 4, ""density"": ""very_high""}"
49,"[__Node__, Defect, porosity_region]",Porosity Region,"{""local_id"": 2, ""class"": ""porosity_region"", ""bbox"": [461.4906832298136, 1497.5155279503106, 509.9378881987577, 1542.8571428571427], ""confidence"": 0.95, ""image_id"": ""img_17"", ""is_component"": false, ""is_defect"": true, ""num_pores"": 8, ""density"": ""very_high""}"
50,"[__Node__, Defect, porosity_region]",Porosity Region,"{""local_id"": 3, ""class"": ""porosity_region"", ""bbox"": [391.30434782608694, 1012.4223602484471, 428.57142857142856, 1052.7950310559006], ""confidence"": 0.95, ""image_id"": ""img_17"", ""is_component"": false, ""is_defect"": true, ""num_pores"": 6, ""density"": ""very_high""}"
51,"[__Node__, Component, weld_seam]",Weld Seam,"{""local_id"": -1, ""class"": ""weld_seam"", ""bbox"": [96.33126293995855, 819.3587991718426, 864.3312629399586, 1331.1587991718425], ""confidence"": 0.85, ""image_id"": """", ""is_component"": true, ""is_defect"": false, ""aspect_ratio"": 1.5005861664712783, ""position"": ""center""}"
52,"[__Node__, Component, weld_surface]",Weld Surface,"{""local_id"": -2, ""class"": ""weld_surface"", ""bbox"": [147.51126293995856, 870.5387991718426, 813.1512629399587, 1279.9787991718424], ""confidence"": 0.8, ""image_id"": """", ""is_component"": true, ""is_defect"": false, ""aspect_ratio"": 1.6257327080890982, ""position"": ""edge""}"
53,"[__Node__, Defect, porosity_region]",Porosity Region,"{""local_id"": 1, ""class"": ""porosity_region"", ""bbox"": [581.9354838709677, 1003.5483870967741, 619.6774193548387, 1047.741935483871], ""confidence"": 0.95, ""image_id"": ""img_18"", ""is_component"": false, ""is_defect"": true, ""num_pores"": 6, ""density"": ""very_high""}"
54,"[__Node__, Defect, porosity_region]",Porosity Region,"{""local_id"": 2, ""class"": ""porosity_region"", ""bbox"": [639.1025641025641, 781.1965811965813, 663.4615384615385, 817.948717948718], ""confidence"": 0.95, ""image_id"": ""img_18"", ""is_component"": false, ""is_defect"": true, ""num_pores"": 3, ""density"": ""high""}"
55,"[__Node__, Component, weld_seam]",Weld Seam,"{""local_id"": -1, ""class"": ""weld_seam"", ""bbox"": [242.04425144747722, 656.7089054314861, 1010.0442514474772, 1168.508905431486], ""confidence"": 0.85, ""image_id"": """", ""is_component"": true, ""is_defect"": false, ""aspect_ratio"": 1.500586166471278, ""position"": ""edge""}"
56,"[__Node__, Component, weld_surface]",Weld Surface,"{""local_id"": -2, ""class"": ""weld_surface"", ""bbox"": [293.22425144747723, 707.888905431486, 958.8642514474773, 1117.328905431486], ""confidence"": 0.8, ""image_id"": """", ""is_component"": true, ""is_defect"": false, ""aspect_ratio"": 1.6257327080890978, ""position"": ""edge""}"
57,"[__Node__, Defect, porosity_region]",Porosity Region,"{""local_id"": 1, ""class"": ""porosity_region"", ""bbox"": [707.1428571428571, 442.8571428571429, 782.1428571428571, 501.0204081632653], ""confidence"": 0.95, ""image_id"": ""img_19"", ""is_component"": false, ""is_defect"": true, ""num_pores"": 17, ""density"": ""very_high""}"
58,"[__Node__, Defect, crack_line]",Crack Line,"{""local_id"": 2, ""class"": ""crack_line"", ""bbox"": [835.2769679300291, 476.38483965014575, 887.4635568513119, 518.6588921282798], ""confidence"": 0.95, ""image_id"": ""img_19"", ""is_component"": false, ""is_defect"": true, ""length"": 52.186588921282805, ""orientation"": ""horizontal"", ""type"": ""longitudinal""}"
59,"[__Node__, Defect, porosity_region]",Porosity Region,"{""local_id"": 3, ""class"": ""porosity_region"", ""bbox"": [1201.4634146341464, 627.8048780487806, 1257.0731707317075, 685.8536585365854], ""confidence"": 0.95, ""image_id"": ""img_19"", ""is_component"": false, ""is_defect"": true, ""num_pores"": 12, ""density"": ""very_high""}"
60,"[__Node__, Defect, crack_line]",Crack Line,"{""local_id"": 4, ""class"": ""crack_line"", ""bbox"": [1240.4444444444443, 773.7777777777778, 1285.7777777777778, 886.2222222222222], ""confidence"": 0.95, ""image_id"": ""img_19"", ""is_component"": false, ""is_defect"": true, ""length"": 112.44444444444434, ""orientation"": ""vertical"", ""type"": ""transverse""}"
61,"[__Node__, Defect, crack_line]",Crack Line,"{""local_id"": 5, ""class"": ""crack_line"", ""bbox"": [1283.5555555555557, 1052.0, 1328.888888888889, 1138.2222222222222], ""confidence"": 0.95, ""image_id"": ""img_19"", ""is_component"": false, ""is_defect"": true, ""length"": 86.22222222222217, ""orientation"": ""vertical"", ""type"": ""transverse""}"
62,"[__Node__, Defect, crack_line]",Crack Line,"{""local_id"": 6, ""class"": ""crack_line"", ""bbox"": [1293.3333333333333, 1170.6666666666667, 1343.0, 1279.0], ""confidence"": 0.95, ""image_id"": ""img_19"", ""is_component"": false, ""is_defect"": true, ""length"": 108.33333333333326, ""orientation"": ""vertical"", ""type"": ""transverse""}"
63,"[__Node__, Defect, pit_depression]",Pit Depression,"{""local_id"": 7, ""class"": ""pit_depression"", ""bbox"": [555.1369863013699, 421.5753424657534, 640.7534246575343, 494.52054794520546], ""confidence"": 0.95, ""image_id"": ""img_19"", ""is_component"": false, ""is_defect"": true, ""depth_estimate"": 21.883561643835616, ""shape_regularity"": ""irregular""}"
64,"[__Node__, Defect, pit_depression]",Pit Depression,"{""local_id"": 8, ""class"": ""pit_depression"", ""bbox"": [408.09968847352025, 415.88785046728975, 459.190031152648, 476.6355140186916], ""confidence"": 0.95, ""image_id"": ""img_19"", ""is_component"": false, ""is_defect"": true, ""depth_estimate"": 15.327102803738319, ""shape_regularity"": ""irregular""}"
65,"[__Node__, Defect, pit_depression]",Pit Depression,"{""local_id"": 9, ""class"": ""pit_depression"", ""bbox"": [339.917695473251, 400.0, 405.55555555555554, 473.45679012345676], ""confidence"": 0.95, ""image_id"": ""img_19"", ""is_component"": false, ""is_defect"": true, ""depth_estimate"": 19.69135802469136, ""shape_regularity"": ""irregular""}"
66,"[__Node__, Component, weld_seam]",Weld Seam,"{""local_id"": -1, ""class"": ""weld_seam"", ""bbox"": [391.2120114470439, 487.69693073852704, 1414.812011447044, 871.696930738527], ""confidence"": 0.85, ""image_id"": """", ""is_component"": true, ""is_defect"": false, ""aspect_ratio"": 2.665625, ""position"": ""edge""}"
67,"[__Node__, Component, weld_surface]",Weld Surface,"{""local_id"": -2, ""class"": ""weld_surface"", ""bbox"": [429.61201144704387, 526.096930738527, 1376.4120114470438, 833.2969307385271], ""confidence"": 0.8, ""image_id"": """", ""is_component"": true, ""is_defect"": false, ""aspect_ratio"": 3.0820312499999996, ""position"": ""edge""}"
68,"[__Node__, Defect, porosity_region]",Porosity Region,"{""local_id"": 1, ""class"": ""porosity_region"", ""bbox"": [561.5894039735099, 145.4746136865342, 596.0264900662252, 210.5960264900662], ""confidence"": 0.95, ""image_id"": ""img_20"", ""is_component"": false, ""is_defect"": true, ""num_pores"": 8, ""density"": ""very_high""}"
69,"[__Node__, Defect, porosity_region]",Porosity Region,"{""local_id"": 2, ""class"": ""porosity_region"", ""bbox"": [535.9823399558499, 265.5629139072848, 579.0286975717439, 335.09933774834434], ""confidence"": 0.95, ""image_id"": ""img_20"", ""is_component"": false, ""is_defect"": true, ""num_pores"": 11, ""density"": ""very_high""}"
70,"[__Node__, Defect, porosity_region]",Porosity Region,"{""local_id"": 3, ""class"": ""porosity_region"", ""bbox"": [526.4900662251655, 343.046357615894, 565.7836644591612, 391.39072847682115], ""confidence"": 0.95, ""image_id"": ""img_20"", ""is_component"": false, ""is_defect"": true, ""num_pores"": 7, ""density"": ""very_high""}"
71,"[__Node__, Defect, porosity_region]",Porosity Region,"{""local_id"": 4, ""class"": ""porosity_region"", ""bbox"": [515.6732891832229, 394.4812362030905, 559.1611479028697, 449.6688741721854], ""confidence"": 0.95, ""image_id"": ""img_20"", ""is_component"": false, ""is_defect"": true, ""num_pores"": 9, ""density"": ""very_high""}"
72,"[__Node__, Defect, porosity_region]",Porosity Region,"{""local_id"": 5, ""class"": ""porosity_region"", ""bbox"": [507.5055187637969, 455.4083885209713, 549.6688741721854, 509.4922737306843], ""confidence"": 0.95, ""image_id"": ""img_20"", ""is_component"": false, ""is_defect"": true, ""num_pores"": 9, ""density"": ""very_high""}"
73,"[__Node__, Defect, porosity_region]",Porosity Region,"{""local_id"": 6, ""class"": ""porosity_region"", ""bbox"": [489.8454746136865, 512.3620309050773, 536.644591611479, 570.8609271523178], ""confidence"": 0.95, ""image_id"": ""img_20"", ""is_component"": false, ""is_defect"": true, ""num_pores"": 10, ""density"": ""very_high""}"
74,"[__Node__, Defect, porosity_region]",Porosity Region,"{""local_id"": 7, ""class"": ""porosity_region"", ""bbox"": [475.9381898454746, 585.2097130242826, 516.3355408388521, 621.8543046357615], ""confidence"": 0.95, ""image_id"": ""img_20"", ""is_component"": false, ""is_defect"": true, ""num_pores"": 5, ""density"": ""very_high""}"
75,"[__Node__, Defect, porosity_region]",Porosity Region,"{""local_id"": 8, ""class"": ""porosity_region"", ""bbox"": [462.9139072847682, 630.9050772626931, 514.569536423841, 709.2715231788079], ""confidence"": 0.95, ""image_id"": ""img_20"", ""is_component"": false, ""is_defect"": true, ""num_pores"": 16, ""density"": ""very_high""}"
76,"[__Node__, Defect, porosity_region]",Porosity Region,"{""local_id"": 9, ""class"": ""porosity_region"", ""bbox"": [442.3841059602649, 709.933774834437, 501.32450331125824, 829.5805739514348], ""confidence"": 0.95, ""image_id"": ""img_20"", ""is_component"": false, ""is_defect"": true, ""num_pores"": 28, ""density"": ""very_high""}"
77,"[__Node__, Component, weld_seam]",Weld Seam,"{""local_id"": -1, ""class"": ""weld_seam"", ""bbox"": [140.27029678685312, 225.77770419426042, 908.2702967868531, 737.5777041942604], ""confidence"": 0.85, ""image_id"": """", ""is_component"": true, ""is_defect"": false, ""aspect_ratio"": 1.500586166471278, ""position"": ""center""}"
78,"[__Node__, Component, weld_surface]",Weld Surface,"{""local_id"": -2, ""class"": ""weld_surface"", ""bbox"": [191.45029678685313, 276.95770419426043, 857.0902967868532, 686.3977041942604], ""confidence"": 0.8, ""image_id"": """", ""is_component"": true, ""is_defect"": false, ""aspect_ratio"": 1.6257327080890975, ""position"": ""edge""}"
79,"[__Node__, Defect, porosity_region]",Porosity Region,"{""local_id"": 1, ""class"": ""porosity_region"", ""bbox"": [656.9099099099099, 384.68468468468467, 707.3603603603603, 446.8468468468468], ""confidence"": 0.95, ""image_id"": ""img_21"", ""is_component"": false, ""is_defect"": true, ""num_pores"": 12, ""density"": ""very_high""}"
80,"[__Node__, Defect, pit_depression]",Pit Depression,"{""local_id"": 2, ""class"": ""pit_depression"", ""bbox"": [423.758865248227, 89.00709219858156, 643.6170212765958, 273.04964539007096], ""confidence"": 0.95, ""image_id"": ""img_21"", ""is_component"": false, ""is_defect"": true, ""depth_estimate"": 55.21276595744681, ""shape_regularity"": ""irregular""}"
81,"[__Node__, Component, weld_seam]",Weld Seam,"{""local_id"": -1, ""class"": ""weld_seam"", ""bbox"": [223.9115391987732, 42.49706728004605, 991.9115391987732, 554.297067280046], ""confidence"": 0.85, ""image_id"": """", ""is_component"": true, ""is_defect"": false, ""aspect_ratio"": 1.500586166471278, ""position"": ""edge""}"
82,"[__Node__, Component, weld_surface]",Weld Surface,"{""local_id"": -2, ""class"": ""weld_surface"", ""bbox"": [275.0915391987732, 93.67706728004606, 940.7315391987732, 503.117067280046], ""confidence"": 0.8, ""image_id"": """", ""is_component"": true, ""is_defect"": false, ""aspect_ratio"": 1.6257327080890978, ""position"": ""edge""}"
83,"[__Node__, Defect, porosity_region]",Porosity Region,"{""local_id"": 1, ""class"": ""porosity_region"", ""bbox"": [819.3548387096774, 1670.967741935484, 1059.6774193548388, 1887.0967741935483], ""confidence"": 0.95, ""image_id"": ""img_22"", ""is_component"": false, ""is_defect"": true, ""num_pores"": 207, ""density"": ""very_high""}"
84,"[__Node__, Defect, porosity_region]",Porosity Region,"{""local_id"": 1, ""class"": ""porosity_region"", ""bbox"": [1406.272727272727, 1930.3030303030303, 1560.8181818181815, 2100.0], ""confidence"": 0.95, ""image_id"": ""img_23"", ""is_component"": false, ""is_defect"": true, ""num_pores"": 104, ""density"": ""very_high""}"
85,"[__Node__, Defect, porosity_region]",Porosity Region,"{""local_id"": 1, ""class"": ""porosity_region"", ""bbox"": [642.7350427350427, 716.2393162393163, 686.3247863247864, 755.982905982906], ""confidence"": 0.95, ""image_id"": ""img_24"", ""is_component"": false, ""is_defect"": true, ""num_pores"": 6, ""density"": ""very_high""}"
86,"[__Node__, Defect, porosity_region]",Porosity Region,"{""local_id"": 2, ""class"": ""porosity_region"", ""bbox"": [656.4102564102565, 651.7094017094017, 688.8888888888889, 705.982905982906], ""confidence"": 0.95, ""image_id"": ""img_24"", ""is_component"": false, ""is_defect"": true, ""num_pores"": 7, ""density"": ""very_high""}"
87,"[__Node__, Defect, porosity_region]",Porosity Region,"{""local_id"": 3, ""class"": ""porosity_region"", ""bbox"": [620.0854700854701, 812.8205128205128, 656.4102564102565, 872.6495726495727], ""confidence"": 0.95, ""image_id"": ""img_24"", ""is_component"": false, ""is_defect"": true, ""num_pores"": 8, ""density"": ""very_high""}"
88,"[__Node__, Component, weld_seam]",Weld Seam,"{""local_id"": -1, ""class"": ""weld_seam"", ""bbox"": [275.6757834757835, 497.2641025641026, 1041.2757834757836, 1007.8641025641025], ""confidence"": 0.85, ""image_id"": """", ""is_component"": true, ""is_defect"": false, ""aspect_ratio"": 1.4994124559341957, ""position"": ""edge""}"
89,"[__Node__, Component, weld_surface]",Weld Surface,"{""local_id"": -2, ""class"": ""weld_surface"", ""bbox"": [326.7357834757835, 548.3241025641025, 990.2157834757836, 956.8041025641025], ""confidence"": 0.8, ""image_id"": """", ""is_component"": true, ""is_defect"": false, ""aspect_ratio"": 1.6242655699177442, ""position"": ""edge""}"
90,"[__Node__, Defect, porosity_region]",Porosity Region,"{""local_id"": 1, ""class"": ""porosity_region"", ""bbox"": [2726.333333333333, 834.8717948717948, 2859.6666666666665, 968.2051282051282], ""confidence"": 0.95, ""image_id"": ""img_25"", ""is_component"": false, ""is_defect"": true, ""num_pores"": 71, ""density"": ""very_high""}"
91,"[__Node__, Defect, porosity_region]",Porosity Region,"{""local_id"": 1, ""class"": ""porosity_region"", ""bbox"": [515.5737704918033, 768.032786885246, 648.360655737705, 929.5081967213115], ""confidence"": 0.95, ""image_id"": ""img_26"", ""is_component"": false, ""is_defect"": true, ""num_pores"": 85, ""density"": ""very_high""}"
92,"[__Node__, Defect, porosity_region]",Porosity Region,"{""local_id"": 1, ""class"": ""porosity_region"", ""bbox"": [1460.0, 488.33333333333337, 1545.0, 563.3333333333334], ""confidence"": 0.95, ""image_id"": ""img_27"", ""is_component"": false, ""is_defect"": true, ""num_pores"": 25, ""density"": ""very_high""}"
93,"[__Node__, Defect, porosity_region]",Porosity Region,"{""local_id"": 2, ""class"": ""porosity_region"", ""bbox"": [1345.0, 1391.6666666666667, 1433.3333333333335, 1481.6666666666667], ""confidence"": 0.95, ""image_id"": ""img_27"", ""is_component"": false, ""is_defect"": true, ""num_pores"": 31, ""density"": ""very_high""}"
94,"[__Node__, Defect, porosity_region]",Porosity Region,"{""local_id"": 3, ""class"": ""porosity_region"", ""bbox"": [1116.6666666666667, 3056.666666666667, 1203.3333333333335, 3141.666666666667], ""confidence"": 0.95, ""image_id"": ""img_27"", ""is_component"": false, ""is_defect"": true, ""num_pores"": 29, ""density"": ""very_high""}"
95,"[__Node__, Component, weld_seam]",Weld Seam,"{""local_id"": -1, ""class"": ""weld_seam"", ""bbox"": [443.3555555555557, 1082.4222222222224, 2257.7555555555555, 2292.0222222222224], ""confidence"": 0.85, ""image_id"": """", ""is_component"": true, ""is_defect"": false, ""aspect_ratio"": 1.4999999999999998, ""position"": ""edge""}"
96,"[__Node__, Component, weld_surface]",Weld Surface,"{""local_id"": -2, ""class"": ""weld_surface"", ""bbox"": [564.3155555555558, 1203.3822222222225, 2136.7955555555554, 2171.0622222222223], ""confidence"": 0.8, ""image_id"": """", ""is_component"": true, ""is_defect"": false, ""aspect_ratio"": 1.6249999999999998, ""position"": ""edge""}"
97,"[__Node__, Defect, porosity_region]",Porosity Region,"{""local_id"": 1, ""class"": ""porosity_region"", ""bbox"": [740.2903225806451, 1787.0967741935483, 924.1612903225807, 1912.9032258064517], ""confidence"": 0.95, ""image_id"": ""img_28"", ""is_component"": false, ""is_defect"": true, ""num_pores"": 92, ""density"": ""very_high""}"
98,"[__Node__, Defect, pit_depression]",Pit Depression,"{""local_id"": 2, ""class"": ""pit_depression"", ""bbox"": [575.7741935483871, 1204.8387096774195, 759.6451612903227, 1314.516129032258], ""confidence"": 0.95, ""image_id"": ""img_28"", ""is_component"": false, ""is_defect"": true, ""depth_estimate"": 32.903225806451566, ""shape_regularity"": ""irregular""}"
99,"[__Node__, Defect, pit_depression]",Pit Depression,"{""local_id"": 3, ""class"": ""pit_depression"", ""bbox"": [429.0, 711.2903225806451, 648.3548387096773, 920.9677419354839], ""confidence"": 0.95, ""image_id"": ""img_28"", ""is_component"": false, ""is_defect"": true, ""depth_estimate"": 62.90322580645163, ""shape_regularity"": ""irregular""}"
100,"[__Node__, Defect, pit_depression]",Pit Depression,"{""local_id"": 4, ""class"": ""pit_depression"", ""bbox"": [677.3870967741937, 1390.3225806451612, 825.7741935483871, 1511.2903225806451], ""confidence"": 0.95, ""image_id"": ""img_28"", ""is_component"": false, ""is_defect"": true, ""depth_estimate"": 36.29032258064517, ""shape_regularity"": ""irregular""}"
101,"[__Node__, Component, weld_seam]",Weld Seam,"{""local_id"": -1, ""class"": ""weld_seam"", ""bbox"": [205.54838709677415, 796.9532258064518, 1189.5483870967741, 1891.3532258064515], ""confidence"": 0.85, ""image_id"": """", ""is_component"": true, ""is_defect"": false, ""aspect_ratio"": 0.8991228070175442, ""position"": ""edge""}"
102,"[__Node__, Component, weld_surface]",Weld Surface,"{""local_id"": -2, ""class"": ""weld_surface"", ""bbox"": [303.9483870967741, 895.3532258064517, 1091.148387096774, 1792.9532258064514], ""confidence"": 0.8, ""image_id"": """", ""is_component"": true, ""is_defect"": false, ""aspect_ratio"": 0.8770053475935832, ""position"": ""edge""}"
103,"[__Node__, Defect, porosity_region]",Porosity Region,"{""local_id"": 1, ""class"": ""porosity_region"", ""bbox"": [1343.3333333333335, 349.95238095238096, 1507.6190476190477, 490.42857142857144], ""confidence"": 0.95, ""image_id"": ""img_29"", ""is_component"": false, ""is_defect"": true, ""num_pores"": 92, ""density"": ""very_high""}"
104,"[__Node__, Defect, porosity_region]",Porosity Region,"{""local_id"": 1, ""class"": ""porosity_region"", ""bbox"": [1624.2857142857144, 638.047619047619, 1829.047619047619, 838.047619047619], ""confidence"": 0.95, ""image_id"": ""img_30"", ""is_component"": false, ""is_defect"": true, ""num_pores"": 163, ""density"": ""very_high""}"
105,"[__Node__, Defect, porosity_region]",Porosity Region,"{""local_id"": 1, ""class"": ""porosity_region"", ""bbox"": [1106.1349693251534, 1842.9447852760734, 1207.9754601226994, 1996.9325153374232], ""confidence"": 0.95, ""image_id"": ""img_31"", ""is_component"": false, ""is_defect"": true, ""num_pores"": 62, ""density"": ""very_high""}"
106,"[__Node__, Defect, porosity_region]",Porosity Region,"{""local_id"": 1, ""class"": ""porosity_region"", ""bbox"": [910.6976744186047, 570.232558139535, 981.8604651162791, 674.8837209302326], ""confidence"": 0.95, ""image_id"": ""img_32"", ""is_component"": false, ""is_defect"": true, ""num_pores"": 29, ""density"": ""very_high""}"
107,"[__Node__, Defect, porosity_region]",Porosity Region,"{""local_id"": 1, ""class"": ""porosity_region"", ""bbox"": [1586.2068965517242, 1189.6551724137933, 2536.206896551724, 1574.1379310344828], ""confidence"": 0.95, ""image_id"": ""img_33"", ""is_component"": false, ""is_defect"": true, ""num_pores"": 1461, ""density"": ""very_high""}"
108,"[__Node__, Defect, porosity_region]",Porosity Region,"{""local_id"": 1, ""class"": ""porosity_region"", ""bbox"": [2030.304347826087, 1456.5217391304348, 2193.3478260869565, 1623.9130434782608], ""confidence"": 0.95, ""image_id"": ""img_34"", ""is_component"": false, ""is_defect"": true, ""num_pores"": 109, ""density"": ""very_high""}"
109,"[__Node__, Defect, porosity_region]",Porosity Region,"{""local_id"": 1, ""class"": ""porosity_region"", ""bbox"": [409.5757575757575, 1603.3636363636363, 785.3333333333333, 1918.5151515151515], ""confidence"": 0.95, ""image_id"": ""img_35"", ""is_component"": false, ""is_defect"": true, ""num_pores"": 473, ""density"": ""very_high""}"
110,"[__Node__, Defect, porosity_region]",Porosity Region,"{""local_id"": 2, ""class"": ""porosity_region"", ""bbox"": [2567.151515151515, 1185.181818181818, 3297.4545454545455, 1515.4848484848485], ""confidence"": 0.95, ""image_id"": ""img_35"", ""is_component"": false, ""is_defect"": true, ""num_pores"": 964, ""density"": ""very_high""}"
111,"[__Node__, Component, weld_seam]",Weld Seam,"{""local_id"": -1, ""class"": ""weld_seam"", ""bbox"": [670.4787878787879, 1145.2363636363634, 2859.2787878787876, 1966.0363636363636], ""confidence"": 0.85, ""image_id"": """", ""is_component"": true, ""is_defect"": false, ""aspect_ratio"": 2.6666666666666656, ""position"": ""edge""}"
112,"[__Node__, Component, weld_surface]",Weld Surface,"{""local_id"": -2, ""class"": ""weld_surface"", ""bbox"": [752.5587878787879, 1227.3163636363633, 2777.1987878787877, 1883.9563636363637], ""confidence"": 0.8, ""image_id"": """", ""is_component"": true, ""is_defect"": false, ""aspect_ratio"": 3.0833333333333317, ""position"": ""edge""}"
113,"[__Node__, Defect, overlap_bump]",Overlap Bump,"{""local_id"": 1, ""class"": ""overlap_bump"", ""bbox"": [285.61151079136687, 1033.8129496402876, 381.2949640287769, 1143.8848920863309], ""confidence"": 0.95, ""image_id"": ""img_36"", ""is_component"": false, ""is_defect"": true, ""height_estimate"": 76.54676258992804, ""shape"": ""protrusion""}"
114,"[__Node__, Defect, overlap_bump]",Overlap Bump,"{""local_id"": 2, ""class"": ""overlap_bump"", ""bbox"": [723.0215827338129, 1156.8345323741007, 804.3165467625898, 1256.8345323741007], ""confidence"": 0.95, ""image_id"": ""img_36"", ""is_component"": false, ""is_defect"": true, ""height_estimate"": 65.03597122302153, ""shape"": ""protrusion""}"
115,"[__Node__, Component, weld_seam]",Weld Seam,"{""local_id"": -1, ""class"": ""weld_seam"", ""bbox"": [164.5611510791366, 806.4417266187048, 932.5611510791366, 1489.241726618705], ""confidence"": 0.85, ""image_id"": """", ""is_component"": true, ""is_defect"": false, ""aspect_ratio"": 1.1247803163444638, ""position"": ""edge""}"
116,"[__Node__, Component, weld_surface]",Weld Surface,"{""local_id"": -2, ""class"": ""weld_surface"", ""bbox"": [232.8411510791366, 874.7217266187048, 864.2811510791366, 1420.961726618705], ""confidence"": 0.8, ""image_id"": """", ""is_component"": true, ""is_defect"": false, ""aspect_ratio"": 1.1559753954305798, ""position"": ""edge""}"
117,"[__Node__, Defect, porosity_region]",Porosity Region,"{""local_id"": 1, ""class"": ""porosity_region"", ""bbox"": [1297.4545454545453, 848.8181818181818, 1612.6060606060605, 1133.6666666666665], ""confidence"": 0.95, ""image_id"": ""img_37"", ""is_component"": false, ""is_defect"": true, ""num_pores"": 359, ""density"": ""very_high""}"
118,"[__Node__, Defect, porosity_region]",Porosity Region,"{""local_id"": 1, ""class"": ""porosity_region"", ""bbox"": [1021.6969696969695, 1151.8484848484848, 2009.5757575757575, 1460.9393939393938], ""confidence"": 0.95, ""image_id"": ""img_38"", ""is_component"": false, ""is_defect"": true, ""num_pores"": 1221, ""density"": ""very_high""}"
119,"[__Node__, Defect, porosity_region]",Porosity Region,"{""local_id"": 1, ""class"": ""porosity_region"", ""bbox"": [1412.6060606060605, 1467.0, 1700.4848484848485, 1721.5454545454545], ""confidence"": 0.95, ""image_id"": ""img_39"", ""is_component"": false, ""is_defect"": true, ""num_pores"": 293, ""density"": ""very_high""}"
120,"[__Node__, Defect, porosity_region]",Porosity Region,"{""local_id"": 1, ""class"": ""porosity_region"", ""bbox"": [2559.722222222222, 752.7777777777778, 2659.722222222222, 859.7222222222223], ""confidence"": 0.95, ""image_id"": ""img_40"", ""is_component"": false, ""is_defect"": true, ""num_pores"": 42, ""density"": ""very_high""}"
121,"[__Node__, Defect, overlap_bump]",Overlap Bump,"{""local_id"": 1, ""class"": ""overlap_bump"", ""bbox"": [1454.166666666667, 1814.0, 1691.666666666667, 2093.166666666667], ""confidence"": 0.95, ""image_id"": ""img_41"", ""is_component"": false, ""is_defect"": true, ""height_estimate"": 190.0, ""shape"": ""protrusion""}"
122,"[__Node__, Defect, overlap_bump]",Overlap Bump,"{""local_id"": 1, ""class"": ""overlap_bump"", ""bbox"": [2832.5, 1044.875, 3173.125, 1454.25], ""confidence"": 0.95, ""image_id"": ""img_42"", ""is_component"": false, ""is_defect"": true, ""height_estimate"": 272.5, ""shape"": ""protrusion""}"
123,"[__Node__, Defect, pit_depression]",Pit Depression,"{""local_id"": 2, ""class"": ""pit_depression"", ""bbox"": [3479.012345679012, 1474.074074074074, 3718.5185185185182, 1695.0617283950617], ""confidence"": 0.95, ""image_id"": ""img_42"", ""is_component"": false, ""is_defect"": true, ""depth_estimate"": 66.29629629629632, ""shape_regularity"": ""irregular""}"
124,"[__Node__, Component, weld_seam]",Weld Seam,"{""local_id"": -1, ""class"": ""weld_seam"", ""bbox"": [2091.1889660493825, 963.4652006172839, 4032, 1870.6652006172837], ""confidence"": 0.85, ""image_id"": """", ""is_component"": true, ""is_defect"": false, ""aspect_ratio"": 2.139341968640452, ""position"": ""edge""}"
125,"[__Node__, Component, weld_surface]",Weld Surface,"{""local_id"": -2, ""class"": ""weld_surface"", ""bbox"": [2181.9089660493823, 1054.185200617284, 3941.28, 1779.9452006172837], ""confidence"": 0.8, ""image_id"": """", ""is_component"": true, ""is_defect"": false, ""aspect_ratio"": 2.4241774608005655, ""position"": ""edge""}"
126,"[__Node__, Defect, overlap_bump]",Overlap Bump,"{""local_id"": 1, ""class"": ""overlap_bump"", ""bbox"": [1331.5789473684208, 1138.5964912280701, 1614.035087719298, 1389.4736842105262], ""confidence"": 0.95, ""image_id"": ""img_43"", ""is_component"": false, ""is_defect"": true, ""height_estimate"": 200.7017543859649, ""shape"": ""protrusion""}"
127,"[__Node__, Defect, pit_depression]",Pit Depression,"{""local_id"": 2, ""class"": ""pit_depression"", ""bbox"": [889.4736842105262, 412.2807017543859, 989.4736842105262, 561.4035087719298], ""confidence"": 0.95, ""image_id"": ""img_43"", ""is_component"": false, ""is_defect"": true, ""depth_estimate"": 30.0, ""shape_regularity"": ""irregular""}"
128,"[__Node__, Defect, other]",Other,"{""local_id"": 3, ""class"": ""other"", ""bbox"": [980.7017543859648, 735.0877192982456, 1091.2280701754385, 896.4912280701753], ""confidence"": 0.95, ""image_id"": ""img_43"", ""is_component"": false, ""is_defect"": false}"
129,"[__Node__, Component, weld_seam]",Weld Seam,"{""local_id"": -1, ""class"": ""weld_seam"", ""bbox"": [298.9403508771928, 270.6385964912281, 2113.3403508771926, 1480.238596491228], ""confidence"": 0.85, ""image_id"": """", ""is_component"": true, ""is_defect"": false, ""aspect_ratio"": 1.4999999999999998, ""position"": ""center""}"
130,"[__Node__, Component, weld_surface]",Weld Surface,"{""local_id"": -2, ""class"": ""weld_surface"", ""bbox"": [419.9003508771928, 391.5985964912281, 1992.3803508771925, 1359.278596491228], ""confidence"": 0.8, ""image_id"": """", ""is_component"": true, ""is_defect"": false, ""aspect_ratio"": 1.625, ""position"": ""edge""}"
131,"[__Node__, Defect, overlap_bump]",Overlap Bump,"{""local_id"": 1, ""class"": ""overlap_bump"", ""bbox"": [833.2307692307693, 486.6923076923077, 1051.6923076923076, 682.0769230769231], ""confidence"": 0.95, ""image_id"": ""img_44"", ""is_component"": false, ""is_defect"": true, ""height_estimate"": 156.30769230769235, ""shape"": ""protrusion""}"
132,"[__Node__, Defect, overlap_bump]",Overlap Bump,"{""local_id"": 1, ""class"": ""overlap_bump"", ""bbox"": [776.3076923076924, 511.30769230769226, 956.3076923076924, 691.3076923076923], ""confidence"": 0.95, ""image_id"": ""img_45"", ""is_component"": false, ""is_defect"": true, ""height_estimate"": 144.0, ""shape"": ""protrusion""}"
133,"[__Node__, Defect, overlap_bump]",Overlap Bump,"{""local_id"": 2, ""class"": ""overlap_bump"", ""bbox"": [791.6923076923076, 883.6153846153846, 965.5384615384614, 1032.8461538461538], ""confidence"": 0.95, ""image_id"": ""img_45"", ""is_component"": false, ""is_defect"": true, ""height_estimate"": 119.38461538461534, ""shape"": ""protrusion""}"
134,"[__Node__, Defect, overlap_bump]",Overlap Bump,"{""local_id"": 3, ""class"": ""overlap_bump"", ""bbox"": [780.9230769230769, 711.3076923076923, 964.0, 877.4615384615385], ""confidence"": 0.95, ""image_id"": ""img_45"", ""is_component"": false, ""is_defect"": true, ""height_estimate"": 132.92307692307696, ""shape"": ""protrusion""}"
135,"[__Node__, Component, weld_seam]",Weld Seam,"{""local_id"": -1, ""class"": ""weld_seam"", ""bbox"": [267.6615384615385, 557.8410256410256, 1477.2615384615383, 1011.4410256410255], ""confidence"": 0.85, ""image_id"": """", ""is_component"": true, ""is_defect"": false, ""aspect_ratio"": 2.666666666666667, ""position"": ""edge""}"
136,"[__Node__, Component, weld_surface]",Weld Surface,"{""local_id"": -2, ""class"": ""weld_surface"", ""bbox"": [313.0215384615385, 603.2010256410256, 1431.9015384615384, 966.0810256410255], ""confidence"": 0.8, ""image_id"": """", ""is_component"": true, ""is_defect"": false, ""aspect_ratio"": 3.083333333333334, ""position"": ""edge""}"
137,"[__Node__, Defect, overlap_bump]",Overlap Bump,"{""local_id"": 1, ""class"": ""overlap_bump"", ""bbox"": [413.17721518987344, 727.8481012658227, 542.2911392405063, 859.493670886076], ""confidence"": 0.95, ""image_id"": ""img_46"", ""is_component"": false, ""is_defect"": true, ""height_estimate"": 103.29113924050625, ""shape"": ""protrusion""}"
138,"[__Node__, Defect, overlap_bump]",Overlap Bump,"{""local_id"": 2, ""class"": ""overlap_bump"", ""bbox"": [741.0253164556962, 734.1772151898734, 909.379746835443, 872.1518987341772], ""confidence"": 0.95, ""image_id"": ""img_46"", ""is_component"": false, ""is_defect"": true, ""height_estimate"": 110.37974683544299, ""shape"": ""protrusion""}"
139,"[__Node__, Defect, overlap_bump]",Overlap Bump,"{""local_id"": 3, ""class"": ""overlap_bump"", ""bbox"": [1486.5949367088606, 673.4177215189873, 1701.7848101265822, 884.8101265822785], ""confidence"": 0.95, ""image_id"": ""img_46"", ""is_component"": false, ""is_defect"": true, ""height_estimate"": 169.113924050633, ""shape"": ""protrusion""}"
140,"[__Node__, Component, weld_seam]",Weld Seam,"{""local_id"": -1, ""class"": ""weld_seam"", ""bbox"": [453.9088607594937, 599.9831223628693, 1477.5088607594935, 983.9831223628693], ""confidence"": 0.85, ""image_id"": """", ""is_component"": true, ""is_defect"": false, ""aspect_ratio"": 2.6656249999999995, ""position"": ""edge""}"
141,"[__Node__, Component, weld_surface]",Weld Surface,"{""local_id"": -2, ""class"": ""weld_surface"", ""bbox"": [492.30886075949365, 638.3831223628692, 1439.1088607594934, 945.5831223628693], ""confidence"": 0.8, ""image_id"": """", ""is_component"": true, ""is_defect"": false, ""aspect_ratio"": 3.0820312499999987, ""position"": ""edge""}"
142,"[__Node__, Defect, pit_depression]",Pit Depression,"{""local_id"": 1, ""class"": ""pit_depression"", ""bbox"": [1250.0, 801.5151515151515, 1371.2121212121212, 896.9696969696969], ""confidence"": 0.95, ""image_id"": ""img_47"", ""is_component"": false, ""is_defect"": true, ""depth_estimate"": 28.636363636363615, ""shape_regularity"": ""irregular""}"
143,"[__Node__, Defect, overlap_bump]",Overlap Bump,"{""local_id"": 2, ""class"": ""overlap_bump"", ""bbox"": [1499.3865030674845, 875.4601226993865, 1668.0981595092023, 1048.4662576687115], ""confidence"": 0.95, ""image_id"": ""img_47"", ""is_component"": false, ""is_defect"": true, ""height_estimate"": 134.9693251533743, ""shape"": ""protrusion""}"
144,"[__Node__, Defect, overlap_bump]",Overlap Bump,"{""local_id"": 3, ""class"": ""overlap_bump"", ""bbox"": [1677.3006134969323, 833.7423312883435, 1893.251533742331, 1073.006134969325], ""confidence"": 0.95, ""image_id"": ""img_47"", ""is_component"": false, ""is_defect"": true, ""height_estimate"": 172.760736196319, ""shape"": ""protrusion""}"
145,"[__Node__, Component, weld_seam]",Weld Seam,"{""local_id"": -1, ""class"": ""weld_seam"", ""bbox"": [359.8748218380117, 584.0266158517692, 2759.8748218380115, 1259.0266158517693], ""confidence"": 0.85, ""image_id"": """", ""is_component"": true, ""is_defect"": false, ""aspect_ratio"": 3.555555555555555, ""position"": ""center""}"
146,"[__Node__, Component, weld_surface]",Weld Surface,"{""local_id"": -2, ""class"": ""weld_surface"", ""bbox"": [427.3748218380117, 651.5266158517692, 2692.3748218380115, 1191.5266158517693], ""confidence"": 0.8, ""image_id"": """", ""is_component"": true, ""is_defect"": false, ""aspect_ratio"": 4.194444444444444, ""position"": ""center""}"
147,"[__Node__, Defect, overlap_bump]",Overlap Bump,"{""local_id"": 1, ""class"": ""overlap_bump"", ""bbox"": [688.5245901639345, 422.1311475409836, 844.2622950819672, 576.2295081967213], ""confidence"": 0.95, ""image_id"": ""img_48"", ""is_component"": false, ""is_defect"": true, ""height_estimate"": 123.2786885245902, ""shape"": ""protrusion""}"
148,"[__Node__, Defect, spatter_cluster]",Spatter Cluster,"{""local_id"": 2, ""class"": ""spatter_cluster"", ""bbox"": [147.97297297297297, 535.8108108108108, 242.56756756756758, 677.7027027027027], ""confidence"": 0.95, ""image_id"": ""img_48"", ""is_component"": false, ""is_defect"": true, ""num_spatters"": 167, ""density"": ""high""}"
149,"[__Node__, Component, weld_seam]",Weld Seam,"{""local_id"": -1, ""class"": ""weld_seam"", ""bbox"": [98.03185644661056, 297.6685423128047, 863.6318564466105, 808.2685423128046], ""confidence"": 0.85, ""image_id"": """", ""is_component"": true, ""is_defect"": false, ""aspect_ratio"": 1.4994124559341953, ""position"": ""center""}"
150,"[__Node__, Component, weld_surface]",Weld Surface,"{""local_id"": -2, ""class"": ""weld_surface"", ""bbox"": [149.09185644661056, 348.7285423128047, 812.5718564466106, 757.2085423128046], ""confidence"": 0.8, ""image_id"": """", ""is_component"": true, ""is_defect"": false, ""aspect_ratio"": 1.624265569917744, ""position"": ""edge""}"
151,"[__Node__, Defect, overlap_bump]",Overlap Bump,"{""local_id"": 1, ""class"": ""overlap_bump"", ""bbox"": [533.0935251798561, 882.0143884892085, 644.6043165467626, 984.1726618705035], ""confidence"": 0.95, ""image_id"": ""img_49"", ""is_component"": false, ""is_defect"": true, ""height_estimate"": 81.72661870503599, ""shape"": ""protrusion""}"
152,"[__Node__, Defect, overlap_bump]",Overlap Bump,"{""local_id"": 2, ""class"": ""overlap_bump"", ""bbox"": [513.6690647482014, 1028.776978417266, 618.705035971223, 1138.8489208633093], ""confidence"": 0.95, ""image_id"": ""img_49"", ""is_component"": false, ""is_defect"": true, ""height_estimate"": 84.02877697841723, ""shape"": ""protrusion""}"
153,"[__Node__, Component, weld_seam]",Weld Seam,"{""local_id"": -1, ""class"": ""weld_seam"", ""bbox"": [193.51798561151077, 752.5532374100718, 961.5179856115108, 1264.3532374100719], ""confidence"": 0.85, ""image_id"": """", ""is_component"": true, ""is_defect"": false, ""aspect_ratio"": 1.5005861664712776, ""position"": ""edge""}"
154,"[__Node__, Component, weld_surface]",Weld Surface,"{""local_id"": -2, ""class"": ""weld_surface"", ""bbox"": [244.69798561151077, 803.7332374100718, 910.3379856115108, 1213.1732374100718], ""confidence"": 0.8, ""image_id"": """", ""is_component"": true, ""is_defect"": false, ""aspect_ratio"": 1.6257327080890973, ""position"": ""edge""}"
155,"[__Node__, Defect, overlap_bump]",Overlap Bump,"{""local_id"": 1, ""class"": ""overlap_bump"", ""bbox"": [677.9527559055118, 666.9291338582677, 805.511811023622, 784.251968503937], ""confidence"": 0.95, ""image_id"": ""img_50"", ""is_component"": false, ""is_defect"": true, ""height_estimate"": 93.85826771653538, ""shape"": ""protrusion""}"
156,"[__Node__, Defect, other]",Other,"{""local_id"": 2, ""class"": ""other"", ""bbox"": [257.6271186440678, 397.8813559322034, 402.54237288135596, 548.728813559322], ""confidence"": 0.95, ""image_id"": ""img_50"", ""is_component"": false, ""is_defect"": false}"
157,"[__Node__, Component, weld_seam]",Weld Seam,"{""local_id"": -1, ""class"": ""weld_seam"", ""bbox"": [357.732283464567, 469.69055118110236, 1125.732283464567, 981.4905511811023], ""confidence"": 0.85, ""image_id"": """", ""is_component"": true, ""is_defect"": false, ""aspect_ratio"": 1.500586166471278, ""position"": ""edge""}"
158,"[__Node__, Component, weld_surface]",Weld Surface,"{""local_id"": -2, ""class"": ""weld_surface"", ""bbox"": [408.912283464567, 520.8705511811023, 1074.552283464567, 930.3105511811024], ""confidence"": 0.8, ""image_id"": """", ""is_component"": true, ""is_defect"": false, ""aspect_ratio"": 1.6257327080890969, ""position"": ""edge""}"
159,"[__Node__, Defect, overlap_bump]",Overlap Bump,"{""local_id"": 1, ""class"": ""overlap_bump"", ""bbox"": [566.3584905660377, 877.8301886792452, 689.9433962264151, 996.6981132075471], ""confidence"": 0.95, ""image_id"": ""img_51"", ""is_component"": false, ""is_defect"": true, ""height_estimate"": 95.09433962264148, ""shape"": ""protrusion""}"
160,"[__Node__, Defect, overlap_bump]",Overlap Bump,"{""local_id"": 2, ""class"": ""overlap_bump"", ""bbox"": [511.16981132075466, 304.71698113207543, 711.1698113207547, 471.6981132075471], ""confidence"": 0.95, ""image_id"": ""img_51"", ""is_component"": false, ""is_defect"": true, ""height_estimate"": 133.58490566037736, ""shape"": ""protrusion""}"
161,"[__Node__, Component, weld_seam]",Weld Seam,"{""local_id"": -1, ""class"": ""weld_seam"", ""bbox"": [235.66037735849056, 406.8358490566037, 1003.6603773584906, 918.6358490566037], ""confidence"": 0.85, ""image_id"": """", ""is_component"": true, ""is_defect"": false, ""aspect_ratio"": 1.500586166471278, ""position"": ""edge""}"
162,"[__Node__, Component, weld_surface]",Weld Surface,"{""local_id"": -2, ""class"": ""weld_surface"", ""bbox"": [286.84037735849057, 458.0158490566037, 952.4803773584906, 867.4558490566037], ""confidence"": 0.8, ""image_id"": """", ""is_component"": true, ""is_defect"": false, ""aspect_ratio"": 1.6257327080890975, ""position"": ""edge""}"
163,"[__Node__, Defect, overlap_bump]",Overlap Bump,"{""local_id"": 1, ""class"": ""overlap_bump"", ""bbox"": [852.5862068965517, 821.551724137931, 976.7241379310345, 950.0000000000001], ""confidence"": 0.95, ""image_id"": ""img_52"", ""is_component"": false, ""is_defect"": true, ""height_estimate"": 99.31034482758623, ""shape"": ""protrusion""}"
164,"[__Node__, Defect, overlap_bump]",Overlap Bump,"{""local_id"": 1, ""class"": ""overlap_bump"", ""bbox"": [291.0377358490566, 767.4528301886792, 346.6981132075472, 821.2264150943396], ""confidence"": 0.95, ""image_id"": ""img_53"", ""is_component"": false, ""is_defect"": true, ""height_estimate"": 43.01886792452834, ""shape"": ""protrusion""}"
165,"[__Node__, Defect, overlap_bump]",Overlap Bump,"{""local_id"": 2, ""class"": ""overlap_bump"", ""bbox"": [426.4150943396226, 750.9433962264151, 496.6981132075471, 812.7358490566037], ""confidence"": 0.95, ""image_id"": ""img_53"", ""is_component"": false, ""is_defect"": true, ""height_estimate"": 49.43396226415089, ""shape"": ""protrusion""}"
166,"[__Node__, Defect, overlap_bump]",Overlap Bump,"{""local_id"": 3, ""class"": ""overlap_bump"", ""bbox"": [23.577235772357724, 786.178861788618, 70.73170731707317, 832.520325203252], ""confidence"": 0.95, ""image_id"": ""img_53"", ""is_component"": false, ""is_defect"": true, ""height_estimate"": 37.07317073170725, ""shape"": ""protrusion""}"
167,"[__Node__, Defect, overlap_bump]",Overlap Bump,"{""local_id"": 4, ""class"": ""overlap_bump"", ""bbox"": [867.5544794188862, 703.63196125908, 974.3341404358354, 784.9878934624697], ""confidence"": 0.95, ""image_id"": ""img_53"", ""is_component"": false, ""is_defect"": true, ""height_estimate"": 65.08474576271183, ""shape"": ""protrusion""}"
168,"[__Node__, Defect, overlap_bump]",Overlap Bump,"{""local_id"": 5, ""class"": ""overlap_bump"", ""bbox"": [1338.8059701492537, 622.3880597014925, 1476.8656716417909, 735.820895522388], ""confidence"": 0.95, ""image_id"": ""img_53"", ""is_component"": false, ""is_defect"": true, ""height_estimate"": 90.74626865671644, ""shape"": ""protrusion""}"
169,"[__Node__, Component, weld_seam]",Weld Seam,"{""local_id"": -1, ""class"": ""weld_seam"", ""bbox"": [119.47182613389714, 569.7886487503338, 1143.071826133897, 953.7886487503338], ""confidence"": 0.85, ""image_id"": """", ""is_component"": true, ""is_defect"": false, ""aspect_ratio"": 2.665625, ""position"": ""center""}"
170,"[__Node__, Component, weld_surface]",Weld Surface,"{""local_id"": -2, ""class"": ""weld_surface"", ""bbox"": [157.87182613389714, 608.1886487503338, 1104.671826133897, 915.3886487503338], ""confidence"": 0.8, ""image_id"": """", ""is_component"": true, ""is_defect"": false, ""aspect_ratio"": 3.082031249999999, ""position"": ""center""}"
171,"[__Node__, Defect, overlap_bump]",Overlap Bump,"{""local_id"": 1, ""class"": ""overlap_bump"", ""bbox"": [104.18006430868166, 1086.4951768488747, 171.70418006430867, 1163.0225080385853], ""confidence"": 0.95, ""image_id"": ""img_54"", ""is_component"": false, ""is_defect"": true, ""height_estimate"": 54.01929260450161, ""shape"": ""protrusion""}"
172,"[__Node__, Defect, overlap_bump]",Overlap Bump,"{""local_id"": 2, ""class"": ""overlap_bump"", ""bbox"": [689.4308943089432, 884.5528455284554, 813.0081300813008, 1000.0], ""confidence"": 0.95, ""image_id"": ""img_54"", ""is_component"": false, ""is_defect"": true, ""height_estimate"": 92.35772357723573, ""shape"": ""protrusion""}"
173,"[__Node__, Defect, overlap_bump]",Overlap Bump,"{""local_id"": 3, ""class"": ""overlap_bump"", ""bbox"": [465.2542372881356, 1013.5593220338983, 537.5706214689266, 1065.819209039548], ""confidence"": 0.95, ""image_id"": ""img_54"", ""is_component"": false, ""is_defect"": true, ""height_estimate"": 41.80790960451978, ""shape"": ""protrusion""}"
174,"[__Node__, Defect, overlap_bump]",Overlap Bump,"{""local_id"": 4, ""class"": ""overlap_bump"", ""bbox"": [624.9190938511327, 976.0517799352751, 672.8155339805826, 1029.7734627831717], ""confidence"": 0.95, ""image_id"": ""img_54"", ""is_component"": false, ""is_defect"": true, ""height_estimate"": 38.31715210355988, ""shape"": ""protrusion""}"
175,"[__Node__, Component, weld_seam]",Weld Seam,"{""local_id"": -1, ""class"": ""weld_seam"", ""bbox"": [127.06034441900152, 772.109288025976, 892.6603444190016, 1282.7092880259759], ""confidence"": 0.85, ""image_id"": """", ""is_component"": true, ""is_defect"": false, ""aspect_ratio"": 1.4994124559341957, ""position"": ""center""}"
176,"[__Node__, Component, weld_surface]",Weld Surface,"{""local_id"": -2, ""class"": ""weld_surface"", ""bbox"": [178.12034441900153, 823.1692880259759, 841.6003444190017, 1231.649288025976], ""confidence"": 0.8, ""image_id"": """", ""is_component"": true, ""is_defect"": false, ""aspect_ratio"": 1.6242655699177442, ""position"": ""edge""}"
177,"[__Node__, Defect, overlap_bump]",Overlap Bump,"{""local_id"": 1, ""class"": ""overlap_bump"", ""bbox"": [796.6842105263157, 495.9473684210526, 953.2631578947369, 648.578947368421], ""confidence"": 0.95, ""image_id"": ""img_55"", ""is_component"": false, ""is_defect"": true, ""height_estimate"": 122.10526315789475, ""shape"": ""protrusion""}"
178,"[__Node__, Defect, pit_depression]",Pit Depression,"{""local_id"": 1, ""class"": ""pit_depression"", ""bbox"": [1419.5238095238096, 455.1428571428572, 1793.3333333333335, 848.0], ""confidence"": 0.95, ""image_id"": ""img_56"", ""is_component"": false, ""is_defect"": true, ""depth_estimate"": 112.14285714285715, ""shape_regularity"": ""irregular""}"
179,"[__Node__, Defect, overlap_bump]",Overlap Bump,"{""local_id"": 1, ""class"": ""overlap_bump"", ""bbox"": [1132.7272727272727, 798.1818181818181, 1458.181818181818, 1116.3636363636363], ""confidence"": 0.95, ""image_id"": ""img_57"", ""is_component"": false, ""is_defect"": true, ""height_estimate"": 254.5454545454545, ""shape"": ""protrusion""}"
180,"[__Node__, Defect, overlap_bump]",Overlap Bump,"{""local_id"": 2, ""class"": ""overlap_bump"", ""bbox"": [1334.6153846153845, 2503.846153846154, 1634.6153846153845, 2794.230769230769], ""confidence"": 0.95, ""image_id"": ""img_57"", ""is_component"": false, ""is_defect"": true, ""height_estimate"": 232.3076923076922, ""shape"": ""protrusion""}"
181,"[__Node__, Defect, overlap_bump]",Overlap Bump,"{""local_id"": 3, ""class"": ""overlap_bump"", ""bbox"": [1529.121951219512, 3770.731707317073, 1760.8292682926826, 3999.9999999999995], ""confidence"": 0.95, ""image_id"": ""img_57"", ""is_component"": false, ""is_defect"": true, ""height_estimate"": 183.41463414634129, ""shape"": ""protrusion""}"
182,"[__Node__, Component, weld_seam]",Weld Seam,"{""local_id"": -1, ""class"": ""weld_seam"", ""bbox"": [567.8151799420092, 1892.425680823242, 2382.215179942009, 3102.0256808232416], ""confidence"": 0.85, ""image_id"": """", ""is_component"": true, ""is_defect"": false, ""aspect_ratio"": 1.5, ""position"": ""edge""}"
183,"[__Node__, Component, weld_surface]",Weld Surface,"{""local_id"": -2, ""class"": ""weld_surface"", ""bbox"": [688.7751799420092, 2013.385680823242, 2261.255179942009, 2981.0656808232416], ""confidence"": 0.8, ""image_id"": """", ""is_component"": true, ""is_defect"": false, ""aspect_ratio"": 1.6250000000000002, ""position"": ""edge""}"
184,"[__Node__, Defect, overlap_bump]",Overlap Bump,"{""local_id"": 1, ""class"": ""overlap_bump"", ""bbox"": [970.0434782608695, 1632.6086956521738, 1559.1739130434783, 2089.1304347826085], ""confidence"": 0.95, ""image_id"": ""img_58"", ""is_component"": false, ""is_defect"": true, ""height_estimate"": 365.2173913043478, ""shape"": ""protrusion""}"
185,"[__Node__, Defect, overlap_bump]",Overlap Bump,"{""local_id"": 1, ""class"": ""overlap_bump"", ""bbox"": [1270.1612903225807, 1750.8064516129032, 1408.8709677419356, 1892.741935483871], ""confidence"": 0.95, ""image_id"": ""img_59"", ""is_component"": false, ""is_defect"": true, ""height_estimate"": 110.9677419354839, ""shape"": ""protrusion""}"
186,"[__Node__, Defect, overlap_bump]",Overlap Bump,"{""local_id"": 2, ""class"": ""overlap_bump"", ""bbox"": [1290.3225806451612, 1904.8387096774193, 1405.6451612903227, 2015.3225806451612], ""confidence"": 0.95, ""image_id"": ""img_59"", ""is_component"": false, ""is_defect"": true, ""height_estimate"": 88.38709677419357, ""shape"": ""protrusion""}"
187,"[__Node__, Defect, overlap_bump]",Overlap Bump,"{""local_id"": 3, ""class"": ""overlap_bump"", ""bbox"": [1296.774193548387, 2492.741935483871, 1390.3225806451612, 2596.7741935483873], ""confidence"": 0.95, ""image_id"": ""img_59"", ""is_component"": false, ""is_defect"": true, ""height_estimate"": 74.83870967741932, ""shape"": ""protrusion""}"
188,"[__Node__, Defect, overlap_bump]",Overlap Bump,"{""local_id"": 4, ""class"": ""overlap_bump"", ""bbox"": [1306.4516129032259, 2320.1612903225805, 1418.5483870967741, 2473.3870967741937], ""confidence"": 0.95, ""image_id"": ""img_59"", ""is_component"": false, ""is_defect"": true, ""height_estimate"": 89.67741935483865, ""shape"": ""protrusion""}"
189,"[__Node__, Defect, overlap_bump]",Overlap Bump,"{""local_id"": 5, ""class"": ""overlap_bump"", ""bbox"": [1255.056179775281, 883.1460674157303, 1419.1011235955057, 1017.9775280898876], ""confidence"": 0.95, ""image_id"": ""img_59"", ""is_component"": false, ""is_defect"": true, ""height_estimate"": 107.86516853932591, ""shape"": ""protrusion""}"
190,"[__Node__, Component, weld_seam]",Weld Seam,"{""local_id"": -1, ""class"": ""weld_seam"", ""bbox"": [438.92540775643363, 1329.9897789054005, 2253.3254077564334, 2539.5897789054006], ""confidence"": 0.85, ""image_id"": """", ""is_component"": true, ""is_defect"": false, ""aspect_ratio"": 1.4999999999999996, ""position"": ""edge""}"
191,"[__Node__, Component, weld_surface]",Weld Surface,"{""local_id"": -2, ""class"": ""weld_surface"", ""bbox"": [559.8854077564337, 1450.9497789054005, 2132.3654077564333, 2418.6297789054006], ""confidence"": 0.8, ""image_id"": """", ""is_component"": true, ""is_defect"": false, ""aspect_ratio"": 1.6249999999999993, ""position"": ""edge""}"
192,"[__Node__, Defect, overlap_bump]",Overlap Bump,"{""local_id"": 1, ""class"": ""overlap_bump"", ""bbox"": [1742.0, 1384.0, 1944.0, 1592.0], ""confidence"": 0.95, ""image_id"": ""img_60"", ""is_component"": false, ""is_defect"": true, ""height_estimate"": 161.60000000000002, ""shape"": ""protrusion""}"
193,"[__Node__, Defect, overlap_bump]",Overlap Bump,"{""local_id"": 2, ""class"": ""overlap_bump"", ""bbox"": [1742.0, 1860.0, 1928.0, 2056.0], ""confidence"": 0.95, ""image_id"": ""img_60"", ""is_component"": false, ""is_defect"": true, ""height_estimate"": 148.8, ""shape"": ""protrusion""}"
194,"[__Node__, Defect, overlap_bump]",Overlap Bump,"{""local_id"": 3, ""class"": ""overlap_bump"", ""bbox"": [1748.0, 2238.0, 1904.0, 2386.0], ""confidence"": 0.95, ""image_id"": ""img_60"", ""is_component"": false, ""is_defect"": true, ""height_estimate"": 118.4, ""shape"": ""protrusion""}"
195,"[__Node__, Defect, overlap_bump]",Overlap Bump,"{""local_id"": 4, ""class"": ""overlap_bump"", ""bbox"": [1732.0, 1564.0, 1930.0, 1738.0], ""confidence"": 0.95, ""image_id"": ""img_60"", ""is_component"": false, ""is_defect"": true, ""height_estimate"": 139.20000000000002, ""shape"": ""protrusion""}"
196,"[__Node__, Component, weld_seam]",Weld Seam,"{""local_id"": -1, ""class"": ""weld_seam"", ""bbox"": [926.5500000000001, 1247.45, 2740.95, 2457.05], ""confidence"": 0.85, ""image_id"": """", ""is_component"": true, ""is_defect"": false, ""aspect_ratio"": 1.4999999999999996, ""position"": ""edge""}"
197,"[__Node__, Component, weld_surface]",Weld Surface,"{""local_id"": -2, ""class"": ""weld_surface"", ""bbox"": [1047.51, 1368.41, 2619.99, 2336.09], ""confidence"": 0.8, ""image_id"": """", ""is_component"": true, ""is_defect"": false, ""aspect_ratio"": 1.6249999999999998, ""position"": ""edge""}"
198,"[__Node__, Defect, overlap_bump]",Overlap Bump,"{""local_id"": 1, ""class"": ""overlap_bump"", ""bbox"": [816.9491525423729, 1239.8305084745764, 946.6101694915254, 1368.6440677966102], ""confidence"": 0.95, ""image_id"": ""img_61"", ""is_component"": false, ""is_defect"": true, ""height_estimate"": 103.05084745762707, ""shape"": ""protrusion""}"
199,"[__Node__, Defect, overlap_bump]",Overlap Bump,"{""local_id"": 2, ""class"": ""overlap_bump"", ""bbox"": [972.8813559322034, 1226.271186440678, 1075.4237288135594, 1358.4745762711866], ""confidence"": 0.95, ""image_id"": ""img_61"", ""is_component"": false, ""is_defect"": true, ""height_estimate"": 82.03389830508478, ""shape"": ""protrusion""}"
200,"[__Node__, Defect, overlap_bump]",Overlap Bump,"{""local_id"": 3, ""class"": ""overlap_bump"", ""bbox"": [1331.6397228637413, 1263.7413394919167, 1439.9538106235566, 1374.364896073903], ""confidence"": 0.95, ""image_id"": ""img_61"", ""is_component"": false, ""is_defect"": true, ""height_estimate"": 86.65127020785222, ""shape"": ""protrusion""}"
201,"[__Node__, Defect, overlap_bump]",Overlap Bump,"{""local_id"": 4, ""class"": ""overlap_bump"", ""bbox"": [1477.8290993071594, 1273.4411085450347, 1548.729792147806, 1341.108545034642], ""confidence"": 0.95, ""image_id"": ""img_61"", ""is_component"": false, ""is_defect"": true, ""height_estimate"": 54.133949191685865, ""shape"": ""protrusion""}"
202,"[__Node__, Defect, overlap_bump]",Overlap Bump,"{""local_id"": 5, ""class"": ""overlap_bump"", ""bbox"": [3687.2881355932204, 1316.949152542373, 3803.389830508475, 1426.271186440678], ""confidence"": 0.95, ""image_id"": ""img_61"", ""is_component"": false, ""is_defect"": true, ""height_estimate"": 87.4576271186441, ""shape"": ""protrusion""}"
203,"[__Node__, Defect, overlap_bump]",Overlap Bump,"{""local_id"": 6, ""class"": ""overlap_bump"", ""bbox"": [3408.474576271187, 1208.4745762711866, 3502.542372881356, 1306.7796610169491], ""confidence"": 0.95, ""image_id"": ""img_61"", ""is_component"": false, ""is_defect"": true, ""height_estimate"": 75.25423728813549, ""shape"": ""protrusion""}"
204,"[__Node__, Defect, overlap_bump]",Overlap Bump,"{""local_id"": 7, ""class"": ""overlap_bump"", ""bbox"": [3497.4576271186443, 1217.7966101694915, 3592.3728813559323, 1315.2542372881358], ""confidence"": 0.95, ""image_id"": ""img_61"", ""is_component"": false, ""is_defect"": true, ""height_estimate"": 75.93220338983046, ""shape"": ""protrusion""}"
205,"[__Node__, Defect, overlap_bump]",Overlap Bump,"{""local_id"": 8, ""class"": ""overlap_bump"", ""bbox"": [3252.542372881356, 1208.4745762711866, 3394.06779661017, 1300.0], ""confidence"": 0.95, ""image_id"": ""img_61"", ""is_component"": false, ""is_defect"": true, ""height_estimate"": 73.22033898305072, ""shape"": ""protrusion""}"
206,"[__Node__, Defect, overlap_bump]",Overlap Bump,"{""local_id"": 9, ""class"": ""overlap_bump"", ""bbox"": [2991.5254237288136, 1235.5932203389832, 3073.728813559322, 1312.7118644067798], ""confidence"": 0.95, ""image_id"": ""img_61"", ""is_component"": false, ""is_defect"": true, ""height_estimate"": 61.69491525423728, ""shape"": ""protrusion""}"
207,"[__Node__, Component, weld_seam]",Weld Seam,"{""local_id"": -1, ""class"": ""weld_seam"", ""bbox"": [1224.4781479016892, 840.5211840485729, 3643.678147901689, 1747.7211840485727], ""confidence"": 0.85, ""image_id"": """", ""is_component"": true, ""is_defect"": false, ""aspect_ratio"": 2.666666666666667, ""position"": ""edge""}"
208,"[__Node__, Component, weld_surface]",Weld Surface,"{""local_id"": -2, ""class"": ""weld_surface"", ""bbox"": [1315.1981479016893, 931.2411840485729, 3552.9581479016892, 1657.0011840485727], ""confidence"": 0.8, ""image_id"": """", ""is_component"": true, ""is_defect"": false, ""aspect_ratio"": 3.083333333333335, ""position"": ""edge""}"
209,"[__Node__, Defect, overlap_bump]",Overlap Bump,"{""local_id"": 1, ""class"": ""overlap_bump"", ""bbox"": [544.4444444444445, 442.59259259259255, 619.4444444444445, 515.7407407407408], ""confidence"": 0.95, ""image_id"": ""img_62"", ""is_component"": false, ""is_defect"": true, ""height_estimate"": 58.51851851851857, ""shape"": ""protrusion""}"
210,"[__Node__, Defect, overlap_bump]",Overlap Bump,"{""local_id"": 2, ""class"": ""overlap_bump"", ""bbox"": [889.8148148148148, 501.8518518518518, 958.3333333333333, 586.1111111111111], ""confidence"": 0.95, ""image_id"": ""img_62"", ""is_component"": false, ""is_defect"": true, ""height_estimate"": 54.81481481481478, ""shape"": ""protrusion""}"
211,"[__Node__, Defect, overlap_bump]",Overlap Bump,"{""local_id"": 3, ""class"": ""overlap_bump"", ""bbox"": [1001.8518518518517, 795.3703703703703, 1062.9629629629628, 850.0], ""confidence"": 0.95, ""image_id"": ""img_62"", ""is_component"": false, ""is_defect"": true, ""height_estimate"": 43.703703703703745, ""shape"": ""protrusion""}"
212,"[__Node__, Defect, overlap_bump]",Overlap Bump,"{""local_id"": 4, ""class"": ""overlap_bump"", ""bbox"": [1016.6666666666666, 866.6666666666666, 1085.1851851851852, 931.4814814814814], ""confidence"": 0.95, ""image_id"": ""img_62"", ""is_component"": false, ""is_defect"": true, ""height_estimate"": 51.851851851851826, ""shape"": ""protrusion""}"
213,"[__Node__, Defect, overlap_bump]",Overlap Bump,"{""local_id"": 5, ""class"": ""overlap_bump"", ""bbox"": [1153.7037037037037, 542.5925925925926, 1214.8148148148148, 609.2592592592592], ""confidence"": 0.95, ""image_id"": ""img_62"", ""is_component"": false, ""is_defect"": true, ""height_estimate"": 48.88888888888887, ""shape"": ""protrusion""}"
214,"[__Node__, Defect, overlap_bump]",Overlap Bump,"{""local_id"": 6, ""class"": ""overlap_bump"", ""bbox"": [802.7777777777777, 515.7407407407408, 866.6666666666666, 577.7777777777777], ""confidence"": 0.95, ""image_id"": ""img_62"", ""is_component"": false, ""is_defect"": true, ""height_estimate"": 49.62962962962956, ""shape"": ""protrusion""}"
215,"[__Node__, Defect, overlap_bump]",Overlap Bump,"{""local_id"": 7, ""class"": ""overlap_bump"", ""bbox"": [740.7407407407406, 834.2592592592592, 815.7407407407406, 912.9629629629629], ""confidence"": 0.95, ""image_id"": ""img_62"", ""is_component"": false, ""is_defect"": true, ""height_estimate"": 60.0, ""shape"": ""protrusion""}"
216,"[__Node__, Defect, overlap_bump]",Overlap Bump,"{""local_id"": 8, ""class"": ""overlap_bump"", ""bbox"": [1329.6296296296296, 821.2962962962962, 1416.6666666666665, 884.2592592592592], ""confidence"": 0.95, ""image_id"": ""img_62"", ""is_component"": false, ""is_defect"": true, ""height_estimate"": 50.37037037037044, ""shape"": ""protrusion""}"
217,"[__Node__, Defect, overlap_bump]",Overlap Bump,"{""local_id"": 9, ""class"": ""overlap_bump"", ""bbox"": [1537.037037037037, 482.4074074074074, 1586.111111111111, 542.5925925925926], ""confidence"": 0.95, ""image_id"": ""img_62"", ""is_component"": false, ""is_defect"": true, ""height_estimate"": 39.25925925925931, ""shape"": ""protrusion""}"
218,"[__Node__, Defect, overlap_bump]",Overlap Bump,"{""local_id"": 10, ""class"": ""overlap_bump"", ""bbox"": [1778.1879194630872, 599.3288590604027, 1809.3959731543625, 634.8993288590605], ""confidence"": 0.95, ""image_id"": ""img_62"", ""is_component"": false, ""is_defect"": true, ""height_estimate"": 24.966442953020305, ""shape"": ""protrusion""}"
219,"[__Node__, Component, weld_seam]",Weld Seam,"{""local_id"": -1, ""class"": ""weld_seam"", ""bbox"": [428.70882426050207, 480.35955754412123, 1794.308824260502, 864.3595575441212], ""confidence"": 0.85, ""image_id"": """", ""is_component"": true, ""is_defect"": false, ""aspect_ratio"": 3.55625, ""position"": ""edge""}"
220,"[__Node__, Component, weld_surface]",Weld Surface,"{""local_id"": -2, ""class"": ""weld_surface"", ""bbox"": [467.10882426050205, 518.7595575441212, 1755.908824260502, 825.9595575441213], ""confidence"": 0.8, ""image_id"": """", ""is_component"": true, ""is_defect"": false, ""aspect_ratio"": 4.195312499999998, ""position"": ""edge""}"
221,"[__Node__, Defect, overlap_bump]",Overlap Bump,"{""local_id"": 1, ""class"": ""overlap_bump"", ""bbox"": [1216.6666666666667, 1015.0, 1350.0, 1216.6666666666667], ""confidence"": 0.95, ""image_id"": ""img_63"", ""is_component"": false, ""is_defect"": true, ""height_estimate"": 106.66666666666661, ""shape"": ""protrusion""}"
222,"[__Node__, Defect, overlap_bump]",Overlap Bump,"{""local_id"": 2, ""class"": ""overlap_bump"", ""bbox"": [1160.0, 1348.3333333333335, 1330.0, 1498.3333333333335], ""confidence"": 0.95, ""image_id"": ""img_63"", ""is_component"": false, ""is_defect"": true, ""height_estimate"": 120.0, ""shape"": ""protrusion""}"
223,"[__Node__, Defect, overlap_bump]",Overlap Bump,"{""local_id"": 3, ""class"": ""overlap_bump"", ""bbox"": [1160.0, 1980.0, 1275.0, 2083.3333333333335], ""confidence"": 0.95, ""image_id"": ""img_63"", ""is_component"": false, ""is_defect"": true, ""height_estimate"": 82.6666666666668, ""shape"": ""protrusion""}"
224,"[__Node__, Defect, overlap_bump]",Overlap Bump,"{""local_id"": 4, ""class"": ""overlap_bump"", ""bbox"": [1215.0, 2571.666666666667, 1331.6666666666667, 2680.0], ""confidence"": 0.95, ""image_id"": ""img_63"", ""is_component"": false, ""is_defect"": true, ""height_estimate"": 86.66666666666643, ""shape"": ""protrusion""}"
225,"[__Node__, Component, weld_seam]",Weld Seam,"{""local_id"": -1, ""class"": ""weld_seam"", ""bbox"": [347.5916666666668, 1194.366666666667, 2161.991666666667, 2403.966666666667], ""confidence"": 0.85, ""image_id"": """", ""is_component"": true, ""is_defect"": false, ""aspect_ratio"": 1.5, ""position"": ""center""}"
226,"[__Node__, Component, weld_surface]",Weld Surface,"{""local_id"": -2, ""class"": ""weld_surface"", ""bbox"": [468.5516666666668, 1315.326666666667, 2041.0316666666668, 2283.006666666667], ""confidence"": 0.8, ""image_id"": """", ""is_component"": true, ""is_defect"": false, ""aspect_ratio"": 1.625, ""position"": ""edge""}"
227,"[__Node__, Defect, overlap_bump]",Overlap Bump,"{""local_id"": 1, ""class"": ""overlap_bump"", ""bbox"": [455.5094339622641, 625.4716981132075, 554.566037735849, 731.132075471698], ""confidence"": 0.95, ""image_id"": ""img_64"", ""is_component"": false, ""is_defect"": true, ""height_estimate"": 79.24528301886795, ""shape"": ""protrusion""}"
228,"[__Node__, Defect, overlap_bump]",Overlap Bump,"{""local_id"": 1, ""class"": ""overlap_bump"", ""bbox"": [725.3886010362695, 359.0673575129534, 802.5906735751296, 439.89637305699483], ""confidence"": 0.95, ""image_id"": ""img_65"", ""is_component"": false, ""is_defect"": true, ""height_estimate"": 61.76165803108807, ""shape"": ""protrusion""}"
229,"[__Node__, Defect, overlap_bump]",Overlap Bump,"{""local_id"": 2, ""class"": ""overlap_bump"", ""bbox"": [633.8129496402877, 378.4172661870503, 720.1438848920862, 458.99280575539564], ""confidence"": 0.95, ""image_id"": ""img_65"", ""is_component"": false, ""is_defect"": true, ""height_estimate"": 64.46043165467627, ""shape"": ""protrusion""}"
230,"[__Node__, Component, weld_seam]",Weld Seam,"{""local_id"": -1, ""class"": ""weld_seam"", ""bbox"": [208.68402728594333, 217.09345062809854, 1232.2840272859432, 601.0934506280985], ""confidence"": 0.85, ""image_id"": """", ""is_component"": true, ""is_defect"": false, ""aspect_ratio"": 2.6656250000000004, ""position"": ""edge""}"
231,"[__Node__, Component, weld_surface]",Weld Surface,"{""local_id"": -2, ""class"": ""weld_surface"", ""bbox"": [247.08402728594334, 255.49345062809854, 1193.8840272859431, 562.6934506280985], ""confidence"": 0.8, ""image_id"": """", ""is_component"": true, ""is_defect"": false, ""aspect_ratio"": 3.08203125, ""position"": ""edge""}"
232,"[__Node__, Defect, overlap_bump]",Overlap Bump,"{""local_id"": 1, ""class"": ""overlap_bump"", ""bbox"": [810.8808290155441, 443.00518134715026, 911.9170984455959, 547.6683937823834], ""confidence"": 0.95, ""image_id"": ""img_66"", ""is_component"": false, ""is_defect"": true, ""height_estimate"": 80.82901554404144, ""shape"": ""protrusion""}"
233,"[__Node__, Defect, porosity_region]",Porosity Region,"{""local_id"": 2, ""class"": ""porosity_region"", ""bbox"": [926.9430051813472, 401.55440414507774, 982.0422535211268, 450.3521126760564], ""confidence"": 0.95, ""image_id"": ""img_66"", ""is_component"": false, ""is_defect"": true, ""num_pores"": 10, ""density"": ""very_high""}"
234,"[__Node__, Defect, porosity_region]",Porosity Region,"{""local_id"": 3, ""class"": ""porosity_region"", ""bbox"": [1037.378640776699, 487.8640776699029, 1086.4077669902913, 525.7281553398058], ""confidence"": 0.95, ""image_id"": ""img_66"", ""is_component"": false, ""is_defect"": true, ""num_pores"": 7, ""density"": ""very_high""}"
235,"[__Node__, Defect, porosity_region]",Porosity Region,"{""local_id"": 4, ""class"": ""porosity_region"", ""bbox"": [989.0845070422536, 412.32394366197184, 1046.830985915493, 454.5774647887324], ""confidence"": 0.95, ""image_id"": ""img_66"", ""is_component"": false, ""is_defect"": true, ""num_pores"": 9, ""density"": ""very_high""}"
236,"[__Node__, Defect, spatter_cluster]",Spatter Cluster,"{""local_id"": 5, ""class"": ""spatter_cluster"", ""bbox"": [1118.3266932270915, 525.0996015936255, 1235.8565737051792, 581.6733067729083], ""confidence"": 0.95, ""image_id"": ""img_66"", ""is_component"": false, ""is_defect"": true, ""num_spatters"": 83, ""density"": ""high""}"
237,"[__Node__, Defect, spatter_cluster]",Spatter Cluster,"{""local_id"": 6, ""class"": ""spatter_cluster"", ""bbox"": [934.6456692913385, 572.4409448818898, 995.5380577427821, 643.3070866141733], ""confidence"": 0.95, ""image_id"": ""img_66"", ""is_component"": false, ""is_defect"": true, ""num_spatters"": 53, ""density"": ""high""}"
238,"[__Node__, Defect, porosity_region]",Porosity Region,"{""local_id"": 7, ""class"": ""porosity_region"", ""bbox"": [1056.1818181818182, 432.1818181818182, 1098.1818181818182, 468.54545454545456], ""confidence"": 0.95, ""image_id"": ""img_66"", ""is_component"": false, ""is_defect"": true, ""num_pores"": 6, ""density"": ""very_high""}"
239,"[__Node__, Component, weld_seam]",Weld Seam,"{""local_id"": -1, ""class"": ""weld_seam"", ""bbox"": [504.64397980131275, 304.1658532857822, 1528.2439798013127, 688.1658532857822], ""confidence"": 0.85, ""image_id"": """", ""is_component"": true, ""is_defect"": false, ""aspect_ratio"": 2.665625, ""position"": ""edge""}"
240,"[__Node__, Component, weld_surface]",Weld Surface,"{""local_id"": -2, ""class"": ""weld_surface"", ""bbox"": [543.0439798013127, 342.56585328578217, 1489.8439798013126, 649.7658532857822], ""confidence"": 0.8, ""image_id"": """", ""is_component"": true, ""is_defect"": false, ""aspect_ratio"": 3.082031249999999, ""position"": ""edge""}"
241,"[__Node__, Defect, crack_line]",Crack Line,"{""local_id"": 1, ""class"": ""crack_line"", ""bbox"": [355.77922077922074, 557.4415584415584, 551.8831168831168, 626.2727272727273], ""confidence"": 0.95, ""image_id"": ""img_67"", ""is_component"": false, ""is_defect"": true, ""length"": 196.1038961038961, ""orientation"": ""horizontal"", ""type"": ""longitudinal""}"
242,"[__Node__, Defect, crack_line]",Crack Line,"{""local_id"": 2, ""class"": ""crack_line"", ""bbox"": [555.7792207792207, 524.974025974026, 832.4025974025974, 626.2727272727273], ""confidence"": 0.95, ""image_id"": ""img_67"", ""is_component"": false, ""is_defect"": true, ""length"": 276.62337662337666, ""orientation"": ""horizontal"", ""type"": ""longitudinal""}"
243,"[__Node__, Defect, crack_line]",Crack Line,"{""local_id"": 3, ""class"": ""crack_line"", ""bbox"": [850.5844155844155, 575.6233766233767, 1162.2727272727273, 782.1168831168831], ""confidence"": 0.95, ""image_id"": ""img_67"", ""is_component"": false, ""is_defect"": true, ""length"": 311.6883116883117, ""orientation"": ""horizontal"", ""type"": ""longitudinal""}"
244,"[__Node__, Component, weld_seam]",Weld Seam,"{""local_id"": -1, ""class"": ""weld_seam"", ""bbox"": [207.5168831168831, 424.05021645021645, 1228.716883116883, 806.8502164502164], ""confidence"": 0.85, ""image_id"": """", ""is_component"": true, ""is_defect"": false, ""aspect_ratio"": 2.6677115987460818, ""position"": ""edge""}"
245,"[__Node__, Component, weld_surface]",Weld Surface,"{""local_id"": -2, ""class"": ""weld_surface"", ""bbox"": [245.7968831168831, 462.3302164502164, 1190.436883116883, 768.5702164502164], ""confidence"": 0.8, ""image_id"": """", ""is_component"": true, ""is_defect"": false, ""aspect_ratio"": 3.0846394984326015, ""position"": ""edge""}"
246,"[__Node__, Defect, crack_line]",Crack Line,"{""local_id"": 1, ""class"": ""crack_line"", ""bbox"": [1218.987341772152, 934.1772151898733, 1369.620253164557, 1262.0253164556962], ""confidence"": 0.95, ""image_id"": ""img_68"", ""is_component"": false, ""is_defect"": true, ""length"": 327.84810126582283, ""orientation"": ""vertical"", ""type"": ""transverse""}"
247,"[__Node__, Defect, crack_line]",Crack Line,"{""local_id"": 2, ""class"": ""crack_line"", ""bbox"": [1254.4303797468353, 1889.873417721519, 1370.886075949367, 2265.8227848101264], ""confidence"": 0.95, ""image_id"": ""img_68"", ""is_component"": false, ""is_defect"": true, ""length"": 375.94936708860746, ""orientation"": ""vertical"", ""type"": ""transverse""}"
248,"[__Node__, Defect, crack_line]",Crack Line,"{""local_id"": 3, ""class"": ""crack_line"", ""bbox"": [1267.0886075949368, 2762.025316455696, 1386.0759493670885, 3329.1139240506327], ""confidence"": 0.95, ""image_id"": ""img_68"", ""is_component"": false, ""is_defect"": true, ""length"": 567.0886075949365, ""orientation"": ""vertical"", ""type"": ""transverse""}"
249,"[__Node__, Component, weld_seam]",Weld Seam,"{""local_id"": -1, ""class"": ""weld_seam"", ""bbox"": [403.98143459915616, 1469.0396624472571, 2218.381434599156, 2678.6396624472573], ""confidence"": 0.85, ""image_id"": """", ""is_component"": true, ""is_defect"": false, ""aspect_ratio"": 1.4999999999999996, ""position"": ""edge""}"
250,"[__Node__, Component, weld_surface]",Weld Surface,"{""local_id"": -2, ""class"": ""weld_surface"", ""bbox"": [524.9414345991562, 1589.9996624472572, 2097.421434599156, 2557.679662447257], ""confidence"": 0.8, ""image_id"": """", ""is_component"": true, ""is_defect"": false, ""aspect_ratio"": 1.6249999999999993, ""position"": ""edge""}"
251,"[__Node__, Defect, undercut_groove]",Undercut Groove,"{""local_id"": 1, ""class"": ""undercut_groove"", ""bbox"": [1343.3333333333335, 1888.3333333333335, 1493.3333333333335, 2475.0], ""confidence"": 0.95, ""image_id"": ""img_69"", ""is_component"": false, ""is_defect"": true, ""depth_estimate"": 75.0, ""location"": ""edge""}"
252,"[__Node__, Defect, undercut_groove]",Undercut Groove,"{""local_id"": 2, ""class"": ""undercut_groove"", ""bbox"": [1280.0, 2843.3333333333335, 1353.3333333333335, 2953.3333333333335], ""confidence"": 0.95, ""image_id"": ""img_69"", ""is_component"": false, ""is_defect"": true, ""depth_estimate"": 36.66666666666674, ""location"": ""edge""}"
253,"[__Node__, Defect, undercut_groove]",Undercut Groove,"{""local_id"": 3, ""class"": ""undercut_groove"", ""bbox"": [1265.0, 3115.0, 1353.3333333333335, 3246.666666666667], ""confidence"": 0.95, ""image_id"": ""img_69"", ""is_component"": false, ""is_defect"": true, ""depth_estimate"": 44.16666666666674, ""location"": ""edge""}"
254,"[__Node__, Defect, undercut_groove]",Undercut Groove,"{""local_id"": 4, ""class"": ""undercut_groove"", ""bbox"": [1238.3333333333335, 3608.3333333333335, 1315.0, 3756.666666666667], ""confidence"": 0.95, ""image_id"": ""img_69"", ""is_component"": false, ""is_defect"": true, ""depth_estimate"": 38.33333333333326, ""location"": ""edge""}"
255,"[__Node__, Component, weld_seam]",Weld Seam,"{""local_id"": -1, ""class"": ""weld_seam"", ""bbox"": [425.40833333333353, 2381.0333333333338, 2235.008333333333, 3590.633333333333], ""confidence"": 0.85, ""image_id"": """", ""is_component"": true, ""is_defect"": false, ""aspect_ratio"": 1.4960317460317465, ""position"": ""edge""}"
256,"[__Node__, Component, weld_surface]",Weld Surface,"{""local_id"": -2, ""class"": ""weld_surface"", ""bbox"": [546.3683333333336, 2501.993333333334, 2114.048333333333, 3469.673333333333], ""confidence"": 0.8, ""image_id"": """", ""is_component"": true, ""is_defect"": false, ""aspect_ratio"": 1.6200396825396832, ""position"": ""edge""}"
257,"[__Node__, Defect, crack_line]",Crack Line,"{""local_id"": 1, ""class"": ""crack_line"", ""bbox"": [1493.9393939393938, 1671.2121212121212, 1601.5151515151515, 1971.212121212121], ""confidence"": 0.95, ""image_id"": ""img_70"", ""is_component"": false, ""is_defect"": true, ""length"": 299.9999999999998, ""orientation"": ""vertical"", ""type"": ""transverse""}"
258,"[__Node__, Defect, crack_line]",Crack Line,"{""local_id"": 2, ""class"": ""crack_line"", ""bbox"": [1491.9463087248323, 2322.818791946309, 1612.751677852349, 2655.7046979865772], ""confidence"": 0.95, ""image_id"": ""img_70"", ""is_component"": false, ""is_defect"": true, ""length"": 332.8859060402683, ""orientation"": ""vertical"", ""type"": ""transverse""}"
259,"[__Node__, Component, weld_seam]",Weld Seam,"{""local_id"": -1, ""class"": ""weld_seam"", ""bbox"": [642.8381330079318, 1550.436933089282, 2457.2381330079315, 2760.036933089282], ""confidence"": 0.85, ""image_id"": """", ""is_component"": true, ""is_defect"": false, ""aspect_ratio"": 1.5, ""position"": ""edge""}"
260,"[__Node__, Component, weld_surface]",Weld Surface,"{""local_id"": -2, ""class"": ""weld_surface"", ""bbox"": [763.7981330079318, 1671.3969330892821, 2336.2781330079315, 2639.0769330892817], ""confidence"": 0.8, ""image_id"": """", ""is_component"": true, ""is_defect"": false, ""aspect_ratio"": 1.6250000000000002, ""position"": ""edge""}"
261,"[__Node__, Defect, crack_line]",Crack Line,"{""local_id"": 1, ""class"": ""crack_line"", ""bbox"": [1191.275167785235, 2316.1073825503354, 1451.006711409396, 2423.489932885906], ""confidence"": 0.95, ""image_id"": ""img_71"", ""is_component"": false, ""is_defect"": true, ""length"": 259.7315436241611, ""orientation"": ""horizontal"", ""type"": ""longitudinal""}"
262,"[__Node__, Defect, porosity_region]",Porosity Region,"{""local_id"": 2, ""class"": ""porosity_region"", ""bbox"": [2183.6879432624114, 2292.9078014184397, 2336.8794326241136, 2369.503546099291], ""confidence"": 0.95, ""image_id"": ""img_71"", ""is_component"": false, ""is_defect"": true, ""num_pores"": 46, ""density"": ""very_high""}"
263,"[__Node__, Defect, porosity_region]",Porosity Region,"{""local_id"": 3, ""class"": ""porosity_region"", ""bbox"": [47.826086956521735, 2401.4492753623185, 140.57971014492753, 2482.6086956521735], ""confidence"": 0.95, ""image_id"": ""img_71"", ""is_component"": false, ""is_defect"": true, ""num_pores"": 30, ""density"": ""very_high""}"
264,"[__Node__, Defect, porosity_region]",Porosity Region,"{""local_id"": 4, ""class"": ""porosity_region"", ""bbox"": [2531.288343558282, 2297.5460122699383, 2653.374233128834, 2376.687116564417], ""confidence"": 0.95, ""image_id"": ""img_71"", ""is_component"": false, ""is_defect"": true, ""num_pores"": 38, ""density"": ""very_high""}"
265,"[__Node__, Defect, crack_line]",Crack Line,"{""local_id"": 5, ""class"": ""crack_line"", ""bbox"": [2426.380368098159, 2320.245398773006, 2481.5950920245396, 2378.527607361963], ""confidence"": 0.95, ""image_id"": ""img_71"", ""is_component"": false, ""is_defect"": true, ""length"": 58.28220858895702, ""orientation"": ""vertical"", ""type"": ""transverse""}"
266,"[__Node__, Component, weld_seam]",Weld Seam,"{""local_id"": -1, ""class"": ""weld_seam"", ""bbox"": [837.1893088992421, 1761.107276893779, 2651.589308899242, 2970.7072768937787], ""confidence"": 0.85, ""image_id"": """", ""is_component"": true, ""is_defect"": false, ""aspect_ratio"": 1.5000000000000004, ""position"": ""edge""}"
267,"[__Node__, Component, weld_surface]",Weld Surface,"{""local_id"": -2, ""class"": ""weld_surface"", ""bbox"": [958.1493088992421, 1882.067276893779, 2530.629308899242, 2849.7472768937787], ""confidence"": 0.8, ""image_id"": """", ""is_component"": true, ""is_defect"": false, ""aspect_ratio"": 1.6250000000000007, ""position"": ""edge""}"
268,"[__Node__, Defect, crack_line]",Crack Line,"{""local_id"": 1, ""class"": ""crack_line"", ""bbox"": [655.1724137931035, 527.5862068965517, 816.551724137931, 745.5172413793103], ""confidence"": 0.95, ""image_id"": ""img_72"", ""is_component"": false, ""is_defect"": true, ""length"": 217.9310344827586, ""orientation"": ""vertical"", ""type"": ""transverse""}"
269,"[__Node__, Defect, crack_line]",Crack Line,"{""local_id"": 2, ""class"": ""crack_line"", ""bbox"": [586.2068965517242, 753.1034482758621, 780.0, 1018.6206896551724], ""confidence"": 0.95, ""image_id"": ""img_72"", ""is_component"": false, ""is_defect"": true, ""length"": 265.51724137931035, ""orientation"": ""vertical"", ""type"": ""transverse""}"
270,"[__Node__, Defect, crack_line]",Crack Line,"{""local_id"": 3, ""class"": ""crack_line"", ""bbox"": [480.33333333333337, 1303.5714285714287, 770.8095238095239, 1551.1904761904761], ""confidence"": 0.95, ""image_id"": ""img_72"", ""is_component"": false, ""is_defect"": true, ""length"": 290.4761904761905, ""orientation"": ""horizontal"", ""type"": ""longitudinal""}"
271,"[__Node__, Component, weld_seam]",Weld Seam,"{""local_id"": -1, ""class"": ""weld_seam"", ""bbox"": [298.712315270936, 727.9649151614669, 1064.312315270936, 1238.5649151614668], ""confidence"": 0.85, ""image_id"": """", ""is_component"": true, ""is_defect"": false, ""aspect_ratio"": 1.4994124559341957, ""position"": ""edge""}"
272,"[__Node__, Component, weld_surface]",Weld Surface,"{""local_id"": -2, ""class"": ""weld_surface"", ""bbox"": [349.772315270936, 779.0249151614669, 1013.2523152709362, 1187.504915161467], ""confidence"": 0.8, ""image_id"": """", ""is_component"": true, ""is_defect"": false, ""aspect_ratio"": 1.6242655699177442, ""position"": ""edge""}"
273,"[__Node__, Defect, crack_line]",Crack Line,"{""local_id"": 1, ""class"": ""crack_line"", ""bbox"": [638.7525773195877, 823.7113402061856, 723.2886597938144, 1107.2164948453608], ""confidence"": 0.95, ""image_id"": ""img_73"", ""is_component"": false, ""is_defect"": true, ""length"": 283.5051546391752, ""orientation"": ""vertical"", ""type"": ""transverse""}"
274,"[__Node__, Defect, crack_line]",Crack Line,"{""local_id"": 1, ""class"": ""crack_line"", ""bbox"": [421.38596491228054, 699.5263157894736, 702.0877192982455, 831.1052631578947], ""confidence"": 0.95, ""image_id"": ""img_74"", ""is_component"": false, ""is_defect"": true, ""length"": 280.70175438596493, ""orientation"": ""horizontal"", ""type"": ""longitudinal""}"
275,"[__Node__, Defect, crack_line]",Crack Line,"{""local_id"": 1, ""class"": ""crack_line"", ""bbox"": [1362.5, 2751.5, 1629.166666666667, 3139.0], ""confidence"": 0.95, ""image_id"": ""img_75"", ""is_component"": false, ""is_defect"": true, ""length"": 387.5, ""orientation"": ""vertical"", ""type"": ""transverse""}"
276,"[__Node__, Defect, crack_line]",Crack Line,"{""local_id"": 1, ""class"": ""crack_line"", ""bbox"": [2602.0833333333335, 1864.5833333333335, 3264.5833333333335, 2191.666666666667], ""confidence"": 0.95, ""image_id"": ""img_76"", ""is_component"": false, ""is_defect"": true, ""length"": 662.5, ""orientation"": ""horizontal"", ""type"": ""longitudinal""}"
277,"[__Node__, Defect, crack_line]",Crack Line,"{""local_id"": 1, ""class"": ""crack_line"", ""bbox"": [2152.0, 1238.0, 3064.0, 2002.0], ""confidence"": 0.95, ""image_id"": ""img_77"", ""is_component"": false, ""is_defect"": true, ""length"": 912.0, ""orientation"": ""horizontal"", ""type"": ""longitudinal""}"
278,"[__Node__, Defect, crack_line]",Crack Line,"{""local_id"": 1, ""class"": ""crack_line"", ""bbox"": [1892.5, 2730.0, 3017.5, 3505.0], ""confidence"": 0.95, ""image_id"": ""img_78"", ""is_component"": false, ""is_defect"": true, ""length"": 1125.0, ""orientation"": ""horizontal"", ""type"": ""longitudinal""}"
279,"[__Node__, Defect, crack_line]",Crack Line,"{""local_id"": 1, ""class"": ""crack_line"", ""bbox"": [892.0, 1514.0, 3760.0, 2322.0], ""confidence"": 0.95, ""image_id"": ""img_79"", ""is_component"": false, ""is_defect"": true, ""length"": 2868.0, ""orientation"": ""horizontal"", ""type"": ""longitudinal""}"
280,"[__Node__, Defect, crack_line]",Crack Line,"{""local_id"": 1, ""class"": ""crack_line"", ""bbox"": [985.1851851851851, 1950.617283950617, 1288.888888888889, 2027.1604938271603], ""confidence"": 0.95, ""image_id"": ""img_80"", ""is_component"": false, ""is_defect"": true, ""length"": 303.7037037037038, ""orientation"": ""horizontal"", ""type"": ""longitudinal""}"
281,"[__Node__, Defect, porosity_region]",Porosity Region,"{""local_id"": 2, ""class"": ""porosity_region"", ""bbox"": [931.6742081447964, 1969.683257918552, 1005.8823529411765, 2033.0316742081448], ""confidence"": 0.95, ""image_id"": ""img_80"", ""is_component"": false, ""is_defect"": true, ""num_pores"": 18, ""density"": ""very_high""}"
282,"[__Node__, Defect, crack_line]",Crack Line,"{""local_id"": 3, ""class"": ""crack_line"", ""bbox"": [827.6018099547512, 1998.6425339366517, 961.5384615384615, 2080.995475113122], ""confidence"": 0.95, ""image_id"": ""img_80"", ""is_component"": false, ""is_defect"": true, ""length"": 133.9366515837104, ""orientation"": ""horizontal"", ""type"": ""longitudinal""}"
283,"[__Node__, Defect, pit_depression]",Pit Depression,"{""local_id"": 4, ""class"": ""pit_depression"", ""bbox"": [1356.279069767442, 2050.232558139535, 1441.3953488372094, 2102.790697674419], ""confidence"": 0.95, ""image_id"": ""img_80"", ""is_component"": false, ""is_defect"": true, ""depth_estimate"": 15.767441860465214, ""shape_regularity"": ""irregular""}"
284,"[__Node__, Component, weld_seam]",Weld Seam,"{""local_id"": -1, ""class"": ""weld_seam"", ""bbox"": [424.80566565723893, 1426.6442468460255, 1774.805665657239, 2626.6442468460255], ""confidence"": 0.85, ""image_id"": """", ""is_component"": true, ""is_defect"": false, ""aspect_ratio"": 1.125, ""position"": ""edge""}"
285,"[__Node__, Component, weld_surface]",Weld Surface,"{""local_id"": -2, ""class"": ""weld_surface"", ""bbox"": [544.8056656572389, 1546.6442468460255, 1654.805665657239, 2506.6442468460255], ""confidence"": 0.8, ""image_id"": """", ""is_component"": true, ""is_defect"": false, ""aspect_ratio"": 1.15625, ""position"": ""edge""}"
286,"[__Node__, Defect, crack_line]",Crack Line,"{""local_id"": 1, ""class"": ""crack_line"", ""bbox"": [745.1612903225806, 2437.0967741935483, 1153.225806451613, 2603.2258064516127], ""confidence"": 0.95, ""image_id"": ""img_81"", ""is_component"": false, ""is_defect"": true, ""length"": 408.0645161290323, ""orientation"": ""horizontal"", ""type"": ""longitudinal""}"
287,"[__Node__, Defect, crack_line]",Crack Line,"{""local_id"": 2, ""class"": ""crack_line"", ""bbox"": [1162.9032258064517, 2496.7741935483873, 1846.774193548387, 2658.064516129032], ""confidence"": 0.95, ""image_id"": ""img_81"", ""is_component"": false, ""is_defect"": true, ""length"": 683.8709677419354, ""orientation"": ""horizontal"", ""type"": ""longitudinal""}"
288,"[__Node__, Defect, crack_line]",Crack Line,"{""local_id"": 3, ""class"": ""crack_line"", ""bbox"": [3975.8064516129034, 2630.6451612903224, 4469.354838709677, 2811.2903225806454], ""confidence"": 0.95, ""image_id"": ""img_81"", ""is_component"": false, ""is_defect"": true, ""length"": 493.5483870967737, ""orientation"": ""horizontal"", ""type"": ""longitudinal""}"
289,"[__Node__, Component, weld_seam]",Weld Seam,"{""local_id"": -1, ""class"": ""weld_seam"", ""bbox"": [670.3376344086021, 2022.9827956989247, 3780.7376344086024, 3189.3827956989244], ""confidence"": 0.85, ""image_id"": """", ""is_component"": true, ""is_defect"": false, ""aspect_ratio"": 2.666666666666668, ""position"": ""edge""}"
290,"[__Node__, Component, weld_surface]",Weld Surface,"{""local_id"": -2, ""class"": ""weld_surface"", ""bbox"": [786.9776344086021, 2139.6227956989246, 3664.0976344086025, 3072.7427956989245], ""confidence"": 0.8, ""image_id"": """", ""is_component"": true, ""is_defect"": false, ""aspect_ratio"": 3.083333333333334, ""position"": ""edge""}"
291,"[__Node__, Defect, crack_line]",Crack Line,"{""local_id"": 1, ""class"": ""crack_line"", ""bbox"": [1148.0, 2666.0, 4084.0, 3398.0], ""confidence"": 0.95, ""image_id"": ""img_82"", ""is_component"": false, ""is_defect"": true, ""length"": 2936.0, ""orientation"": ""horizontal"", ""type"": ""longitudinal""}"
292,"[__Node__, Defect, crack_line]",Crack Line,"{""local_id"": 1, ""class"": ""crack_line"", ""bbox"": [2402.9411764705883, 988.235294117647, 3547.0588235294117, 1582.3529411764705], ""confidence"": 0.95, ""image_id"": ""img_83"", ""is_component"": false, ""is_defect"": true, ""length"": 1144.1176470588234, ""orientation"": ""horizontal"", ""type"": ""longitudinal""}"
293,"[__Node__, Defect, crack_line]",Crack Line,"{""local_id"": 1, ""class"": ""crack_line"", ""bbox"": [421.15384615384613, 1907.6923076923076, 1596.1538461538462, 2165.3846153846152], ""confidence"": 0.95, ""image_id"": ""img_84"", ""is_component"": false, ""is_defect"": true, ""length"": 1175.0, ""orientation"": ""horizontal"", ""type"": ""longitudinal""}"
294,"[__Node__, Defect, crack_line]",Crack Line,"{""local_id"": 2, ""class"": ""crack_line"", ""bbox"": [1600.0, 1878.3333333333335, 5048.333333333334, 2285.0], ""confidence"": 0.95, ""image_id"": ""img_84"", ""is_component"": false, ""is_defect"": true, ""length"": 3448.333333333334, ""orientation"": ""horizontal"", ""type"": ""longitudinal""}"
295,"[__Node__, Component, weld_seam]",Weld Seam,"{""local_id"": -1, ""class"": ""weld_seam"", ""bbox"": [611.2102564102568, 1475.9025641025646, 3721.6102564102566, 2642.3025641025642], ""confidence"": 0.85, ""image_id"": """", ""is_component"": true, ""is_defect"": false, ""aspect_ratio"": 2.6666666666666674, ""position"": ""center""}"
296,"[__Node__, Component, weld_surface]",Weld Surface,"{""local_id"": -2, ""class"": ""weld_surface"", ""bbox"": [727.8502564102567, 1592.5425641025645, 3604.9702564102568, 2525.6625641025644], ""confidence"": 0.8, ""image_id"": """", ""is_component"": true, ""is_defect"": false, ""aspect_ratio"": 3.0833333333333335, ""position"": ""edge""}"
297,"[__Node__, Defect, crack_line]",Crack Line,"{""local_id"": 1, ""class"": ""crack_line"", ""bbox"": [1143.4444444444446, 2175.0, 1443.4444444444443, 2580.5555555555557], ""confidence"": 0.95, ""image_id"": ""img_85"", ""is_component"": false, ""is_defect"": true, ""length"": 405.55555555555566, ""orientation"": ""vertical"", ""type"": ""transverse""}"
298,"[__Node__, Defect, crack_line]",Crack Line,"{""local_id"": 1, ""class"": ""crack_line"", ""bbox"": [6.7669172932330826, 80.73684210526315, 579.3233082706766, 160.06015037593983], ""confidence"": 0.95, ""image_id"": ""img_86"", ""is_component"": false, ""is_defect"": true, ""length"": 572.5563909774436, ""orientation"": ""horizontal"", ""type"": ""longitudinal""}"
299,"[__Node__, Defect, crack_line]",Crack Line,"{""local_id"": 1, ""class"": ""crack_line"", ""bbox"": [2112.6984126984125, 1441.2698412698412, 2477.777777777778, 1614.2857142857142], ""confidence"": 0.95, ""image_id"": ""img_87"", ""is_component"": false, ""is_defect"": true, ""length"": 365.0793650793653, ""orientation"": ""horizontal"", ""type"": ""longitudinal""}"
300,"[__Node__, Defect, spatter_cluster]",Spatter Cluster,"{""local_id"": 2, ""class"": ""spatter_cluster"", ""bbox"": [3173.1111111111113, 591.6666666666667, 3598.1111111111113, 1108.3333333333335], ""confidence"": 0.95, ""image_id"": ""img_87"", ""is_component"": false, ""is_defect"": true, ""num_spatters"": 2744, ""density"": ""high""}"
301,"[__Node__, Defect, spatter_cluster]",Spatter Cluster,"{""local_id"": 3, ""class"": ""spatter_cluster"", ""bbox"": [1225.888888888889, 952.7777777777778, 1659.2222222222224, 1194.4444444444446], ""confidence"": 0.95, ""image_id"": ""img_87"", ""is_component"": false, ""is_defect"": true, ""num_spatters"": 1309, ""density"": ""high""}"
302,"[__Node__, Component, weld_seam]",Weld Seam,"{""local_id"": -1, ""class"": ""weld_seam"", ""bbox"": [1174.468253968254, 700.462962962963, 3574.468253968254, 1600.462962962963], ""confidence"": 0.85, ""image_id"": """", ""is_component"": true, ""is_defect"": false, ""aspect_ratio"": 2.6666666666666665, ""position"": ""edge""}"
303,"[__Node__, Component, weld_surface]",Weld Surface,"{""local_id"": -2, ""class"": ""weld_surface"", ""bbox"": [1264.468253968254, 790.462962962963, 3484.468253968254, 1510.462962962963], ""confidence"": 0.8, ""image_id"": """", ""is_component"": true, ""is_defect"": false, ""aspect_ratio"": 3.0833333333333335, ""position"": ""edge""}"
304,"[__Node__, Defect, crack_line]",Crack Line,"{""local_id"": 1, ""class"": ""crack_line"", ""bbox"": [1766.875, 929.25, 1954.375, 1348.0], ""confidence"": 0.95, ""image_id"": ""img_88"", ""is_component"": false, ""is_defect"": true, ""length"": 418.75, ""orientation"": ""vertical"", ""type"": ""transverse""}"
305,"[__Node__, Defect, pit_depression]",Pit Depression,"{""local_id"": 2, ""class"": ""pit_depression"", ""bbox"": [1877.5280898876404, 624.7191011235955, 2060.674157303371, 787.6404494382023], ""confidence"": 0.95, ""image_id"": ""img_88"", ""is_component"": false, ""is_defect"": true, ""depth_estimate"": 48.87640449438204, ""shape_regularity"": ""irregular""}"
306,"[__Node__, Defect, pit_depression]",Pit Depression,"{""local_id"": 3, ""class"": ""pit_depression"", ""bbox"": [1294.3820224719102, 493.2584269662921, 1602.2471910112358, 659.5505617977528], ""confidence"": 0.95, ""image_id"": ""img_88"", ""is_component"": false, ""is_defect"": true, ""depth_estimate"": 49.887640449438216, ""shape_regularity"": ""irregular""}"
307,"[__Node__, Component, weld_seam]",Weld Seam,"{""local_id"": -1, ""class"": ""weld_seam"", ""bbox"": [549.7469101123595, 353.46975655430725, 2968.9469101123595, 1260.6697565543072], ""confidence"": 0.85, ""image_id"": """", ""is_component"": true, ""is_defect"": false, ""aspect_ratio"": 2.6666666666666665, ""position"": ""edge""}"
308,"[__Node__, Component, weld_surface]",Weld Surface,"{""local_id"": -2, ""class"": ""weld_surface"", ""bbox"": [640.4669101123595, 444.1897565543072, 2878.2269101123597, 1169.9497565543072], ""confidence"": 0.8, ""image_id"": """", ""is_component"": true, ""is_defect"": false, ""aspect_ratio"": 3.0833333333333335, ""position"": ""edge""}"
309,"[__Node__, Defect, crack_line]",Crack Line,"{""local_id"": 1, ""class"": ""crack_line"", ""bbox"": [226.60162601626018, 520.3252032520326, 311.1544715447154, 560.9756097560976], ""confidence"": 0.95, ""image_id"": ""img_89"", ""is_component"": false, ""is_defect"": true, ""length"": 84.55284552845524, ""orientation"": ""horizontal"", ""type"": ""longitudinal""}"
310,"[__Node__, Defect, crack_line]",Crack Line,"{""local_id"": 2, ""class"": ""crack_line"", ""bbox"": [242.76527331189712, 195.4983922829582, 306.10932475884243, 225.40192926045017], ""confidence"": 0.95, ""image_id"": ""img_89"", ""is_component"": false, ""is_defect"": true, ""length"": 63.344051446945315, ""orientation"": ""horizontal"", ""type"": ""longitudinal""}"
311,"[__Node__, Component, weld_seam]",Weld Seam,"{""local_id"": -1, ""class"": ""weld_seam"", ""bbox"": [91.65767390792882, 255.55028363788466, 451.6576739079288, 495.55028363788466], ""confidence"": 0.85, ""image_id"": """", ""is_component"": true, ""is_defect"": false, ""aspect_ratio"": 1.5, ""position"": ""edge""}"
312,"[__Node__, Component, weld_surface]",Weld Surface,"{""local_id"": -2, ""class"": ""weld_surface"", ""bbox"": [115.65767390792882, 279.55028363788466, 427.6576739079288, 471.55028363788466], ""confidence"": 0.8, ""image_id"": """", ""is_component"": true, ""is_defect"": false, ""aspect_ratio"": 1.625, ""position"": ""edge""}"
313,"[__Node__, Defect, crack_line]",Crack Line,"{""local_id"": 1, ""class"": ""crack_line"", ""bbox"": [953.3333333333334, 926.6666666666667, 1445.0, 1251.6666666666667], ""confidence"": 0.95, ""image_id"": ""img_90"", ""is_component"": false, ""is_defect"": true, ""length"": 491.66666666666663, ""orientation"": ""horizontal"", ""type"": ""longitudinal""}"
314,"[__Node__, Defect, overlap_bump]",Overlap Bump,"{""local_id"": 2, ""class"": ""overlap_bump"", ""bbox"": [898.3333333333334, 2358.3333333333335, 1231.6666666666667, 2835.0], ""confidence"": 0.95, ""image_id"": ""img_90"", ""is_component"": false, ""is_defect"": true, ""height_estimate"": 266.6666666666667, ""shape"": ""protrusion""}"
315,"[__Node__, Component, weld_seam]",Weld Seam,"{""local_id"": -1, ""class"": ""weld_seam"", ""bbox"": [224.88333333333355, 1238.116666666667, 2039.2833333333333, 2447.716666666667], ""confidence"": 0.85, ""image_id"": """", ""is_component"": true, ""is_defect"": false, ""aspect_ratio"": 1.4999999999999996, ""position"": ""center""}"
316,"[__Node__, Component, weld_surface]",Weld Surface,"{""local_id"": -2, ""class"": ""weld_surface"", ""bbox"": [345.84333333333353, 1359.076666666667, 1918.3233333333333, 2326.756666666667], ""confidence"": 0.8, ""image_id"": """", ""is_component"": true, ""is_defect"": false, ""aspect_ratio"": 1.6249999999999998, ""position"": ""edge""}"
317,"[__Node__, Defect, crack_line]",Crack Line,"{""local_id"": 1, ""class"": ""crack_line"", ""bbox"": [1202.4539877300613, 2053.9877300613493, 1687.7300613496932, 2173.6196319018404], ""confidence"": 0.95, ""image_id"": ""img_91"", ""is_component"": false, ""is_defect"": true, ""length"": 485.2760736196319, ""orientation"": ""horizontal"", ""type"": ""longitudinal""}"
318,"[__Node__, Defect, crack_line]",Crack Line,"{""local_id"": 1, ""class"": ""crack_line"", ""bbox"": [533.6666666666665, 694.2631578947368, 663.4912280701753, 929.3508771929824], ""confidence"": 0.95, ""image_id"": ""img_92"", ""is_component"": false, ""is_defect"": true, ""length"": 235.0877192982456, ""orientation"": ""vertical"", ""type"": ""transverse""}"
319,"[__Node__, Defect, crack_line]",Crack Line,"{""local_id"": 1, ""class"": ""crack_line"", ""bbox"": [452.9649122807016, 922.3333333333333, 677.5263157894735, 1115.3157894736842], ""confidence"": 0.95, ""image_id"": ""img_93"", ""is_component"": false, ""is_defect"": true, ""length"": 224.56140350877195, ""orientation"": ""horizontal"", ""type"": ""longitudinal""}"
320,"[__Node__, Defect, crack_line]",Crack Line,"{""local_id"": 1, ""class"": ""crack_line"", ""bbox"": [1166.1764705882351, 1613.2352941176468, 1525.7352941176468, 1804.4117647058822], ""confidence"": 0.95, ""image_id"": ""img_94"", ""is_component"": false, ""is_defect"": true, ""length"": 359.5588235294117, ""orientation"": ""horizontal"", ""type"": ""longitudinal""}"
321,"[__Node__, Defect, crack_line]",Crack Line,"{""local_id"": 1, ""class"": ""crack_line"", ""bbox"": [1161.6666666666667, 1615.0, 1426.6666666666667, 1968.3333333333335], ""confidence"": 0.95, ""image_id"": ""img_95"", ""is_component"": false, ""is_defect"": true, ""length"": 353.3333333333335, ""orientation"": ""vertical"", ""type"": ""transverse""}"
322,"[__Node__, Defect, crack_line]",Crack Line,"{""local_id"": 1, ""class"": ""crack_line"", ""bbox"": [197.79487179487182, 221.53846153846155, 394.71794871794873, 288.20512820512823], ""confidence"": 0.95, ""image_id"": ""img_96"", ""is_component"": false, ""is_defect"": true, ""length"": 196.9230769230769, ""orientation"": ""horizontal"", ""type"": ""longitudinal""}"
323,"[__Node__, Defect, crack_line]",Crack Line,"{""local_id"": 2, ""class"": ""crack_line"", ""bbox"": [206.0, 582.0512820512821, 411.64102564102564, 633.8461538461538], ""confidence"": 0.95, ""image_id"": ""img_96"", ""is_component"": false, ""is_defect"": true, ""length"": 205.64102564102564, ""orientation"": ""horizontal"", ""type"": ""longitudinal""}"
324,"[__Node__, Defect, crack_line]",Crack Line,"{""local_id"": 3, ""class"": ""crack_line"", ""bbox"": [258.8205128205128, 486.1538461538462, 304.974358974359, 798.4615384615385], ""confidence"": 0.95, ""image_id"": ""img_96"", ""is_component"": false, ""is_defect"": true, ""length"": 312.30769230769226, ""orientation"": ""vertical"", ""type"": ""transverse""}"
325,"[__Node__, Component, weld_seam]",Weld Seam,"{""local_id"": -1, ""class"": ""weld_seam"", ""bbox"": [115.65811965811969, 381.7094017094018, 475.6581196581197, 621.7094017094018], ""confidence"": 0.85, ""image_id"": """", ""is_component"": true, ""is_defect"": false, ""aspect_ratio"": 1.4999999999999996, ""position"": ""edge""}"
326,"[__Node__, Component, weld_surface]",Weld Surface,"{""local_id"": -2, ""class"": ""weld_surface"", ""bbox"": [139.6581196581197, 405.7094017094018, 451.6581196581197, 597.7094017094018], ""confidence"": 0.8, ""image_id"": """", ""is_component"": true, ""is_defect"": false, ""aspect_ratio"": 1.6249999999999996, ""position"": ""edge""}"
327,"[__Node__, Defect, crack_line]",Crack Line,"{""local_id"": 1, ""class"": ""crack_line"", ""bbox"": [596.0, 420.0, 951.0, 478.0], ""confidence"": 0.95, ""image_id"": ""img_97"", ""is_component"": false, ""is_defect"": true, ""length"": 355.0, ""orientation"": ""horizontal"", ""type"": ""longitudinal""}"
328,"[__Node__, Defect, crack_line]",Crack Line,"{""local_id"": 1, ""class"": ""crack_line"", ""bbox"": [263.42857142857144, 278.57142857142856, 351.09090909090907, 322.72727272727275], ""confidence"": 0.95, ""image_id"": ""img_98"", ""is_component"": false, ""is_defect"": true, ""length"": 87.66233766233762, ""orientation"": ""horizontal"", ""type"": ""longitudinal""}"
329,"[__Node__, Defect, crack_line]",Crack Line,"{""local_id"": 2, ""class"": ""crack_line"", ""bbox"": [420.2247191011236, 282.02247191011236, 590.7303370786517, 320.7865168539326], ""confidence"": 0.95, ""image_id"": ""img_98"", ""is_component"": false, ""is_defect"": true, ""length"": 170.50561797752812, ""orientation"": ""horizontal"", ""type"": ""longitudinal""}"
330,"[__Node__, Component, weld_seam]",Weld Seam,"{""local_id"": -1, ""class"": ""weld_seam"", ""bbox"": [166.36863417481396, 211.02692251568658, 646.3686341748139, 391.0269225156866], ""confidence"": 0.85, ""image_id"": """", ""is_component"": true, ""is_defect"": false, ""aspect_ratio"": 2.6666666666666665, ""position"": ""edge""}"
331,"[__Node__, Component, weld_surface]",Weld Surface,"{""local_id"": -2, ""class"": ""weld_surface"", ""bbox"": [184.36863417481396, 229.02692251568658, 628.3686341748139, 373.0269225156866], ""confidence"": 0.8, ""image_id"": """", ""is_component"": true, ""is_defect"": false, ""aspect_ratio"": 3.083333333333333, ""position"": ""edge""}"
332,"[__Node__, Defect, pit_depression]",Pit Depression,"{""local_id"": 1, ""class"": ""pit_depression"", ""bbox"": [268.8524590163934, 597.5409836065573, 642.6229508196722, 670.4918032786885], ""confidence"": 0.95, ""image_id"": ""img_99"", ""is_component"": false, ""is_defect"": true, ""depth_estimate"": 21.885245901639347, ""shape_regularity"": ""irregular""}"
333,"[__Node__, Defect, pit_depression]",Pit Depression,"{""local_id"": 2, ""class"": ""pit_depression"", ""bbox"": [642.6229508196722, 595.9016393442623, 728.688524590164, 675.4098360655738], ""confidence"": 0.95, ""image_id"": ""img_99"", ""is_component"": false, ""is_defect"": true, ""depth_estimate"": 23.852459016393446, ""shape_regularity"": ""irregular""}"
334,"[__Node__, Defect, pit_depression]",Pit Depression,"{""local_id"": 3, ""class"": ""pit_depression"", ""bbox"": [741.9354838709677, 617.0967741935484, 840.983606557377, 687.7049180327868], ""confidence"": 0.95, ""image_id"": ""img_99"", ""is_component"": false, ""is_defect"": true, ""depth_estimate"": 21.18244315177153, ""shape_regularity"": ""irregular""}"
335,"[__Node__, Defect, pit_depression]",Pit Depression,"{""local_id"": 4, ""class"": ""pit_depression"", ""bbox"": [311.4754098360656, 683.6065573770492, 756.2162162162161, 803.7837837837837], ""confidence"": 0.95, ""image_id"": ""img_99"", ""is_component"": false, ""is_defect"": true, ""depth_estimate"": 36.05316792202037, ""shape_regularity"": ""irregular""}"
336,"[__Node__, Defect, crack_line]",Crack Line,"{""local_id"": 5, ""class"": ""crack_line"", ""bbox"": [369.65517241379314, 851.0344827586207, 562.7586206896552, 911.7241379310345], ""confidence"": 0.95, ""image_id"": ""img_99"", ""is_component"": false, ""is_defect"": true, ""length"": 193.1034482758621, ""orientation"": ""horizontal"", ""type"": ""longitudinal""}"
337,"[__Node__, Component, weld_seam]",Weld Seam,"{""local_id"": -1, ""class"": ""weld_seam"", ""bbox"": [202.58113948299763, 453.52949163719063, 970.5811394829976, 965.3294916371906], ""confidence"": 0.85, ""image_id"": """", ""is_component"": true, ""is_defect"": false, ""aspect_ratio"": 1.500586166471278, ""position"": ""edge""}"
338,"[__Node__, Component, weld_surface]",Weld Surface,"{""local_id"": -2, ""class"": ""weld_surface"", ""bbox"": [253.76113948299763, 504.70949163719064, 919.4011394829977, 914.1494916371906], ""confidence"": 0.8, ""image_id"": """", ""is_component"": true, ""is_defect"": false, ""aspect_ratio"": 1.6257327080890975, ""position"": ""edge""}"
339,"[__Node__, Defect, crack_line]",Crack Line,"{""local_id"": 1, ""class"": ""crack_line"", ""bbox"": [1067.5977653631285, 520.1117318435754, 1189.385474860335, 574.8603351955308], ""confidence"": 0.95, ""image_id"": ""img_100"", ""is_component"": false, ""is_defect"": true, ""length"": 121.7877094972066, ""orientation"": ""horizontal"", ""type"": ""longitudinal""}"
340,"[__Node__, Defect, crack_line]",Crack Line,"{""local_id"": 1, ""class"": ""crack_line"", ""bbox"": [149.65217391304344, 785.8695652173913, 411.6086956521739, 881.5217391304348], ""confidence"": 0.95, ""image_id"": ""img_101"", ""is_component"": false, ""is_defect"": true, ""length"": 261.95652173913044, ""orientation"": ""horizontal"", ""type"": ""longitudinal""}"
341,"[__Node__, Defect, crack_line]",Crack Line,"{""local_id"": 2, ""class"": ""crack_line"", ""bbox"": [369.21739130434776, 771.7391304347826, 1268.1304347826087, 933.695652173913], ""confidence"": 0.95, ""image_id"": ""img_101"", ""is_component"": false, ""is_defect"": true, ""length"": 898.913043478261, ""orientation"": ""horizontal"", ""type"": ""longitudinal""}"
342,"[__Node__, Component, weld_seam]",Weld Seam,"{""local_id"": -1, ""class"": ""weld_seam"", ""bbox"": [165.6521739130435, 587.3065217391304, 933.6521739130435, 1099.1065217391304], ""confidence"": 0.85, ""image_id"": """", ""is_component"": true, ""is_defect"": false, ""aspect_ratio"": 1.500586166471278, ""position"": ""edge""}"
343,"[__Node__, Component, weld_surface]",Weld Surface,"{""local_id"": -2, ""class"": ""weld_surface"", ""bbox"": [216.8321739130435, 638.4865217391304, 882.4721739130435, 1047.9265217391303], ""confidence"": 0.8, ""image_id"": """", ""is_component"": true, ""is_defect"": false, ""aspect_ratio"": 1.6257327080890978, ""position"": ""edge""}"
344,"[__Node__, Defect, crack_line]",Crack Line,"{""local_id"": 1, ""class"": ""crack_line"", ""bbox"": [2130.3370786516853, 949.438202247191, 2264.0449438202245, 1165.1685393258426], ""confidence"": 0.95, ""image_id"": ""img_102"", ""is_component"": false, ""is_defect"": true, ""length"": 215.7303370786516, ""orientation"": ""vertical"", ""type"": ""transverse""}"
345,"[__Node__, Defect, crack_line]",Crack Line,"{""local_id"": 1, ""class"": ""crack_line"", ""bbox"": [394.79553903345726, 350.18587360594796, 450.5576208178439, 379.182156133829], ""confidence"": 0.95, ""image_id"": ""img_103"", ""is_component"": false, ""is_defect"": true, ""length"": 55.76208178438662, ""orientation"": ""horizontal"", ""type"": ""longitudinal""}"
346,"[__Node__, Defect, pit_depression]",Pit Depression,"{""local_id"": 2, ""class"": ""pit_depression"", ""bbox"": [211.89591078066914, 341.63568773234203, 252.41635687732344, 378.0669144981413], ""confidence"": 0.95, ""image_id"": ""img_103"", ""is_component"": false, ""is_defect"": true, ""depth_estimate"": 10.929368029739772, ""shape_regularity"": ""regular""}"
347,"[__Node__, Component, weld_seam]",Weld Seam,"{""local_id"": -1, ""class"": ""weld_seam"", ""bbox"": [87.41635687732344, 272.2676579925651, 567.4163568773234, 452.2676579925651], ""confidence"": 0.85, ""image_id"": """", ""is_component"": true, ""is_defect"": false, ""aspect_ratio"": 2.6666666666666665, ""position"": ""center""}"
348,"[__Node__, Component, weld_surface]",Weld Surface,"{""local_id"": -2, ""class"": ""weld_surface"", ""bbox"": [105.41635687732344, 290.2676579925651, 549.4163568773234, 434.2676579925651], ""confidence"": 0.8, ""image_id"": """", ""is_component"": true, ""is_defect"": false, ""aspect_ratio"": 3.0833333333333335, ""position"": ""edge""}"
349,"[__Node__, Defect, crack_line]",Crack Line,"{""local_id"": 1, ""class"": ""crack_line"", ""bbox"": [86.15584415584416, 389.6103896103896, 153.03896103896102, 425.97402597402595], ""confidence"": 0.95, ""image_id"": ""img_104"", ""is_component"": false, ""is_defect"": true, ""length"": 66.88311688311686, ""orientation"": ""horizontal"", ""type"": ""longitudinal""}"
350,"[__Node__, Defect, crack_line]",Crack Line,"{""local_id"": 2, ""class"": ""crack_line"", ""bbox"": [403.68831168831167, 356.49350649350646, 570.5714285714286, 404.54545454545456], ""confidence"": 0.95, ""image_id"": ""img_104"", ""is_component"": false, ""is_defect"": true, ""length"": 166.88311688311688, ""orientation"": ""horizontal"", ""type"": ""longitudinal""}"
351,"[__Node__, Component, weld_seam]",Weld Seam,"{""local_id"": -1, ""class"": ""weld_seam"", ""bbox"": [63.363636363636374, 304.15584415584414, 543.3636363636364, 484.15584415584414], ""confidence"": 0.85, ""image_id"": """", ""is_component"": true, ""is_defect"": false, ""aspect_ratio"": 2.6666666666666665, ""position"": ""center""}"
352,"[__Node__, Component, weld_surface]",Weld Surface,"{""local_id"": -2, ""class"": ""weld_surface"", ""bbox"": [81.36363636363637, 322.15584415584414, 525.3636363636364, 466.15584415584414], ""confidence"": 0.8, ""image_id"": """", ""is_component"": true, ""is_defect"": false, ""aspect_ratio"": 3.0833333333333335, ""position"": ""center""}"
353,"[__Node__, Defect, crack_line]",Crack Line,"{""local_id"": 1, ""class"": ""crack_line"", ""bbox"": [211.94029850746267, 16.417910447761194, 885.0746268656716, 181.34328358208955], ""confidence"": 0.95, ""image_id"": ""img_105"", ""is_component"": false, ""is_defect"": true, ""length"": 673.1343283582089, ""orientation"": ""horizontal"", ""type"": ""longitudinal""}"
354,"[__Node__, Defect, crack_line]",Crack Line,"{""local_id"": 2, ""class"": ""crack_line"", ""bbox"": [229.1044776119403, 990.2985074626865, 829.8507462686566, 1202.238805970149], ""confidence"": 0.95, ""image_id"": ""img_105"", ""is_component"": false, ""is_defect"": true, ""length"": 600.7462686567163, ""orientation"": ""horizontal"", ""type"": ""longitudinal""}"
355,"[__Node__, Component, weld_seam]",Weld Seam,"{""local_id"": -1, ""class"": ""weld_seam"", ""bbox"": [154.99253731343276, 341.6746268656716, 922.9925373134328, 853.4746268656716], ""confidence"": 0.85, ""image_id"": """", ""is_component"": true, ""is_defect"": false, ""aspect_ratio"": 1.500586166471278, ""position"": ""edge""}"
356,"[__Node__, Component, weld_surface]",Weld Surface,"{""local_id"": -2, ""class"": ""weld_surface"", ""bbox"": [206.17253731343277, 392.8546268656716, 871.8125373134328, 802.2946268656716], ""confidence"": 0.8, ""image_id"": """", ""is_component"": true, ""is_defect"": false, ""aspect_ratio"": 1.6257327080890975, ""position"": ""edge""}"
357,"[__Node__, Defect, crack_line]",Crack Line,"{""local_id"": 1, ""class"": ""crack_line"", ""bbox"": [437.2962962962963, 628.4814814814814, 779.8888888888887, 761.8148148148148], ""confidence"": 0.95, ""image_id"": ""img_106"", ""is_component"": false, ""is_defect"": true, ""length"": 342.5925925925924, ""orientation"": ""horizontal"", ""type"": ""longitudinal""}"
358,"[__Node__, Defect, spatter_cluster]",Spatter Cluster,"{""local_id"": 1, ""class"": ""spatter_cluster"", ""bbox"": [3708.7378640776697, 1434.9514563106795, 4025.242718446602, 1667.9611650485435], ""confidence"": 0.95, ""image_id"": ""img_107"", ""is_component"": false, ""is_defect"": true, ""num_spatters"": 921, ""density"": ""high""}"
359,"[__Node__, Defect, other]",Other,"{""local_id"": 2, ""class"": ""other"", ""bbox"": [3016.7664670658683, 1410.7784431137725, 3256.2874251497005, 1505.9880239520958], ""confidence"": 0.95, ""image_id"": ""img_107"", ""is_component"": false, ""is_defect"": false}"
360,"[__Node__, Component, weld_seam]",Weld Seam,"{""local_id"": -1, ""class"": ""weld_seam"", ""bbox"": [2657.3902912621356, 1097.8563106796116, 4032, 2005.0563106796114], ""confidence"": 0.85, ""image_id"": """", ""is_component"": true, ""is_defect"": false, ""aspect_ratio"": 1.515222342083184, ""position"": ""edge""}"
361,"[__Node__, Component, weld_surface]",Weld Surface,"{""local_id"": -2, ""class"": ""weld_surface"", ""bbox"": [2748.1102912621354, 1188.5763106796117, 3941.28, 1914.3363106796114], ""confidence"": 0.8, ""image_id"": """", ""is_component"": true, ""is_defect"": false, ""aspect_ratio"": 1.6440279276039809, ""position"": ""edge""}"
362,"[__Node__, Defect, overlap_bump]",Overlap Bump,"{""local_id"": 1, ""class"": ""overlap_bump"", ""bbox"": [2300.0, 1208.888888888889, 2517.777777777778, 1417.7777777777778], ""confidence"": 0.95, ""image_id"": ""img_108"", ""is_component"": false, ""is_defect"": true, ""height_estimate"": 167.11111111111114, ""shape"": ""protrusion""}"
363,"[__Node__, Defect, spatter_cluster]",Spatter Cluster,"{""local_id"": 2, ""class"": ""spatter_cluster"", ""bbox"": [333.33333333333326, 1097.7777777777778, 582.2222222222222, 1308.888888888889], ""confidence"": 0.95, ""image_id"": ""img_108"", ""is_component"": false, ""is_defect"": true, ""num_spatters"": 656, ""density"": ""high""}"
364,"[__Node__, Defect, spatter_cluster]",Spatter Cluster,"{""local_id"": 3, ""class"": ""spatter_cluster"", ""bbox"": [597.7777777777778, 1082.2222222222222, 826.6666666666666, 1311.111111111111], ""confidence"": 0.95, ""image_id"": ""img_108"", ""is_component"": false, ""is_defect"": true, ""num_spatters"": 654, ""density"": ""high""}"
365,"[__Node__, Defect, spatter_cluster]",Spatter Cluster,"{""local_id"": 4, ""class"": ""spatter_cluster"", ""bbox"": [840.0000000000002, 1086.6666666666665, 1137.7777777777776, 1300.0], ""confidence"": 0.95, ""image_id"": ""img_108"", ""is_component"": false, ""is_defect"": true, ""num_spatters"": 794, ""density"": ""high""}"
366,"[__Node__, Defect, spatter_cluster]",Spatter Cluster,"{""local_id"": 5, ""class"": ""spatter_cluster"", ""bbox"": [1140.0, 971.1111111111113, 1477.7777777777778, 1297.7777777777778], ""confidence"": 0.95, ""image_id"": ""img_108"", ""is_component"": false, ""is_defect"": true, ""num_spatters"": 1379, ""density"": ""high""}"
367,"[__Node__, Defect, spatter_cluster]",Spatter Cluster,"{""local_id"": 6, ""class"": ""spatter_cluster"", ""bbox"": [2126.6666666666665, 1553.3333333333333, 2492.7927927927926, 1847.7477477477476], ""confidence"": 0.95, ""image_id"": ""img_108"", ""is_component"": false, ""is_defect"": true, ""num_spatters"": 1347, ""density"": ""high""}"
368,"[__Node__, Defect, spatter_cluster]",Spatter Cluster,"{""local_id"": 7, ""class"": ""spatter_cluster"", ""bbox"": [1432.4324324324323, 1598.198198198198, 1774.7747747747746, 1944.1441441441439], ""confidence"": 0.95, ""image_id"": ""img_108"", ""is_component"": false, ""is_defect"": true, ""num_spatters"": 1480, ""density"": ""high""}"
369,"[__Node__, Defect, spatter_cluster]",Spatter Cluster,"{""local_id"": 8, ""class"": ""spatter_cluster"", ""bbox"": [765.7657657657657, 1707.2072072072071, 1262.2222222222222, 1951.111111111111], ""confidence"": 0.95, ""image_id"": ""img_108"", ""is_component"": false, ""is_defect"": true, ""num_spatters"": 1513, ""density"": ""high""}"
370,"[__Node__, Defect, spatter_cluster]",Spatter Cluster,"{""local_id"": 9, ""class"": ""spatter_cluster"", ""bbox"": [2713.3996683250416, 1423.8805970149253, 2870.1492537313434, 1543.681592039801], ""confidence"": 0.95, ""image_id"": ""img_108"", ""is_component"": false, ""is_defect"": true, ""num_spatters"": 234, ""density"": ""high""}"
371,"[__Node__, Defect, spatter_cluster]",Spatter Cluster,"{""local_id"": 10, ""class"": ""spatter_cluster"", ""bbox"": [1486.6666666666667, 1057.7777777777778, 1964.4444444444443, 1275.5555555555554], ""confidence"": 0.95, ""image_id"": ""img_108"", ""is_component"": false, ""is_defect"": true, ""num_spatters"": 1300, ""density"": ""high""}"
372,"[__Node__, Defect, spatter_cluster]",Spatter Cluster,"{""local_id"": 11, ""class"": ""spatter_cluster"", ""bbox"": [1971.111111111111, 1051.111111111111, 2324.4444444444443, 1266.6666666666667], ""confidence"": 0.95, ""image_id"": ""img_108"", ""is_component"": false, ""is_defect"": true, ""num_spatters"": 952, ""density"": ""high""}"
373,"[__Node__, Defect, spatter_cluster]",Spatter Cluster,"{""local_id"": 12, ""class"": ""spatter_cluster"", ""bbox"": [2330.3030303030305, 1011.1111111111111, 2623.015873015873, 1220.2020202020203], ""confidence"": 0.95, ""image_id"": ""img_108"", ""is_component"": false, ""is_defect"": true, ""num_spatters"": 765, ""density"": ""high""}"
374,"[__Node__, Defect, spatter_cluster]",Spatter Cluster,"{""local_id"": 13, ""class"": ""spatter_cluster"", ""bbox"": [3096.031746031746, 1012.6984126984127, 3338.095238095238, 1218.2539682539682], ""confidence"": 0.95, ""image_id"": ""img_108"", ""is_component"": false, ""is_defect"": true, ""num_spatters"": 621, ""density"": ""high""}"
375,"[__Node__, Defect, spatter_cluster]",Spatter Cluster,"{""local_id"": 14, ""class"": ""spatter_cluster"", ""bbox"": [2873.809523809524, 1053.968253968254, 3077.777777777778, 1214.2857142857142], ""confidence"": 0.95, ""image_id"": ""img_108"", ""is_component"": false, ""is_defect"": true, ""num_spatters"": 408, ""density"": ""high""}"
376,"[__Node__, Defect, spatter_cluster]",Spatter Cluster,"{""local_id"": 15, ""class"": ""spatter_cluster"", ""bbox"": [2627.777777777778, 1078.5714285714287, 2865.873015873016, 1228.5714285714287], ""confidence"": 0.95, ""image_id"": ""img_108"", ""is_component"": false, ""is_defect"": true, ""num_spatters"": 446, ""density"": ""high""}"
377,"[__Node__, Defect, spatter_cluster]",Spatter Cluster,"{""local_id"": 16, ""class"": ""spatter_cluster"", ""bbox"": [1809.0090090090089, 1599.9999999999998, 2031.5315315315313, 1803.6036036036035], ""confidence"": 0.95, ""image_id"": ""img_108"", ""is_component"": false, ""is_defect"": true, ""num_spatters"": 566, ""density"": ""high""}"
378,"[__Node__, Defect, spatter_cluster]",Spatter Cluster,"{""local_id"": 17, ""class"": ""spatter_cluster"", ""bbox"": [2497.297297297297, 1548.6486486486485, 2949.5495495495493, 1829.7297297297296], ""confidence"": 0.95, ""image_id"": ""img_108"", ""is_component"": false, ""is_defect"": true, ""num_spatters"": 1588, ""density"": ""high""}"
379,"[__Node__, Defect, spatter_cluster]",Spatter Cluster,"{""local_id"": 18, ""class"": ""spatter_cluster"", ""bbox"": [2961.194029850746, 1391.044776119403, 3110.4477611940297, 1514.1791044776119], ""confidence"": 0.95, ""image_id"": ""img_108"", ""is_component"": false, ""is_defect"": true, ""num_spatters"": 229, ""density"": ""high""}"
380,"[__Node__, Component, weld_seam]",Weld Seam,"{""local_id"": -1, ""class"": ""weld_seam"", ""bbox"": [860.1865760507551, 922.6751517880871, 3202.586576050755, 1801.0751517880872], ""confidence"": 0.85, ""image_id"": """", ""is_component"": true, ""is_defect"": false, ""aspect_ratio"": 2.666666666666666, ""position"": ""edge""}"
381,"[__Node__, Component, weld_surface]",Weld Surface,"{""local_id"": -2, ""class"": ""weld_surface"", ""bbox"": [948.0265760507551, 1010.5151517880871, 3114.746576050755, 1713.2351517880873], ""confidence"": 0.8, ""image_id"": """", ""is_component"": true, ""is_defect"": false, ""aspect_ratio"": 3.0833333333333326, ""position"": ""edge""}"
382,"[__Node__, Defect, spatter_cluster]",Spatter Cluster,"{""local_id"": 1, ""class"": ""spatter_cluster"", ""bbox"": [920.253164556962, 3588.6075949367087, 1116.4556962025315, 3800.0], ""confidence"": 0.95, ""image_id"": ""img_109"", ""is_component"": false, ""is_defect"": true, ""num_spatters"": 518, ""density"": ""high""}"
383,"[__Node__, Defect, crack_line]",Crack Line,"{""local_id"": 2, ""class"": ""crack_line"", ""bbox"": [1421.111111111111, 2608.8888888888887, 1685.5555555555554, 2763.3333333333335], ""confidence"": 0.95, ""image_id"": ""img_109"", ""is_component"": false, ""is_defect"": true, ""length"": 264.44444444444434, ""orientation"": ""horizontal"", ""type"": ""longitudinal""}"
384,"[__Node__, Defect, overlap_bump]",Overlap Bump,"{""local_id"": 3, ""class"": ""overlap_bump"", ""bbox"": [2261.111111111111, 2824.4444444444443, 2413.3333333333335, 3061.111111111111], ""confidence"": 0.95, ""image_id"": ""img_109"", ""is_component"": false, ""is_defect"": true, ""height_estimate"": 121.77777777777811, ""shape"": ""protrusion""}"
385,"[__Node__, Component, weld_seam]",Weld Seam,"{""local_id"": -1, ""class"": ""weld_seam"", ""bbox"": [729.103328645101, 2502.930895452414, 2543.5033286451007, 3712.5308954524144], ""confidence"": 0.85, ""image_id"": """", ""is_component"": true, ""is_defect"": false, ""aspect_ratio"": 1.4999999999999993, ""position"": ""edge""}"
386,"[__Node__, Component, weld_surface]",Weld Surface,"{""local_id"": -2, ""class"": ""weld_surface"", ""bbox"": [850.063328645101, 2623.890895452414, 2422.5433286451007, 3591.5708954524143], ""confidence"": 0.8, ""image_id"": """", ""is_component"": true, ""is_defect"": false, ""aspect_ratio"": 1.6249999999999991, ""position"": ""edge""}"
387,"[__Node__, Defect, pit_depression]",Pit Depression,"{""local_id"": 1, ""class"": ""pit_depression"", ""bbox"": [1341.2903225806451, 926.4516129032257, 1461.2903225806451, 1041.9354838709678], ""confidence"": 0.95, ""image_id"": ""img_110"", ""is_component"": false, ""is_defect"": true, ""depth_estimate"": 34.64516129032262, ""shape_regularity"": ""regular""}"
388,"[__Node__, Defect, crack_line]",Crack Line,"{""local_id"": 2, ""class"": ""crack_line"", ""bbox"": [3691.463414634146, 862.1951219512194, 3780.4878048780483, 989.0243902439024], ""confidence"": 0.95, ""image_id"": ""img_110"", ""is_component"": false, ""is_defect"": true, ""length"": 126.82926829268297, ""orientation"": ""vertical"", ""type"": ""transverse""}"
389,"[__Node__, Component, weld_seam]",Weld Seam,"{""local_id"": -1, ""class"": ""weld_seam"", ""bbox"": [1359.0329661683713, 501.3016522423289, 3778.232966168371, 1408.5016522423289], ""confidence"": 0.85, ""image_id"": """", ""is_component"": true, ""is_defect"": false, ""aspect_ratio"": 2.6666666666666665, ""position"": ""edge""}"
390,"[__Node__, Component, weld_surface]",Weld Surface,"{""local_id"": -2, ""class"": ""weld_surface"", ""bbox"": [1449.7529661683714, 592.0216522423289, 3687.5129661683713, 1317.7816522423288], ""confidence"": 0.8, ""image_id"": """", ""is_component"": true, ""is_defect"": false, ""aspect_ratio"": 3.0833333333333335, ""position"": ""edge""}"
391,"[__Node__, Defect, pit_depression]",Pit Depression,"{""local_id"": 1, ""class"": ""pit_depression"", ""bbox"": [772.0, 2354.0, 1066.0, 2644.0], ""confidence"": 0.95, ""image_id"": ""img_111"", ""is_component"": false, ""is_defect"": true, ""depth_estimate"": 87.0, ""shape_regularity"": ""regular""}"
392,"[__Node__, Defect, pit_depression]",Pit Depression,"{""local_id"": 2, ""class"": ""pit_depression"", ""bbox"": [1040.0, 2642.0, 1298.0, 2910.0], ""confidence"": 0.95, ""image_id"": ""img_111"", ""is_component"": false, ""is_defect"": true, ""depth_estimate"": 77.39999999999999, ""shape_regularity"": ""irregular""}"
393,"[__Node__, Defect, pit_depression]",Pit Depression,"{""local_id"": 3, ""class"": ""pit_depression"", ""bbox"": [614.0, 3088.0, 828.0, 3372.0], ""confidence"": 0.95, ""image_id"": ""img_111"", ""is_component"": false, ""is_defect"": true, ""depth_estimate"": 64.2, ""shape_regularity"": ""irregular""}"
394,"[__Node__, Component, weld_seam]",Weld Seam,"{""local_id"": -1, ""class"": ""weld_seam"", ""bbox"": [29.13333333333344, 2230.2, 1843.5333333333333, 3439.8], ""confidence"": 0.85, ""image_id"": """", ""is_component"": true, ""is_defect"": false, ""aspect_ratio"": 1.4999999999999993, ""position"": ""center""}"
395,"[__Node__, Component, weld_surface]",Weld Surface,"{""local_id"": -2, ""class"": ""weld_surface"", ""bbox"": [150.09333333333342, 2351.16, 1722.5733333333333, 3318.84], ""confidence"": 0.8, ""image_id"": """", ""is_component"": true, ""is_defect"": false, ""aspect_ratio"": 1.6249999999999993, ""position"": ""center""}"
396,"[__Node__, Defect, pit_depression]",Pit Depression,"{""local_id"": 1, ""class"": ""pit_depression"", ""bbox"": [766.25, 719.8125, 1056.875, 983.875], ""confidence"": 0.95, ""image_id"": ""img_112"", ""is_component"": false, ""is_defect"": true, ""depth_estimate"": 79.21875, ""shape_regularity"": ""irregular""}"
397,"[__Node__, Defect, crack_line]",Crack Line,"{""local_id"": 1, ""class"": ""crack_line"", ""bbox"": [1167.8695652173913, 739.1304347826086, 1330.9130434782608, 967.391304347826], ""confidence"": 0.95, ""image_id"": ""img_113"", ""is_component"": false, ""is_defect"": true, ""length"": 228.26086956521738, ""orientation"": ""vertical"", ""type"": ""transverse""}"
398,"[__Node__, Defect, pit_depression]",Pit Depression,"{""local_id"": 2, ""class"": ""pit_depression"", ""bbox"": [1230.9130434782608, 1534.782608695652, 1487.4347826086955, 1865.2173913043478], ""confidence"": 0.95, ""image_id"": ""img_113"", ""is_component"": false, ""is_defect"": true, ""depth_estimate"": 76.95652173913042, ""shape_regularity"": ""irregular""}"
399,"[__Node__, Defect, porosity_region]",Porosity Region,"{""local_id"": 3, ""class"": ""porosity_region"", ""bbox"": [1259.1739130434783, 2043.478260869565, 1420.0434782608695, 2245.6521739130435], ""confidence"": 0.95, ""image_id"": ""img_113"", ""is_component"": false, ""is_defect"": true, ""num_pores"": 130, ""density"": ""very_high""}"
400,"[__Node__, Component, weld_seam]",Weld Seam,"{""local_id"": -1, ""class"": ""weld_seam"", ""bbox"": [398.05797101449275, 953.942028985507, 2234.057971014493, 2177.942028985507], ""confidence"": 0.85, ""image_id"": """", ""is_component"": true, ""is_defect"": false, ""aspect_ratio"": 1.5000000000000002, ""position"": ""edge""}"
401,"[__Node__, Component, weld_surface]",Weld Surface,"{""local_id"": -2, ""class"": ""weld_surface"", ""bbox"": [520.4579710144927, 1076.342028985507, 2111.657971014493, 2055.542028985507], ""confidence"": 0.8, ""image_id"": """", ""is_component"": true, ""is_defect"": false, ""aspect_ratio"": 1.6250000000000007, ""position"": ""edge""}"
402,"[__Node__, Defect, crack_line]",Crack Line,"{""local_id"": 1, ""class"": ""crack_line"", ""bbox"": [1066.0, 2023.3333333333335, 1762.666666666667, 2393.3333333333335], ""confidence"": 0.95, ""image_id"": ""img_114"", ""is_component"": false, ""is_defect"": true, ""length"": 696.666666666667, ""orientation"": ""horizontal"", ""type"": ""longitudinal""}"
403,"[__Node__, Defect, crack_line]",Crack Line,"{""local_id"": 2, ""class"": ""crack_line"", ""bbox"": [1732.666666666667, 2443.3333333333335, 2376.0, 3473.3333333333335], ""confidence"": 0.95, ""image_id"": ""img_114"", ""is_component"": false, ""is_defect"": true, ""length"": 1030.0, ""orientation"": ""vertical"", ""type"": ""transverse""}"
404,"[__Node__, Defect, undercut_groove]",Undercut Groove,"{""local_id"": 3, ""class"": ""undercut_groove"", ""bbox"": [689.3333333333335, 2516.666666666667, 1036.0, 3150.0], ""confidence"": 0.95, ""image_id"": ""img_114"", ""is_component"": false, ""is_defect"": true, ""depth_estimate"": 173.33333333333326, ""location"": ""edge""}"
405,"[__Node__, Component, weld_seam]",Weld Seam,"{""local_id"": -1, ""class"": ""weld_seam"", ""bbox"": [536.5777777777781, 2061.866666666667, 2350.977777777778, 3271.4666666666662], ""confidence"": 0.85, ""image_id"": """", ""is_component"": true, ""is_defect"": false, ""aspect_ratio"": 1.5000000000000007, ""position"": ""edge""}"
406,"[__Node__, Component, weld_surface]",Weld Surface,"{""local_id"": -2, ""class"": ""weld_surface"", ""bbox"": [657.5377777777782, 2182.826666666667, 2230.017777777778, 3150.506666666666], ""confidence"": 0.8, ""image_id"": """", ""is_component"": true, ""is_defect"": false, ""aspect_ratio"": 1.625000000000001, ""position"": ""edge""}"
407,"[__Node__, Defect, pit_depression]",Pit Depression,"{""local_id"": 1, ""class"": ""pit_depression"", ""bbox"": [699.3846153846154, 715.9230769230769, 822.4615384615385, 831.3076923076923], ""confidence"": 0.95, ""image_id"": ""img_115"", ""is_component"": false, ""is_defect"": true, ""depth_estimate"": 34.615384615384606, ""shape_regularity"": ""irregular""}"
408,"[__Node__, Defect, pit_depression]",Pit Depression,"{""local_id"": 1, ""class"": ""pit_depression"", ""bbox"": [891.6923076923076, 546.6923076923076, 1024.0, 895.9230769230769], ""confidence"": 0.95, ""image_id"": ""img_116"", ""is_component"": false, ""is_defect"": true, ""depth_estimate"": 39.692307692307715, ""shape_regularity"": ""irregular""}"
409,"[__Node__, Defect, spatter_cluster]",Spatter Cluster,"{""local_id"": 1, ""class"": ""spatter_cluster"", ""bbox"": [329.60526315789474, 1526.3157894736842, 426.3157894736842, 1650.657894736842], ""confidence"": 0.95, ""image_id"": ""img_117"", ""is_component"": false, ""is_defect"": true, ""num_spatters"": 150, ""density"": ""high""}"
410,"[__Node__, Defect, other]",Other,"{""local_id"": 2, ""class"": ""other"", ""bbox"": [488.563829787234, 700.531914893617, 517.2872340425531, 768.3510638297872], ""confidence"": 0.95, ""image_id"": ""img_117"", ""is_component"": false, ""is_defect"": false}"
411,"[__Node__, Defect, other]",Other,"{""local_id"": 3, ""class"": ""other"", ""bbox"": [489.36170212765956, 782.1808510638298, 520.7446808510638, 855.3191489361701], ""confidence"": 0.95, ""image_id"": ""img_117"", ""is_component"": false, ""is_defect"": false}"
412,"[__Node__, Component, weld_seam]",Weld Seam,"{""local_id"": -1, ""class"": ""weld_seam"", ""bbox"": [0, 1333.1868421052632, 760.7605263157895, 1702], ""confidence"": 0.85, ""image_id"": """", ""is_component"": true, ""is_defect"": false, ""aspect_ratio"": 2.062726098652149, ""position"": ""center""}"
413,"[__Node__, Component, weld_surface]",Weld Surface,"{""local_id"": -2, ""class"": ""weld_surface"", ""bbox"": [51.06, 1384.246842105263, 709.7005263157896, 1650.94], ""confidence"": 0.8, ""image_id"": """", ""is_component"": true, ""is_defect"": false, ""aspect_ratio"": 2.469656632795031, ""position"": ""center""}"
414,"[__Node__, Defect, spatter_cluster]",Spatter Cluster,"{""local_id"": 1, ""class"": ""spatter_cluster"", ""bbox"": [338.8961038961039, 17.18181818181818, 493.4415584415584, 109.38961038961038], ""confidence"": 0.95, ""image_id"": ""img_118"", ""is_component"": false, ""is_defect"": true, ""num_spatters"": 178, ""density"": ""high""}"
415,"[__Node__, Defect, spatter_cluster]",Spatter Cluster,"{""local_id"": 2, ""class"": ""spatter_cluster"", ""bbox"": [380.4545454545455, 210.68831168831167, 441.4935064935065, 297.7012987012987], ""confidence"": 0.95, ""image_id"": ""img_118"", ""is_component"": false, ""is_defect"": true, ""num_spatters"": 66, ""density"": ""high""}"
416,"[__Node__, Defect, spatter_cluster]",Spatter Cluster,"{""local_id"": 3, ""class"": ""spatter_cluster"", ""bbox"": [160.97402597402595, 265.23376623376623, 281.75324675324674, 419.7792207792208], ""confidence"": 0.95, ""image_id"": ""img_118"", ""is_component"": false, ""is_defect"": true, ""num_spatters"": 233, ""density"": ""high""}"
417,"[__Node__, Defect, spatter_cluster]",Spatter Cluster,"{""local_id"": 4, ""class"": ""spatter_cluster"", ""bbox"": [320.7142857142857, 530.1688311688312, 389.5454545454545, 648.3506493506493], ""confidence"": 0.95, ""image_id"": ""img_118"", ""is_component"": false, ""is_defect"": true, ""num_spatters"": 101, ""density"": ""high""}"
418,"[__Node__, Defect, porosity_region]",Porosity Region,"{""local_id"": 5, ""class"": ""porosity_region"", ""bbox"": [680.1418439716313, 419.8581560283688, 757.4468085106383, 509.2198581560284], ""confidence"": 0.95, ""image_id"": ""img_118"", ""is_component"": false, ""is_defect"": true, ""num_pores"": 27, ""density"": ""very_high""}"
419,"[__Node__, Defect, porosity_region]",Porosity Region,"{""local_id"": 6, ""class"": ""porosity_region"", ""bbox"": [660.974025974026, 680.8181818181818, 754.4805194805194, 793.8051948051948], ""confidence"": 0.95, ""image_id"": ""img_118"", ""is_component"": false, ""is_defect"": true, ""num_pores"": 42, ""density"": ""very_high""}"
420,"[__Node__, Component, weld_seam]",Weld Seam,"{""local_id"": -1, ""class"": ""weld_seam"", ""bbox"": [0, 217.11624144177327, 982.2929937674619, 599.9162414417733], ""confidence"": 0.85, ""image_id"": """", ""is_component"": true, ""is_defect"": false, ""aspect_ratio"": 2.566073651430151, ""position"": ""center""}"
421,"[__Node__, Component, weld_surface]",Weld Surface,"{""local_id"": -2, ""class"": ""weld_surface"", ""bbox"": [38.28, 255.39624144177327, 944.0129937674619, 561.6362414417733], ""confidence"": 0.8, ""image_id"": """", ""is_component"": true, ""is_defect"": false, ""aspect_ratio"": 2.9575920642876885, ""position"": ""center""}"
422,"[__Node__, Defect, crack_line]",Crack Line,"{""local_id"": 1, ""class"": ""crack_line"", ""bbox"": [6.576036866359445, 199.53917050691246, 268.3271889400922, 265.4377880184332], ""confidence"": 0.95, ""image_id"": ""img_119"", ""is_component"": false, ""is_defect"": true, ""length"": 261.7511520737327, ""orientation"": ""horizontal"", ""type"": ""longitudinal""}"
423,"[__Node__, Defect, pit_depression]",Pit Depression,"{""local_id"": 2, ""class"": ""pit_depression"", ""bbox"": [293.21198156682027, 175.1152073732719, 372.01382488479265, 264.0552995391705], ""confidence"": 0.95, ""image_id"": ""img_119"", ""is_component"": false, ""is_defect"": true, ""depth_estimate"": 23.640552995391715, ""shape_regularity"": ""irregular""}"
424,"[__Node__, Component, weld_seam]",Weld Seam,"{""local_id"": -1, ""class"": ""weld_seam"", ""bbox"": [60.43225806451616, 158.236866359447, 409.6322580645161, 293.836866359447], ""confidence"": 0.85, ""image_id"": """", ""is_component"": true, ""is_defect"": false, ""aspect_ratio"": 2.575221238938052, ""position"": ""center""}"
425,"[__Node__, Component, weld_surface]",Weld Surface,"{""local_id"": -2, ""class"": ""weld_surface"", ""bbox"": [73.99225806451616, 171.796866359447, 396.0722580645161, 280.276866359447], ""confidence"": 0.8, ""image_id"": """", ""is_component"": true, ""is_defect"": false, ""aspect_ratio"": 2.969026548672565, ""position"": ""edge""}"
426,"[__Node__, Defect, spatter_cluster]",Spatter Cluster,"{""local_id"": 1, ""class"": ""spatter_cluster"", ""bbox"": [916.421052631579, 695.9473684210526, 1063.7894736842104, 757.7894736842105], ""confidence"": 0.95, ""image_id"": ""img_120"", ""is_component"": false, ""is_defect"": true, ""num_spatters"": 113, ""density"": ""high""}"
427,"[__Node__, Defect, spatter_cluster]",Spatter Cluster,"{""local_id"": 2, ""class"": ""spatter_cluster"", ""bbox"": [757.2105263157895, 467.0, 913.7894736842104, 569.6315789473684], ""confidence"": 0.95, ""image_id"": ""img_120"", ""is_component"": false, ""is_defect"": true, ""num_spatters"": 200, ""density"": ""high""}"
428,"[__Node__, Component, weld_seam]",Weld Seam,"{""local_id"": -1, ""class"": ""weld_seam"", ""bbox"": [401.00263157894733, 430.5921052631579, 1424.6026315789472, 814.5921052631579], ""confidence"": 0.85, ""image_id"": """", ""is_component"": true, ""is_defect"": false, ""aspect_ratio"": 2.665625, ""position"": ""edge""}"
429,"[__Node__, Component, weld_surface]",Weld Surface,"{""local_id"": -2, ""class"": ""weld_surface"", ""bbox"": [439.4026315789473, 468.9921052631579, 1386.2026315789471, 776.1921052631579], ""confidence"": 0.8, ""image_id"": """", ""is_component"": true, ""is_defect"": false, ""aspect_ratio"": 3.082031249999999, ""position"": ""edge""}"
430,"[__Node__, Defect, spatter_cluster]",Spatter Cluster,"{""local_id"": 1, ""class"": ""spatter_cluster"", ""bbox"": [349.0, 1313.8888888888891, 1046.2222222222222, 1736.1111111111113], ""confidence"": 0.95, ""image_id"": ""img_121"", ""is_component"": false, ""is_defect"": true, ""num_spatters"": 3679, ""density"": ""high""}"
431,"[__Node__, Defect, spatter_cluster]",Spatter Cluster,"{""local_id"": 2, ""class"": ""spatter_cluster"", ""bbox"": [779.5555555555557, 977.7777777777778, 1468.4444444444446, 1300.0], ""confidence"": 0.95, ""image_id"": ""img_121"", ""is_component"": false, ""is_defect"": true, ""num_spatters"": 2774, ""density"": ""high""}"
432,"[__Node__, Defect, spatter_cluster]",Spatter Cluster,"{""local_id"": 3, ""class"": ""spatter_cluster"", ""bbox"": [712.8888888888889, 391.6666666666667, 943.4444444444446, 591.6666666666667], ""confidence"": 0.95, ""image_id"": ""img_121"", ""is_component"": false, ""is_defect"": true, ""num_spatters"": 576, ""density"": ""high""}"
433,"[__Node__, Component, weld_seam]",Weld Seam,"{""local_id"": -1, ""class"": ""weld_seam"", ""bbox"": [0, 641.451851851852, 1977.6592592592592, 1462.2518518518518], ""confidence"": 0.85, ""image_id"": """", ""is_component"": true, ""is_defect"": false, ""aspect_ratio"": 2.409428922099488, ""position"": ""center""}"
434,"[__Node__, Component, weld_surface]",Weld Surface,"{""local_id"": -2, ""class"": ""weld_surface"", ""bbox"": [82.08, 723.531851851852, 1895.5792592592593, 1380.171851851852], ""confidence"": 0.8, ""image_id"": """", ""is_component"": true, ""is_defect"": false, ""aspect_ratio"": 2.76178615262436, ""position"": ""center""}"
435,"[__Node__, Defect, spatter_cluster]",Spatter Cluster,"{""local_id"": 1, ""class"": ""spatter_cluster"", ""bbox"": [555.5702279651224, 404.79041916167665, 639.5209580838324, 601.1546380922364], ""confidence"": 0.95, ""image_id"": ""img_122"", ""is_component"": false, ""is_defect"": true, ""num_spatters"": 206, ""density"": ""high""}"
436,"[__Node__, Defect, spatter_cluster]",Spatter Cluster,"{""local_id"": 2, ""class"": ""spatter_cluster"", ""bbox"": [579.5254237288136, 1438.135593220339, 661.7288135593221, 1600.8474576271187], ""confidence"": 0.95, ""image_id"": ""img_122"", ""is_component"": false, ""is_defect"": true, ""num_spatters"": 167, ""density"": ""high""}"
437,"[__Node__, Component, weld_seam]",Weld Seam,"{""local_id"": -1, ""class"": ""weld_seam"", ""bbox"": [225.08635583427258, 755.3320270253428, 993.0863558342726, 1267.1320270253427], ""confidence"": 0.85, ""image_id"": """", ""is_component"": true, ""is_defect"": false, ""aspect_ratio"": 1.500586166471278, ""position"": ""edge""}"
438,"[__Node__, Component, weld_surface]",Weld Surface,"{""local_id"": -2, ""class"": ""weld_surface"", ""bbox"": [276.2663558342726, 806.5120270253427, 941.9063558342726, 1215.9520270253427], ""confidence"": 0.8, ""image_id"": """", ""is_component"": true, ""is_defect"": false, ""aspect_ratio"": 1.6257327080890978, ""position"": ""edge""}"
439,"[__Node__, Defect, spatter_cluster]",Spatter Cluster,"{""local_id"": 1, ""class"": ""spatter_cluster"", ""bbox"": [410.2264150943396, 820.754716981132, 570.6037735849056, 946.2264150943396], ""confidence"": 0.95, ""image_id"": ""img_123"", ""is_component"": false, ""is_defect"": true, ""num_spatters"": 251, ""density"": ""high""}"
440,"[__Node__, Defect, spatter_cluster]",Spatter Cluster,"{""local_id"": 1, ""class"": ""spatter_cluster"", ""bbox"": [563.481228668942, 25.25597269624573, 600.0, 77.81569965870307], ""confidence"": 0.95, ""image_id"": ""img_124"", ""is_component"": false, ""is_defect"": true, ""num_spatters"": 23, ""density"": ""high""}"
441,"[__Node__, Defect, spatter_cluster]",Spatter Cluster,"{""local_id"": 2, ""class"": ""spatter_cluster"", ""bbox"": [528.9473684210526, 637.3684210526316, 601.578947368421, 754.2105263157894], ""confidence"": 0.95, ""image_id"": ""img_124"", ""is_component"": false, ""is_defect"": true, ""num_spatters"": 106, ""density"": ""high""}"
442,"[__Node__, Defect, spatter_cluster]",Spatter Cluster,"{""local_id"": 3, ""class"": ""spatter_cluster"", ""bbox"": [481.57894736842104, 765.7894736842105, 598.421052631579, 823.6842105263157], ""confidence"": 0.95, ""image_id"": ""img_124"", ""is_component"": false, ""is_defect"": true, ""num_spatters"": 84, ""density"": ""high""}"
443,"[__Node__, Defect, spatter_cluster]",Spatter Cluster,"{""local_id"": 4, ""class"": ""spatter_cluster"", ""bbox"": [553.5483870967741, 559.3548387096774, 598.0645161290322, 612.258064516129], ""confidence"": 0.95, ""image_id"": ""img_124"", ""is_component"": false, ""is_defect"": true, ""num_spatters"": 29, ""density"": ""high""}"
444,"[__Node__, Defect, spatter_cluster]",Spatter Cluster,"{""local_id"": 5, ""class"": ""spatter_cluster"", ""bbox"": [717.4193548387096, 859.3548387096774, 765.8064516129032, 923.2258064516129], ""confidence"": 0.95, ""image_id"": ""img_124"", ""is_component"": false, ""is_defect"": true, ""num_spatters"": 38, ""density"": ""high""}"
445,"[__Node__, Defect, spatter_cluster]",Spatter Cluster,"{""local_id"": 6, ""class"": ""spatter_cluster"", ""bbox"": [521.9354838709677, 869.0322580645161, 596.7741935483871, 976.7741935483871], ""confidence"": 0.95, ""image_id"": ""img_124"", ""is_component"": false, ""is_defect"": true, ""num_spatters"": 100, ""density"": ""high""}"
446,"[__Node__, Defect, pit_depression]",Pit Depression,"{""local_id"": 7, ""class"": ""pit_depression"", ""bbox"": [605.1612903225806, 1520.0, 663.8709677419355, 1596.1290322580644], ""confidence"": 0.95, ""image_id"": ""img_124"", ""is_component"": false, ""is_defect"": true, ""depth_estimate"": 17.612903225806463, ""shape_regularity"": ""irregular""}"
447,"[__Node__, Component, weld_seam]",Weld Seam,"{""local_id"": -1, ""class"": ""weld_seam"", ""bbox"": [215.75629925855048, 529.8323811565685, 983.7562992585505, 1041.6323811565685], ""confidence"": 0.85, ""image_id"": """", ""is_component"": true, ""is_defect"": false, ""aspect_ratio"": 1.500586166471278, ""position"": ""edge""}"
448,"[__Node__, Component, weld_surface]",Weld Surface,"{""local_id"": -2, ""class"": ""weld_surface"", ""bbox"": [266.9362992585505, 581.0123811565685, 932.5762992585505, 990.4523811565685], ""confidence"": 0.8, ""image_id"": """", ""is_component"": true, ""is_defect"": false, ""aspect_ratio"": 1.6257327080890973, ""position"": ""edge""}"
449,"[__Node__, Defect, crack_line]",Crack Line,"{""local_id"": 1, ""class"": ""crack_line"", ""bbox"": [1197.163120567376, 815.6028368794326, 1359.5744680851064, 888.6524822695036], ""confidence"": 0.95, ""image_id"": ""img_125"", ""is_component"": false, ""is_defect"": true, ""length"": 162.41134751773052, ""orientation"": ""horizontal"", ""type"": ""longitudinal""}"
450,"[__Node__, Defect, crack_line]",Crack Line,"{""local_id"": 2, ""class"": ""crack_line"", ""bbox"": [1030.3370786516855, 826.9662921348314, 1114.6067415730338, 887.6404494382023], ""confidence"": 0.95, ""image_id"": ""img_125"", ""is_component"": false, ""is_defect"": true, ""length"": 84.2696629213483, ""orientation"": ""horizontal"", ""type"": ""longitudinal""}"
451,"[__Node__, Component, weld_seam]",Weld Seam,"{""local_id"": -1, ""class"": ""weld_seam"", ""bbox"": [428.4203522193004, 638.1155151804925, 1922.4203522193004, 1071.3155151804924], ""confidence"": 0.85, ""image_id"": """", ""is_component"": true, ""is_defect"": false, ""aspect_ratio"": 3.4487534626038787, ""position"": ""edge""}"
452,"[__Node__, Component, weld_surface]",Weld Surface,"{""local_id"": -2, ""class"": ""weld_surface"", ""bbox"": [471.7403522193004, 681.4355151804925, 1879.1003522193005, 1027.9955151804925], ""confidence"": 0.8, ""image_id"": """", ""is_component"": true, ""is_defect"": false, ""aspect_ratio"": 4.060941828254848, ""position"": ""edge""}"
453,"[__Node__, Defect, spatter_cluster]",Spatter Cluster,"{""local_id"": 1, ""class"": ""spatter_cluster"", ""bbox"": [525.6315789473684, 406.4736842105263, 758.5263157894736, 747.2631578947369], ""confidence"": 0.95, ""image_id"": ""img_126"", ""is_component"": false, ""is_defect"": true, ""num_spatters"": 992, ""density"": ""high""}"
454,"[__Node__, Defect, spatter_cluster]",Spatter Cluster,"{""local_id"": 1, ""class"": ""spatter_cluster"", ""bbox"": [866.9999999999998, 508.29824561403507, 956.4736842105262, 622.3333333333333], ""confidence"": 0.95, ""image_id"": ""img_127"", ""is_component"": false, ""is_defect"": true, ""num_spatters"": 127, ""density"": ""high""}"
455,"[__Node__, Defect, spatter_cluster]",Spatter Cluster,"{""local_id"": 1, ""class"": ""spatter_cluster"", ""bbox"": [547.7017543859647, 866.1929824561403, 824.8947368421052, 996.017543859649], ""confidence"": 0.95, ""image_id"": ""img_128"", ""is_component"": false, ""is_defect"": true, ""num_spatters"": 449, ""density"": ""high""}"
456,"[__Node__, Defect, spatter_cluster]",Spatter Cluster,"{""local_id"": 1, ""class"": ""spatter_cluster"", ""bbox"": [677.1604938271604, 496.91358024691357, 770.3703703703703, 642.5925925925925], ""confidence"": 0.95, ""image_id"": ""img_129"", ""is_component"": false, ""is_defect"": true, ""num_spatters"": 169, ""density"": ""high""}"
457,"[__Node__, Defect, spatter_cluster]",Spatter Cluster,"{""local_id"": 2, ""class"": ""spatter_cluster"", ""bbox"": [703.0864197530864, 1025.9259259259259, 754.3209876543209, 1080.8641975308642], ""confidence"": 0.95, ""image_id"": ""img_129"", ""is_component"": false, ""is_defect"": true, ""num_spatters"": 35, ""density"": ""high""}"
458,"[__Node__, Defect, spatter_cluster]",Spatter Cluster,"{""local_id"": 3, ""class"": ""spatter_cluster"", ""bbox"": [703.7037037037037, 1302.469135802469, 762.3456790123456, 1408.6419753086418], ""confidence"": 0.95, ""image_id"": ""img_129"", ""is_component"": false, ""is_defect"": true, ""num_spatters"": 77, ""density"": ""high""}"
459,"[__Node__, Defect, spatter_cluster]",Spatter Cluster,"{""local_id"": 4, ""class"": ""spatter_cluster"", ""bbox"": [693.8271604938271, 909.2592592592592, 756.1728395061727, 982.7160493827159], ""confidence"": 0.95, ""image_id"": ""img_129"", ""is_component"": false, ""is_defect"": true, ""num_spatters"": 57, ""density"": ""high""}"
460,"[__Node__, Component, weld_seam]",Weld Seam,"{""local_id"": -1, ""class"": ""weld_seam"", ""bbox"": [343.62345679012344, 725.2728395061728, 1111.6234567901233, 1237.0728395061728], ""confidence"": 0.85, ""image_id"": """", ""is_component"": true, ""is_defect"": false, ""aspect_ratio"": 1.5005861664712774, ""position"": ""edge""}"
461,"[__Node__, Component, weld_surface]",Weld Surface,"{""local_id"": -2, ""class"": ""weld_surface"", ""bbox"": [394.80345679012345, 776.4528395061727, 1060.4434567901233, 1185.8928395061728], ""confidence"": 0.8, ""image_id"": """", ""is_component"": true, ""is_defect"": false, ""aspect_ratio"": 1.6257327080890969, ""position"": ""edge""}"
462,"[__Node__, Defect, spatter_cluster]",Spatter Cluster,"{""local_id"": 1, ""class"": ""spatter_cluster"", ""bbox"": [251.9473684210526, 842.0, 371.68421052631584, 915.6842105263157], ""confidence"": 0.95, ""image_id"": ""img_130"", ""is_component"": false, ""is_defect"": true, ""num_spatters"": 110, ""density"": ""high""}"
463,"[__Node__, Defect, spatter_cluster]",Spatter Cluster,"{""local_id"": 2, ""class"": ""spatter_cluster"", ""bbox"": [783.5263157894736, 776.2105263157895, 937.4736842105262, 834.1052631578947], ""confidence"": 0.95, ""image_id"": ""img_130"", ""is_component"": false, ""is_defect"": true, ""num_spatters"": 111, ""density"": ""high""}"
464,"[__Node__, Defect, spatter_cluster]",Spatter Cluster,"{""local_id"": 3, ""class"": ""spatter_cluster"", ""bbox"": [1353.2631578947369, 732.7894736842105, 1519.0526315789473, 810.421052631579], ""confidence"": 0.95, ""image_id"": ""img_130"", ""is_component"": false, ""is_defect"": true, ""num_spatters"": 160, ""density"": ""high""}"
465,"[__Node__, Component, weld_seam]",Weld Seam,"{""local_id"": -1, ""class"": ""weld_seam"", ""bbox"": [357.6912280701755, 626.5350877192983, 1381.2912280701753, 1010.5350877192983], ""confidence"": 0.85, ""image_id"": """", ""is_component"": true, ""is_defect"": false, ""aspect_ratio"": 2.6656249999999995, ""position"": ""edge""}"
466,"[__Node__, Component, weld_surface]",Weld Surface,"{""local_id"": -2, ""class"": ""weld_surface"", ""bbox"": [396.0912280701755, 664.9350877192983, 1342.8912280701752, 972.1350877192983], ""confidence"": 0.8, ""image_id"": """", ""is_component"": true, ""is_defect"": false, ""aspect_ratio"": 3.0820312499999987, ""position"": ""edge""}"
467,"[__Node__, Defect, spatter_cluster]",Spatter Cluster,"{""local_id"": 1, ""class"": ""spatter_cluster"", ""bbox"": [489.8070175438595, 450.40350877192975, 631.9122807017543, 736.3684210526314], ""confidence"": 0.95, ""image_id"": ""img_131"", ""is_component"": false, ""is_defect"": true, ""num_spatters"": 507, ""density"": ""high""}"
468,"[__Node__, Defect, spatter_cluster]",Spatter Cluster,"{""local_id"": 2, ""class"": ""spatter_cluster"", ""bbox"": [475.7719298245613, 38.122807017543856, 649.4561403508771, 160.92982456140348], ""confidence"": 0.95, ""image_id"": ""img_131"", ""is_component"": false, ""is_defect"": true, ""num_spatters"": 266, ""density"": ""high""}"
469,"[__Node__, Component, weld_seam]",Weld Seam,"{""local_id"": -1, ""class"": ""weld_seam"", ""bbox"": [177.73684210526312, 90.55614035087711, 945.7368421052631, 602.356140350877], ""confidence"": 0.85, ""image_id"": """", ""is_component"": true, ""is_defect"": false, ""aspect_ratio"": 1.500586166471278, ""position"": ""edge""}"
470,"[__Node__, Component, weld_surface]",Weld Surface,"{""local_id"": -2, ""class"": ""weld_surface"", ""bbox"": [228.91684210526313, 141.73614035087712, 894.5568421052632, 551.1761403508771], ""confidence"": 0.8, ""image_id"": """", ""is_component"": true, ""is_defect"": false, ""aspect_ratio"": 1.6257327080890978, ""position"": ""edge""}"
471,"[__Node__, Defect, spatter_cluster]",Spatter Cluster,"{""local_id"": 1, ""class"": ""spatter_cluster"", ""bbox"": [1243.2857142857144, 3409.5238095238096, 1462.3333333333335, 3764.285714285714], ""confidence"": 0.95, ""image_id"": ""img_132"", ""is_component"": false, ""is_defect"": true, ""num_spatters"": 971, ""density"": ""high""}"
472,"[__Node__, Defect, overlap_bump]",Overlap Bump,"{""local_id"": 2, ""class"": ""overlap_bump"", ""bbox"": [1388.5238095238096, 2557.1428571428573, 1590.904761904762, 2759.5238095238096], ""confidence"": 0.95, ""image_id"": ""img_132"", ""is_component"": false, ""is_defect"": true, ""height_estimate"": 161.90476190476184, ""shape"": ""protrusion""}"
473,"[__Node__, Defect, overlap_bump]",Overlap Bump,"{""local_id"": 3, ""class"": ""overlap_bump"", ""bbox"": [1548.047619047619, 3761.904761904762, 1759.9523809523812, 3995.2380952380954], ""confidence"": 0.95, ""image_id"": ""img_132"", ""is_component"": false, ""is_defect"": true, ""height_estimate"": 169.52380952380975, ""shape"": ""protrusion""}"
474,"[__Node__, Defect, overlap_bump]",Overlap Bump,"{""local_id"": 4, ""class"": ""overlap_bump"", ""bbox"": [1212.3333333333335, 857.1428571428572, 1376.6190476190477, 1035.7142857142858], ""confidence"": 0.95, ""image_id"": ""img_132"", ""is_component"": false, ""is_defect"": true, ""height_estimate"": 131.4285714285714, ""shape"": ""protrusion""}"
475,"[__Node__, Component, weld_seam]",Weld Seam,"{""local_id"": -1, ""class"": ""weld_seam"", ""bbox"": [540.5500000000001, 2162.7595238095237, 2354.95, 3372.359523809524], ""confidence"": 0.85, ""image_id"": """", ""is_component"": true, ""is_defect"": false, ""aspect_ratio"": 1.4999999999999993, ""position"": ""edge""}"
476,"[__Node__, Component, weld_surface]",Weld Surface,"{""local_id"": -2, ""class"": ""weld_surface"", ""bbox"": [661.5100000000001, 2283.7195238095237, 2233.99, 3251.399523809524], ""confidence"": 0.8, ""image_id"": """", ""is_component"": true, ""is_defect"": false, ""aspect_ratio"": 1.6249999999999991, ""position"": ""edge""}"
477,"[__Node__, Defect, spatter_cluster]",Spatter Cluster,"{""local_id"": 1, ""class"": ""spatter_cluster"", ""bbox"": [764.5569620253165, 1212.6582278481012, 1139.240506329114, 1427.8481012658228], ""confidence"": 0.95, ""image_id"": ""img_133"", ""is_component"": false, ""is_defect"": true, ""num_spatters"": 1007, ""density"": ""high""}"
478,"[__Node__, Defect, porosity_region]",Porosity Region,"{""local_id"": 1, ""class"": ""porosity_region"", ""bbox"": [1895.8947368421052, 1237.6315789473683, 2101.157894736842, 1363.9473684210527], ""confidence"": 0.95, ""image_id"": ""img_134"", ""is_component"": false, ""is_defect"": true, ""num_pores"": 103, ""density"": ""very_high""}"
479,"[__Node__, Defect, spatter_cluster]",Spatter Cluster,"{""local_id"": 1, ""class"": ""spatter_cluster"", ""bbox"": [1210.8695652173913, 1054.3478260869565, 2550.0, 1767.391304347826], ""confidence"": 0.95, ""image_id"": ""img_135"", ""is_component"": false, ""is_defect"": true, ""num_spatters"": 11935, ""density"": ""high""}"
480,"[__Node__, Defect, spatter_cluster]",Spatter Cluster,"{""local_id"": 1, ""class"": ""spatter_cluster"", ""bbox"": [1403.7894736842104, 890.2631578947369, 2024.842105263158, 1387.6315789473683], ""confidence"": 0.95, ""image_id"": ""img_136"", ""is_component"": false, ""is_defect"": true, ""num_spatters"": 3861, ""density"": ""high""}"
481,"[__Node__, Defect, spatter_cluster]",Spatter Cluster,"{""local_id"": 1, ""class"": ""spatter_cluster"", ""bbox"": [955.6962025316456, 2051.898734177215, 1246.8354430379745, 2515.1898734177216], ""confidence"": 0.95, ""image_id"": ""img_137"", ""is_component"": false, ""is_defect"": true, ""num_spatters"": 1686, ""density"": ""high""}"
482,"[__Node__, Defect, spatter_cluster]",Spatter Cluster,"{""local_id"": 1, ""class"": ""spatter_cluster"", ""bbox"": [1090.6315789473683, 1019.2105263157894, 2243.2631578947367, 1569.2105263157894], ""confidence"": 0.95, ""image_id"": ""img_138"", ""is_component"": false, ""is_defect"": true, ""num_spatters"": 7924, ""density"": ""high""}"
483,"[__Node__, Defect, undercut_groove]",Undercut Groove,"{""local_id"": 1, ""class"": ""undercut_groove"", ""bbox"": [1452.7272727272725, 1749.090909090909, 1601.8181818181818, 2054.5454545454545], ""confidence"": 0.95, ""image_id"": ""img_139"", ""is_component"": false, ""is_defect"": true, ""depth_estimate"": 74.54545454545462, ""location"": ""edge""}"
484,"[__Node__, Defect, undercut_groove]",Undercut Groove,"{""local_id"": 2, ""class"": ""undercut_groove"", ""bbox"": [1494.5454545454545, 2189.090909090909, 1616.3636363636363, 2443.6363636363635], ""confidence"": 0.95, ""image_id"": ""img_139"", ""is_component"": false, ""is_defect"": true, ""depth_estimate"": 60.90909090909088, ""location"": ""edge""}"
485,"[__Node__, Defect, undercut_groove]",Undercut Groove,"{""local_id"": 3, ""class"": ""undercut_groove"", ""bbox"": [1494.5454545454545, 2574.5454545454545, 1625.4545454545453, 2892.7272727272725], ""confidence"": 0.95, ""image_id"": ""img_139"", ""is_component"": false, ""is_defect"": true, ""depth_estimate"": 65.45454545454538, ""location"": ""edge""}"
486,"[__Node__, Defect, undercut_groove]",Undercut Groove,"{""local_id"": 4, ""class"": ""undercut_groove"", ""bbox"": [1519.9999999999998, 2945.454545454545, 1632.7272727272725, 3156.363636363636], ""confidence"": 0.95, ""image_id"": ""img_139"", ""is_component"": false, ""is_defect"": true, ""depth_estimate"": 56.363636363636374, ""location"": ""edge""}"
487,"[__Node__, Defect, undercut_groove]",Undercut Groove,"{""local_id"": 5, ""class"": ""undercut_groove"", ""bbox"": [1532.7272727272725, 3283.6363636363635, 1634.5454545454545, 3472.7272727272725], ""confidence"": 0.95, ""image_id"": ""img_139"", ""is_component"": false, ""is_defect"": true, ""depth_estimate"": 50.90909090909099, ""location"": ""edge""}"
488,"[__Node__, Defect, undercut_groove]",Undercut Groove,"{""local_id"": 6, ""class"": ""undercut_groove"", ""bbox"": [1943.6363636363635, 2307.272727272727, 2081.8181818181815, 2661.8181818181815], ""confidence"": 0.95, ""image_id"": ""img_139"", ""is_component"": false, ""is_defect"": true, ""depth_estimate"": 69.09090909090901, ""location"": ""edge""}"
489,"[__Node__, Defect, undercut_groove]",Undercut Groove,"{""local_id"": 7, ""class"": ""undercut_groove"", ""bbox"": [1470.9090909090908, 609.090909090909, 1641.8181818181818, 1185.4545454545453], ""confidence"": 0.95, ""image_id"": ""img_139"", ""is_component"": false, ""is_defect"": true, ""depth_estimate"": 85.4545454545455, ""location"": ""edge""}"
490,"[__Node__, Defect, undercut_groove]",Undercut Groove,"{""local_id"": 8, ""class"": ""undercut_groove"", ""bbox"": [1494.5454545454545, 1220.0, 1645.4545454545453, 1632.7272727272725], ""confidence"": 0.95, ""image_id"": ""img_139"", ""is_component"": false, ""is_defect"": true, ""depth_estimate"": 75.45454545454538, ""location"": ""edge""}"
491,"[__Node__, Component, weld_seam]",Weld Seam,"{""local_id"": -1, ""class"": ""weld_seam"", ""bbox"": [712.9272727272726, 1668.8363636363636, 2522.5272727272722, 2878.4363636363632], ""confidence"": 0.85, ""image_id"": """", ""is_component"": true, ""is_defect"": false, ""aspect_ratio"": 1.4960317460317463, ""position"": ""edge""}"
492,"[__Node__, Component, weld_surface]",Weld Surface,"{""local_id"": -2, ""class"": ""weld_surface"", ""bbox"": [833.8872727272726, 1789.7963636363636, 2401.567272727272, 2757.476363636363], ""confidence"": 0.8, ""image_id"": """", ""is_component"": true, ""is_defect"": false, ""aspect_ratio"": 1.6200396825396828, ""position"": ""edge""}"
493,"[__Node__, Defect, porosity_region]",Porosity Region,"{""local_id"": 1, ""class"": ""porosity_region"", ""bbox"": [1661.764705882353, 486.7647058823529, 1857.3529411764705, 775.0], ""confidence"": 0.95, ""image_id"": ""img_140"", ""is_component"": false, ""is_defect"": true, ""num_pores"": 225, ""density"": ""very_high""}"
494,"[__Node__, Defect, porosity_region]",Porosity Region,"{""local_id"": 2, ""class"": ""porosity_region"", ""bbox"": [1651.470588235294, 1338.235294117647, 1826.470588235294, 1838.2352941176468], ""confidence"": 0.95, ""image_id"": ""img_140"", ""is_component"": false, ""is_defect"": true, ""num_pores"": 349, ""density"": ""very_high""}"
495,"[__Node__, Defect, undercut_groove]",Undercut Groove,"{""local_id"": 3, ""class"": ""undercut_groove"", ""bbox"": [1844.1176470588234, 1305.8823529411764, 1979.4117647058822, 1751.470588235294], ""confidence"": 0.95, ""image_id"": ""img_140"", ""is_component"": false, ""is_defect"": true, ""depth_estimate"": 67.64705882352939, ""location"": ""edge""}"
496,"[__Node__, Component, weld_seam]",Weld Seam,"{""local_id"": -1, ""class"": ""weld_seam"", ""bbox"": [903.4313725490192, 649.2647058823529, 2703.431372549019, 1849.264705882353], ""confidence"": 0.85, ""image_id"": """", ""is_component"": true, ""is_defect"": false, ""aspect_ratio"": 1.5, ""position"": ""edge""}"
497,"[__Node__, Component, weld_surface]",Weld Surface,"{""local_id"": -2, ""class"": ""weld_surface"", ""bbox"": [1023.4313725490192, 769.2647058823529, 2583.431372549019, 1729.264705882353], ""confidence"": 0.8, ""image_id"": """", ""is_component"": true, ""is_defect"": false, ""aspect_ratio"": 1.625, ""position"": ""edge""}"
498,"[__Node__, Defect, porosity_region]",Porosity Region,"{""local_id"": 1, ""class"": ""porosity_region"", ""bbox"": [2136.666666666667, 1630.0, 2330.0, 1791.6666666666667], ""confidence"": 0.95, ""image_id"": ""img_141"", ""is_component"": false, ""is_defect"": true, ""num_pores"": 125, ""density"": ""very_high""}"
499,"[__Node__, Defect, porosity_region]",Porosity Region,"{""local_id"": 2, ""class"": ""porosity_region"", ""bbox"": [1400.0, 1623.3333333333335, 1638.3333333333335, 1766.6666666666667], ""confidence"": 0.95, ""image_id"": ""img_141"", ""is_component"": false, ""is_defect"": true, ""num_pores"": 136, ""density"": ""very_high""}"
500,"[__Node__, Component, weld_seam]",Weld Seam,"{""local_id"": -1, ""class"": ""weld_seam"", ""bbox"": [652.25, 1243.9166666666667, 3100.25, 2161.916666666667], ""confidence"": 0.85, ""image_id"": """", ""is_component"": true, ""is_defect"": false, ""aspect_ratio"": 2.666666666666666, ""position"": ""edge""}"
501,"[__Node__, Component, weld_surface]",Weld Surface,"{""local_id"": -2, ""class"": ""weld_surface"", ""bbox"": [744.05, 1335.7166666666667, 3008.45, 2070.116666666667], ""confidence"": 0.8, ""image_id"": """", ""is_component"": true, ""is_defect"": false, ""aspect_ratio"": 3.0833333333333326, ""position"": ""edge""}"
502,"[__Node__, Defect, porosity_region]",Porosity Region,"{""local_id"": 1, ""class"": ""porosity_region"", ""bbox"": [2148.780487804878, 1239.0243902439024, 2274.3902439024387, 1330.4878048780488], ""confidence"": 0.95, ""image_id"": ""img_142"", ""is_component"": false, ""is_defect"": true, ""num_pores"": 45, ""density"": ""very_high""}"
503,"[__Node__, Defect, porosity_region]",Porosity Region,"{""local_id"": 1, ""class"": ""porosity_region"", ""bbox"": [2095.8947368421054, 1203.421052631579, 2277.4736842105262, 1316.578947368421], ""confidence"": 0.95, ""image_id"": ""img_143"", ""is_component"": false, ""is_defect"": true, ""num_pores"": 82, ""density"": ""very_high""}"
504,"[__Node__, Defect, porosity_region]",Porosity Region,"{""local_id"": 1, ""class"": ""porosity_region"", ""bbox"": [1811.6842105263158, 961.3157894736842, 1998.5263157894738, 1085.0], ""confidence"": 0.95, ""image_id"": ""img_144"", ""is_component"": false, ""is_defect"": true, ""num_pores"": 92, ""density"": ""very_high""}"
505,"[__Node__, Defect, undercut_groove]",Undercut Groove,"{""local_id"": 2, ""class"": ""undercut_groove"", ""bbox"": [645.4545454545455, 793.939393939394, 968.6868686868687, 930.3030303030303], ""confidence"": 0.95, ""image_id"": ""img_144"", ""is_component"": false, ""is_defect"": true, ""depth_estimate"": 68.18181818181813, ""location"": ""surface""}"
506,"[__Node__, Defect, undercut_groove]",Undercut Groove,"{""local_id"": 3, ""class"": ""undercut_groove"", ""bbox"": [36.36363636363637, 795.959595959596, 591.9191919191919, 926.2626262626263], ""confidence"": 0.95, ""image_id"": ""img_144"", ""is_component"": false, ""is_defect"": true, ""depth_estimate"": 65.15151515151518, ""location"": ""surface""}"
507,"[__Node__, Defect, pit_depression]",Pit Depression,"{""local_id"": 4, ""class"": ""pit_depression"", ""bbox"": [2348.8888888888887, 991.1111111111111, 2488.8888888888887, 1084.4444444444443], ""confidence"": 0.95, ""image_id"": ""img_144"", ""is_component"": false, ""is_defect"": true, ""depth_estimate"": 27.999999999999975, ""shape_regularity"": ""irregular""}"
508,"[__Node__, Component, weld_seam]",Weld Seam,"{""local_id"": -1, ""class"": ""weld_seam"", ""bbox"": [132.50156831472623, 600.4419989367357, 2590.101568314726, 1291.6419989367357], ""confidence"": 0.85, ""image_id"": """", ""is_component"": true, ""is_defect"": false, ""aspect_ratio"": 3.5555555555555554, ""position"": ""center""}"
509,"[__Node__, Component, weld_surface]",Weld Surface,"{""local_id"": -2, ""class"": ""weld_surface"", ""bbox"": [201.62156831472623, 669.5619989367357, 2520.9815683147262, 1222.5219989367358], ""confidence"": 0.8, ""image_id"": """", ""is_component"": true, ""is_defect"": false, ""aspect_ratio"": 4.194444444444444, ""position"": ""center""}"
510,"[__Node__, Defect, porosity_region]",Porosity Region,"{""local_id"": 1, ""class"": ""porosity_region"", ""bbox"": [1839.1538461538462, 947.6923076923076, 1995.5641025641025, 1093.8461538461538], ""confidence"": 0.95, ""image_id"": ""img_145"", ""is_component"": false, ""is_defect"": true, ""num_pores"": 91, ""density"": ""very_high""}"
511,"[__Node__, Defect, undercut_groove]",Undercut Groove,"{""local_id"": 2, ""class"": ""undercut_groove"", ""bbox"": [3014.5631067961162, 814.5631067961165, 3368.9320388349515, 871.8446601941747], ""confidence"": 0.95, ""image_id"": ""img_145"", ""is_component"": false, ""is_defect"": true, ""depth_estimate"": 28.640776699029118, ""location"": ""surface""}"
512,"[__Node__, Defect, undercut_groove]",Undercut Groove,"{""local_id"": 3, ""class"": ""undercut_groove"", ""bbox"": [4.854368932038835, 1251.4563106796115, 648.5436893203884, 1369.9029126213593], ""confidence"": 0.95, ""image_id"": ""img_145"", ""is_component"": false, ""is_defect"": true, ""depth_estimate"": 59.22330097087388, ""location"": ""surface""}"
513,"[__Node__, Defect, undercut_groove]",Undercut Groove,"{""local_id"": 4, ""class"": ""undercut_groove"", ""bbox"": [671.8446601941747, 1166.990291262136, 1366.0194174757282, 1309.7087378640776], ""confidence"": 0.95, ""image_id"": ""img_145"", ""is_component"": false, ""is_defect"": true, ""depth_estimate"": 71.35922330097083, ""location"": ""surface""}"
514,"[__Node__, Component, weld_seam]",Weld Seam,"{""local_id"": -1, ""class"": ""weld_seam"", ""bbox"": [413.68440378391847, 765.7505601194921, 2813.6844037839182, 1440.750560119492], ""confidence"": 0.85, ""image_id"": """", ""is_component"": true, ""is_defect"": false, ""aspect_ratio"": 3.5555555555555554, ""position"": ""center""}"
515,"[__Node__, Component, weld_surface]",Weld Surface,"{""local_id"": -2, ""class"": ""weld_surface"", ""bbox"": [481.18440378391847, 833.2505601194921, 2746.1844037839182, 1373.250560119492], ""confidence"": 0.8, ""image_id"": """", ""is_component"": true, ""is_defect"": false, ""aspect_ratio"": 4.194444444444445, ""position"": ""edge""}"
516,"[__Node__, Defect, porosity_region]",Porosity Region,"{""local_id"": 1, ""class"": ""porosity_region"", ""bbox"": [2392.666666666667, 1133.6666666666667, 2589.3333333333335, 1330.3333333333335], ""confidence"": 0.95, ""image_id"": ""img_146"", ""is_component"": false, ""is_defect"": true, ""num_pores"": 154, ""density"": ""very_high""}"
517,"[__Node__, Defect, porosity_region]",Porosity Region,"{""local_id"": 1, ""class"": ""porosity_region"", ""bbox"": [1328.666666666667, 2010.0, 1505.3333333333335, 2296.666666666667], ""confidence"": 0.95, ""image_id"": ""img_147"", ""is_component"": false, ""is_defect"": true, ""num_pores"": 202, ""density"": ""very_high""}"
518,"[__Node__, Defect, porosity_region]",Porosity Region,"{""local_id"": 1, ""class"": ""porosity_region"", ""bbox"": [938.2222222222222, 364.6666666666667, 1022.9444444444446, 464.6666666666667], ""confidence"": 0.95, ""image_id"": ""img_148"", ""is_component"": false, ""is_defect"": true, ""num_pores"": 33, ""density"": ""very_high""}"
519,"[__Node__, Defect, porosity_region]",Porosity Region,"{""local_id"": 1, ""class"": ""porosity_region"", ""bbox"": [889.6111111111111, 570.2222222222223, 966.0, 638.2777777777778], ""confidence"": 0.95, ""image_id"": ""img_149"", ""is_component"": false, ""is_defect"": true, ""num_pores"": 20, ""density"": ""very_high""}"
520,"[__Node__, Defect, undercut_groove]",Undercut Groove,"{""local_id"": 2, ""class"": ""undercut_groove"", ""bbox"": [1248.3870967741937, 625.8064516129032, 1496.774193548387, 720.1612903225806], ""confidence"": 0.95, ""image_id"": ""img_149"", ""is_component"": false, ""is_defect"": true, ""depth_estimate"": 47.17741935483872, ""location"": ""surface""}"
521,"[__Node__, Defect, undercut_groove]",Undercut Groove,"{""local_id"": 3, ""class"": ""undercut_groove"", ""bbox"": [583.4532374100719, 646.7625899280575, 1020.863309352518, 752.5179856115108], ""confidence"": 0.95, ""image_id"": ""img_149"", ""is_component"": false, ""is_defect"": true, ""depth_estimate"": 52.877697841726615, ""location"": ""surface""}"
522,"[__Node__, Component, weld_seam]",Weld Seam,"{""local_id"": -1, ""class"": ""weld_seam"", ""bbox"": [522.3814913660472, 466.9580529125087, 1545.981491366047, 850.9580529125087], ""confidence"": 0.85, ""image_id"": """", ""is_component"": true, ""is_defect"": false, ""aspect_ratio"": 2.665625, ""position"": ""edge""}"
523,"[__Node__, Component, weld_surface]",Weld Surface,"{""local_id"": -2, ""class"": ""weld_surface"", ""bbox"": [560.7814913660471, 505.3580529125087, 1507.581491366047, 812.5580529125087], ""confidence"": 0.8, ""image_id"": """", ""is_component"": true, ""is_defect"": false, ""aspect_ratio"": 3.082031249999999, ""position"": ""edge""}"
524,"[__Node__, Defect, porosity_region]",Porosity Region,"{""local_id"": 1, ""class"": ""porosity_region"", ""bbox"": [964.9484536082474, 486.59793814432993, 1035.0515463917527, 570.1030927835052], ""confidence"": 0.95, ""image_id"": ""img_150"", ""is_component"": false, ""is_defect"": true, ""num_pores"": 23, ""density"": ""very_high""}"
525,"[__Node__, Defect, porosity_region]",Porosity Region,"{""local_id"": 2, ""class"": ""porosity_region"", ""bbox"": [1227.8350515463917, 435.0515463917526, 1284.5360824742268, 500.0], ""confidence"": 0.95, ""image_id"": ""img_150"", ""is_component"": false, ""is_defect"": true, ""num_pores"": 14, ""density"": ""very_high""}"
526,"[__Node__, Defect, pit_depression]",Pit Depression,"{""local_id"": 3, ""class"": ""pit_depression"", ""bbox"": [1122.0338983050847, 530.5084745762712, 1212.4293785310733, 603.3898305084746], ""confidence"": 0.95, ""image_id"": ""img_150"", ""is_component"": false, ""is_defect"": true, ""depth_estimate"": 21.86440677966102, ""shape_regularity"": ""irregular""}"
527,"[__Node__, Component, weld_seam]",Weld Seam,"{""local_id"": -1, ""class"": ""weld_seam"", ""bbox"": [458.33906847612934, 328.9418137340555, 1823.9390684761293, 712.9418137340555], ""confidence"": 0.85, ""image_id"": """", ""is_component"": true, ""is_defect"": false, ""aspect_ratio"": 3.55625, ""position"": ""edge""}"
528,"[__Node__, Component, weld_surface]",Weld Surface,"{""local_id"": -2, ""class"": ""weld_surface"", ""bbox"": [496.7390684761293, 367.34181373405545, 1785.5390684761292, 674.5418137340555], ""confidence"": 0.8, ""image_id"": """", ""is_component"": true, ""is_defect"": false, ""aspect_ratio"": 4.195312499999998, ""position"": ""edge""}"
529,"[__Node__, Defect, porosity_region]",Porosity Region,"{""local_id"": 1, ""class"": ""porosity_region"", ""bbox"": [1059.0588235294117, 568.8235294117646, 1167.8823529411764, 661.470588235294], ""confidence"": 0.95, ""image_id"": ""img_151"", ""is_component"": false, ""is_defect"": true, ""num_pores"": 40, ""density"": ""very_high""}"
530,"[__Node__, Defect, undercut_groove]",Undercut Groove,"{""local_id"": 1, ""class"": ""undercut_groove"", ""bbox"": [787.8787878787879, 981.8181818181818, 1627.2727272727273, 1200.0], ""confidence"": 0.95, ""image_id"": ""img_152"", ""is_component"": false, ""is_defect"": true, ""depth_estimate"": 109.09090909090912, ""location"": ""surface""}"
531,"[__Node__, Defect, undercut_groove]",Undercut Groove,"{""local_id"": 2, ""class"": ""undercut_groove"", ""bbox"": [301.5151515151515, 948.4848484848484, 768.1818181818181, 1110.6060606060605], ""confidence"": 0.95, ""image_id"": ""img_152"", ""is_component"": false, ""is_defect"": true, ""depth_estimate"": 81.06060606060606, ""location"": ""surface""}"
532,"[__Node__, Defect, pit_depression]",Pit Depression,"{""local_id"": 3, ""class"": ""pit_depression"", ""bbox"": [1003.030303030303, 1204.5454545454545, 1543.9393939393938, 1366.6666666666665], ""confidence"": 0.95, ""image_id"": ""img_152"", ""is_component"": false, ""is_defect"": true, ""depth_estimate"": 48.636363636363605, ""shape_regularity"": ""irregular""}"
533,"[__Node__, Defect, undercut_groove]",Undercut Groove,"{""local_id"": 4, ""class"": ""undercut_groove"", ""bbox"": [3773.4513274336277, 1344.2477876106193, 4082.300884955752, 1493.8053097345132], ""confidence"": 0.95, ""image_id"": ""img_152"", ""is_component"": false, ""is_defect"": true, ""depth_estimate"": 74.77876106194697, ""location"": ""surface""}"
534,"[__Node__, Defect, undercut_groove]",Undercut Groove,"{""local_id"": 5, ""class"": ""undercut_groove"", ""bbox"": [2788.1889763779527, 1255.1181102362204, 3011.8110236220473, 1347.244094488189], ""confidence"": 0.95, ""image_id"": ""img_152"", ""is_component"": false, ""is_defect"": true, ""depth_estimate"": 46.06299212598424, ""location"": ""surface""}"
535,"[__Node__, Defect, undercut_groove]",Undercut Groove,"{""local_id"": 6, ""class"": ""undercut_groove"", ""bbox"": [3148.672566371681, 1283.1858407079644, 3511.5044247787605, 1412.3893805309733], ""confidence"": 0.95, ""image_id"": ""img_152"", ""is_component"": false, ""is_defect"": true, ""depth_estimate"": 64.60176991150445, ""location"": ""surface""}"
536,"[__Node__, Defect, undercut_groove]",Undercut Groove,"{""local_id"": 7, ""class"": ""undercut_groove"", ""bbox"": [1727.9661016949153, 1126.271186440678, 2472.0338983050847, 1285.5932203389832], ""confidence"": 0.95, ""image_id"": ""img_152"", ""is_component"": false, ""is_defect"": true, ""depth_estimate"": 79.66101694915255, ""location"": ""surface""}"
537,"[__Node__, Defect, porosity_region]",Porosity Region,"{""local_id"": 8, ""class"": ""porosity_region"", ""bbox"": [2919.529411764706, 1424.3529411764705, 3151.882352941176, 1583.1764705882351], ""confidence"": 0.95, ""image_id"": ""img_152"", ""is_component"": false, ""is_defect"": true, ""num_pores"": 147, ""density"": ""very_high""}"
538,"[__Node__, Component, weld_seam]",Weld Seam,"{""local_id"": -1, ""class"": ""weld_seam"", ""bbox"": [1059.8974468789927, 927.3690971233787, 3517.4974468789924, 1618.5690971233785], ""confidence"": 0.85, ""image_id"": """", ""is_component"": true, ""is_defect"": false, ""aspect_ratio"": 3.555555555555556, ""position"": ""edge""}"
539,"[__Node__, Component, weld_surface]",Weld Surface,"{""local_id"": -2, ""class"": ""weld_surface"", ""bbox"": [1129.0174468789926, 996.4890971233787, 3448.3774468789925, 1549.4490971233786], ""confidence"": 0.8, ""image_id"": """", ""is_component"": true, ""is_defect"": false, ""aspect_ratio"": 4.194444444444445, ""position"": ""edge""}"
540,"[__Node__, Defect, undercut_groove]",Undercut Groove,"{""local_id"": 1, ""class"": ""undercut_groove"", ""bbox"": [540.1234567901234, 1161.111111111111, 633.9506172839506, 1370.9876543209875], ""confidence"": 0.95, ""image_id"": ""img_153"", ""is_component"": false, ""is_defect"": true, ""depth_estimate"": 46.91358024691357, ""location"": ""edge""}"
541,"[__Node__, Defect, undercut_groove]",Undercut Groove,"{""local_id"": 2, ""class"": ""undercut_groove"", ""bbox"": [520.3703703703703, 1453.7037037037037, 614.1975308641975, 1581.4814814814813], ""confidence"": 0.95, ""image_id"": ""img_153"", ""is_component"": false, ""is_defect"": true, ""depth_estimate"": 46.91358024691357, ""location"": ""edge""}"
542,"[__Node__, Defect, undercut_groove]",Undercut Groove,"{""local_id"": 3, ""class"": ""undercut_groove"", ""bbox"": [561.7283950617284, 714.8148148148148, 676.5432098765432, 903.0864197530864], ""confidence"": 0.95, ""image_id"": ""img_153"", ""is_component"": false, ""is_defect"": true, ""depth_estimate"": 57.40740740740739, ""location"": ""edge""}"
543,"[__Node__, Component, weld_seam]",Weld Seam,"{""local_id"": -1, ""class"": ""weld_seam"", ""bbox"": [207.15226337448553, 941.630864197531, 975.1522633744855, 1453.4308641975308], ""confidence"": 0.85, ""image_id"": """", ""is_component"": true, ""is_defect"": false, ""aspect_ratio"": 1.5005861664712783, ""position"": ""edge""}"
544,"[__Node__, Component, weld_surface]",Weld Surface,"{""local_id"": -2, ""class"": ""weld_surface"", ""bbox"": [258.33226337448554, 992.8108641975309, 923.9722633744856, 1402.2508641975307], ""confidence"": 0.8, ""image_id"": """", ""is_component"": true, ""is_defect"": false, ""aspect_ratio"": 1.6257327080890982, ""position"": ""edge""}"
545,"[__Node__, Defect, undercut_groove]",Undercut Groove,"{""local_id"": 1, ""class"": ""undercut_groove"", ""bbox"": [605.1724137931035, 1175.0, 666.3793103448276, 1332.7586206896553], ""confidence"": 0.95, ""image_id"": ""img_154"", ""is_component"": false, ""is_defect"": true, ""depth_estimate"": 30.603448275862036, ""location"": ""edge""}"
546,"[__Node__, Defect, undercut_groove]",Undercut Groove,"{""local_id"": 2, ""class"": ""undercut_groove"", ""bbox"": [604.3103448275863, 1333.6206896551726, 662.0689655172414, 1609.4827586206898], ""confidence"": 0.95, ""image_id"": ""img_154"", ""is_component"": false, ""is_defect"": true, ""depth_estimate"": 28.87931034482756, ""location"": ""edge""}"
547,"[__Node__, Defect, undercut_groove]",Undercut Groove,"{""local_id"": 3, ""class"": ""undercut_groove"", ""bbox"": [551.7241379310345, 1913.793103448276, 607.7586206896552, 2181.896551724138], ""confidence"": 0.95, ""image_id"": ""img_154"", ""is_component"": false, ""is_defect"": true, ""depth_estimate"": 28.01724137931035, ""location"": ""edge""}"
548,"[__Node__, Component, weld_seam]",Weld Seam,"{""local_id"": -1, ""class"": ""weld_seam"", ""bbox"": [124.23563218390814, 1043.8919540229886, 1108.2356321839081, 2138.2919540229886], ""confidence"": 0.85, ""image_id"": """", ""is_component"": true, ""is_defect"": false, ""aspect_ratio"": 0.8991228070175438, ""position"": ""center""}"
549,"[__Node__, Component, weld_surface]",Weld Surface,"{""local_id"": -2, ""class"": ""weld_surface"", ""bbox"": [222.63563218390814, 1142.2919540229886, 1009.8356321839082, 2039.8919540229886], ""confidence"": 0.8, ""image_id"": """", ""is_component"": true, ""is_defect"": false, ""aspect_ratio"": 0.8770053475935831, ""position"": ""edge""}"
550,"[__Node__, Defect, undercut_groove]",Undercut Groove,"{""local_id"": 1, ""class"": ""undercut_groove"", ""bbox"": [1533.3333333333335, 1229.1666666666667, 2048.6111111111113, 1426.388888888889], ""confidence"": 0.95, ""image_id"": ""img_155"", ""is_component"": false, ""is_defect"": true, ""depth_estimate"": 98.61111111111109, ""location"": ""surface""}"
551,"[__Node__, Defect, undercut_groove]",Undercut Groove,"{""local_id"": 2, ""class"": ""undercut_groove"", ""bbox"": [2133.333333333333, 1308.3333333333333, 2363.888888888889, 1675.0], ""confidence"": 0.95, ""image_id"": ""img_155"", ""is_component"": false, ""is_defect"": true, ""depth_estimate"": 115.27777777777806, ""location"": ""edge""}"
552,"[__Node__, Defect, undercut_groove]",Undercut Groove,"{""local_id"": 3, ""class"": ""undercut_groove"", ""bbox"": [2291.666666666667, 1700.0, 2677.777777777778, 1836.111111111111], ""confidence"": 0.95, ""image_id"": ""img_155"", ""is_component"": false, ""is_defect"": true, ""depth_estimate"": 68.05555555555554, ""location"": ""surface""}"
553,"[__Node__, Component, weld_seam]",Weld Seam,"{""local_id"": -1, ""class"": ""weld_seam"", ""bbox"": [965.1685185185188, 1075.5666666666668, 3384.3685185185186, 1982.7666666666667], ""confidence"": 0.85, ""image_id"": """", ""is_component"": true, ""is_defect"": false, ""aspect_ratio"": 2.666666666666667, ""position"": ""edge""}"
554,"[__Node__, Component, weld_surface]",Weld Surface,"{""local_id"": -2, ""class"": ""weld_surface"", ""bbox"": [1055.8885185185188, 1166.2866666666669, 3293.648518518519, 1892.0466666666666], ""confidence"": 0.8, ""image_id"": """", ""is_component"": true, ""is_defect"": false, ""aspect_ratio"": 3.083333333333335, ""position"": ""edge""}"
555,"[__Node__, Defect, undercut_groove]",Undercut Groove,"{""local_id"": 1, ""class"": ""undercut_groove"", ""bbox"": [790.2777777777778, 1861.111111111111, 959.7222222222223, 2506.9444444444443], ""confidence"": 0.95, ""image_id"": ""img_156"", ""is_component"": false, ""is_defect"": true, ""depth_estimate"": 84.72222222222223, ""location"": ""edge""}"
556,"[__Node__, Defect, undercut_groove]",Undercut Groove,"{""local_id"": 2, ""class"": ""undercut_groove"", ""bbox"": [743.0555555555555, 615.2777777777778, 930.5555555555555, 1436.111111111111], ""confidence"": 0.95, ""image_id"": ""img_156"", ""is_component"": false, ""is_defect"": true, ""depth_estimate"": 93.75, ""location"": ""edge""}"
557,"[__Node__, Component, weld_seam]",Weld Seam,"{""local_id"": -1, ""class"": ""weld_seam"", ""bbox"": [35.102777777777874, 1057.661111111111, 1676.7027777777778, 2152.061111111111], ""confidence"": 0.85, ""image_id"": """", ""is_component"": true, ""is_defect"": false, ""aspect_ratio"": 1.4999999999999998, ""position"": ""center""}"
558,"[__Node__, Component, weld_surface]",Weld Surface,"{""local_id"": -2, ""class"": ""weld_surface"", ""bbox"": [144.54277777777787, 1167.101111111111, 1567.2627777777777, 2042.621111111111], ""confidence"": 0.8, ""image_id"": """", ""is_component"": true, ""is_defect"": false, ""aspect_ratio"": 1.6249999999999998, ""position"": ""center""}"
559,"[__Node__, Defect, undercut_groove]",Undercut Groove,"{""local_id"": 1, ""class"": ""undercut_groove"", ""bbox"": [1200.0, 1956.0, 1512.0, 2748.0], ""confidence"": 0.95, ""image_id"": ""img_157"", ""is_component"": false, ""is_defect"": true, ""depth_estimate"": 156.0, ""location"": ""edge""}"
560,"[__Node__, Defect, undercut_groove]",Undercut Groove,"{""local_id"": 2, ""class"": ""undercut_groove"", ""bbox"": [1004.0, 2728.0, 1192.0, 3156.0], ""confidence"": 0.95, ""image_id"": ""img_157"", ""is_component"": false, ""is_defect"": true, ""depth_estimate"": 94.0, ""location"": ""edge""}"
561,"[__Node__, Defect, undercut_groove]",Undercut Groove,"{""local_id"": 3, ""class"": ""undercut_groove"", ""bbox"": [1278.0, 2850.0, 1588.0, 3218.0], ""confidence"": 0.95, ""image_id"": ""img_157"", ""is_component"": false, ""is_defect"": true, ""depth_estimate"": 155.0, ""location"": ""edge""}"
562,"[__Node__, Component, weld_seam]",Weld Seam,"{""local_id"": -1, ""class"": ""weld_seam"", ""bbox"": [388.4666666666668, 2171.2, 2202.866666666667, 3380.8], ""confidence"": 0.85, ""image_id"": """", ""is_component"": true, ""is_defect"": false, ""aspect_ratio"": 1.4999999999999996, ""position"": ""edge""}"
563,"[__Node__, Component, weld_surface]",Weld Surface,"{""local_id"": -2, ""class"": ""weld_surface"", ""bbox"": [509.4266666666668, 2292.16, 2081.9066666666668, 3259.84], ""confidence"": 0.8, ""image_id"": """", ""is_component"": true, ""is_defect"": false, ""aspect_ratio"": 1.6249999999999996, ""position"": ""edge""}"
564,"[__Node__, Defect, undercut_groove]",Undercut Groove,"{""local_id"": 1, ""class"": ""undercut_groove"", ""bbox"": [0.0, 1169.7674418604652, 1004.6511627906976, 1287.2093023255813], ""confidence"": 0.95, ""image_id"": ""img_158"", ""is_component"": false, ""is_defect"": true, ""depth_estimate"": 58.72093023255809, ""location"": ""surface""}"
565,"[__Node__, Defect, undercut_groove]",Undercut Groove,"{""local_id"": 2, ""class"": ""undercut_groove"", ""bbox"": [1139.5209580838323, 1140.7185628742516, 1850.2994011976048, 1202.3952095808384], ""confidence"": 0.95, ""image_id"": ""img_158"", ""is_component"": false, ""is_defect"": true, ""depth_estimate"": 30.83832335329339, ""location"": ""surface""}"
566,"[__Node__, Defect, undercut_groove]",Undercut Groove,"{""local_id"": 3, ""class"": ""undercut_groove"", ""bbox"": [2073.3333333333335, 1021.6666666666667, 4021.666666666667, 1166.6666666666667], ""confidence"": 0.95, ""image_id"": ""img_158"", ""is_component"": false, ""is_defect"": true, ""depth_estimate"": 72.5, ""location"": ""surface""}"
567,"[__Node__, Defect, undercut_groove]",Undercut Groove,"{""local_id"": 4, ""class"": ""undercut_groove"", ""bbox"": [1247.4489795918369, 1290.3061224489795, 1813.7755102040817, 1363.265306122449], ""confidence"": 0.95, ""image_id"": ""img_158"", ""is_component"": false, ""is_defect"": true, ""depth_estimate"": 36.4795918367347, ""location"": ""surface""}"
568,"[__Node__, Defect, undercut_groove]",Undercut Groove,"{""local_id"": 5, ""class"": ""undercut_groove"", ""bbox"": [2181.212121212121, 1258.181818181818, 2598.181818181818, 1316.9696969696968], ""confidence"": 0.95, ""image_id"": ""img_158"", ""is_component"": false, ""is_defect"": true, ""depth_estimate"": 29.393939393939377, ""location"": ""surface""}"
569,"[__Node__, Component, weld_seam]",Weld Seam,"{""local_id"": -1, ""class"": ""weld_seam"", ""bbox"": [583.4089951261992, 768.1146793697417, 3002.6089951261993, 1675.3146793697415], ""confidence"": 0.85, ""image_id"": """", ""is_component"": true, ""is_defect"": false, ""aspect_ratio"": 2.666666666666667, ""position"": ""edge""}"
570,"[__Node__, Component, weld_surface]",Weld Surface,"{""local_id"": -2, ""class"": ""weld_surface"", ""bbox"": [674.1289951261992, 858.8346793697417, 2911.8889951261995, 1584.5946793697415], ""confidence"": 0.8, ""image_id"": """", ""is_component"": true, ""is_defect"": false, ""aspect_ratio"": 3.083333333333335, ""position"": ""edge""}"
571,"[__Node__, Defect, undercut_groove]",Undercut Groove,"{""local_id"": 1, ""class"": ""undercut_groove"", ""bbox"": [1456.9444444444446, 1445.8333333333335, 1656.9444444444446, 2009.7222222222224], ""confidence"": 0.95, ""image_id"": ""img_159"", ""is_component"": false, ""is_defect"": true, ""depth_estimate"": 100.0, ""location"": ""edge""}"
572,"[__Node__, Defect, undercut_groove]",Undercut Groove,"{""local_id"": 2, ""class"": ""undercut_groove"", ""bbox"": [1534.7222222222222, 2263.888888888889, 1675.0, 2463.888888888889], ""confidence"": 0.95, ""image_id"": ""img_159"", ""is_component"": false, ""is_defect"": true, ""depth_estimate"": 70.13888888888891, ""location"": ""edge""}"
573,"[__Node__, Defect, undercut_groove]",Undercut Groove,"{""local_id"": 3, ""class"": ""undercut_groove"", ""bbox"": [1408.139534883721, 670.9302325581396, 1582.5581395348838, 1227.906976744186], ""confidence"": 0.95, ""image_id"": ""img_159"", ""is_component"": false, ""is_defect"": true, ""depth_estimate"": 87.20930232558146, ""location"": ""edge""}"
574,"[__Node__, Defect, undercut_groove]",Undercut Groove,"{""local_id"": 4, ""class"": ""undercut_groove"", ""bbox"": [1549.6666666666667, 2654.166666666667, 1724.6666666666667, 3250.0], ""confidence"": 0.95, ""image_id"": ""img_159"", ""is_component"": false, ""is_defect"": true, ""depth_estimate"": 87.5, ""location"": ""edge""}"
575,"[__Node__, Component, weld_seam]",Weld Seam,"{""local_id"": -1, ""class"": ""weld_seam"", ""bbox"": [666.3802648578813, 1393.492151162791, 2480.7802648578813, 2603.092151162791], ""confidence"": 0.85, ""image_id"": """", ""is_component"": true, ""is_defect"": false, ""aspect_ratio"": 1.5, ""position"": ""edge""}"
576,"[__Node__, Component, weld_surface]",Weld Surface,"{""local_id"": -2, ""class"": ""weld_surface"", ""bbox"": [787.3402648578814, 1514.452151162791, 2359.8202648578813, 2482.132151162791], ""confidence"": 0.8, ""image_id"": """", ""is_component"": true, ""is_defect"": false, ""aspect_ratio"": 1.625, ""position"": ""edge""}"
577,"[__Node__, Defect, undercut_groove]",Undercut Groove,"{""local_id"": 1, ""class"": ""undercut_groove"", ""bbox"": [2043.0379746835442, 741.7721518987341, 2329.1139240506327, 907.5949367088607], ""confidence"": 0.95, ""image_id"": ""img_160"", ""is_component"": false, ""is_defect"": true, ""depth_estimate"": 82.91139240506328, ""location"": ""surface""}"
578,"[__Node__, Defect, undercut_groove]",Undercut Groove,"{""local_id"": 1, ""class"": ""undercut_groove"", ""bbox"": [1097.4683544303798, 1686.0759493670885, 1401.26582278481, 2010.126582278481], ""confidence"": 0.95, ""image_id"": ""img_161"", ""is_component"": false, ""is_defect"": true, ""depth_estimate"": 151.89873417721515, ""location"": ""edge""}"
579,"[__Node__, Defect, undercut_groove]",Undercut Groove,"{""local_id"": 1, ""class"": ""undercut_groove"", ""bbox"": [806.6225165562914, 823.1788079470199, 952.317880794702, 931.7880794701987], ""confidence"": 0.95, ""image_id"": ""img_162"", ""is_component"": false, ""is_defect"": true, ""depth_estimate"": 54.304635761589395, ""location"": ""surface""}"
580,"[__Node__, Defect, porosity_region]",Porosity Region,"{""local_id"": 1, ""class"": ""porosity_region"", ""bbox"": [515.4684684684685, 811.7117117117116, 588.6524822695036, 915.9574468085107], ""confidence"": 0.95, ""image_id"": ""img_163"", ""is_component"": false, ""is_defect"": true, ""num_pores"": 30, ""density"": ""very_high""}"
581,"[__Node__, Defect, undercut_groove]",Undercut Groove,"{""local_id"": 1, ""class"": ""undercut_groove"", ""bbox"": [737.037037037037, 577.7777777777777, 985.1851851851851, 811.1111111111111], ""confidence"": 0.95, ""image_id"": ""img_164"", ""is_component"": false, ""is_defect"": true, ""depth_estimate"": 116.66666666666669, ""location"": ""surface""}"
582,"[__Node__, Defect, undercut_groove]",Undercut Groove,"{""local_id"": 2, ""class"": ""undercut_groove"", ""bbox"": [948.936170212766, 402.1276595744681, 1173.758865248227, 572.3404255319149], ""confidence"": 0.95, ""image_id"": ""img_164"", ""is_component"": false, ""is_defect"": true, ""depth_estimate"": 85.10638297872339, ""location"": ""surface""}"
583,"[__Node__, Defect, undercut_groove]",Undercut Groove,"{""local_id"": 3, ""class"": ""undercut_groove"", ""bbox"": [300.86956521739125, 1016.5217391304346, 504.34782608695645, 1240.8695652173913], ""confidence"": 0.95, ""image_id"": ""img_164"", ""is_component"": false, ""is_defect"": true, ""depth_estimate"": 101.7391304347826, ""location"": ""edge""}"
584,"[__Node__, Component, weld_seam]",Weld Seam,"{""local_id"": -1, ""class"": ""weld_seam"", ""bbox"": [170.2224414979272, 543.324713057183, 1379.8224414979272, 996.9247130571829], ""confidence"": 0.85, ""image_id"": """", ""is_component"": true, ""is_defect"": false, ""aspect_ratio"": 2.666666666666667, ""position"": ""center""}"
585,"[__Node__, Component, weld_surface]",Weld Surface,"{""local_id"": -2, ""class"": ""weld_surface"", ""bbox"": [215.58244149792722, 588.684713057183, 1334.4624414979273, 951.5647130571829], ""confidence"": 0.8, ""image_id"": """", ""is_component"": true, ""is_defect"": false, ""aspect_ratio"": 3.083333333333335, ""position"": ""center""}"
586,"[__Node__, Defect, undercut_groove]",Undercut Groove,"{""local_id"": 1, ""class"": ""undercut_groove"", ""bbox"": [594.1860465116279, 1344.1860465116279, 956.9767441860465, 1468.6046511627908], ""confidence"": 0.95, ""image_id"": ""img_165"", ""is_component"": false, ""is_defect"": true, ""depth_estimate"": 62.20930232558146, ""location"": ""surface""}"
587,"[__Node__, Defect, undercut_groove]",Undercut Groove,"{""local_id"": 2, ""class"": ""undercut_groove"", ""bbox"": [2424.4186046511627, 1361.6279069767443, 2665.1162790697676, 1468.6046511627908], ""confidence"": 0.95, ""image_id"": ""img_165"", ""is_component"": false, ""is_defect"": true, ""depth_estimate"": 53.48837209302326, ""location"": ""surface""}"
588,"[__Node__, Defect, undercut_groove]",Undercut Groove,"{""local_id"": 3, ""class"": ""undercut_groove"", ""bbox"": [2420.93023255814, 1581.3953488372094, 2667.4418604651164, 1689.5348837209303], ""confidence"": 0.95, ""image_id"": ""img_165"", ""is_component"": false, ""is_defect"": true, ""depth_estimate"": 54.06976744186045, ""location"": ""surface""}"
589,"[__Node__, Defect, undercut_groove]",Undercut Groove,"{""local_id"": 4, ""class"": ""undercut_groove"", ""bbox"": [3189.5348837209303, 1600.0, 3429.0697674418607, 1688.3720930232557], ""confidence"": 0.95, ""image_id"": ""img_165"", ""is_component"": false, ""is_defect"": true, ""depth_estimate"": 44.186046511627865, ""location"": ""surface""}"
590,"[__Node__, Defect, undercut_groove]",Undercut Groove,"{""local_id"": 5, ""class"": ""undercut_groove"", ""bbox"": [2695.3488372093025, 1587.2093023255813, 3027.906976744186, 1682.5581395348838], ""confidence"": 0.95, ""image_id"": ""img_165"", ""is_component"": false, ""is_defect"": true, ""depth_estimate"": 47.67441860465124, ""location"": ""surface""}"
591,"[__Node__, Defect, undercut_groove]",Undercut Groove,"{""local_id"": 6, ""class"": ""undercut_groove"", ""bbox"": [1875.5813953488373, 1588.3720930232557, 2050.0, 1672.093023255814], ""confidence"": 0.95, ""image_id"": ""img_165"", ""is_component"": false, ""is_defect"": true, ""depth_estimate"": 41.8604651162791, ""location"": ""surface""}"
592,"[__Node__, Defect, undercut_groove]",Undercut Groove,"{""local_id"": 7, ""class"": ""undercut_groove"", ""bbox"": [809.3023255813954, 1568.6046511627908, 988.3720930232558, 1654.6511627906978], ""confidence"": 0.95, ""image_id"": ""img_165"", ""is_component"": false, ""is_defect"": true, ""depth_estimate"": 43.02325581395348, ""location"": ""surface""}"
593,"[__Node__, Defect, undercut_groove]",Undercut Groove,"{""local_id"": 8, ""class"": ""undercut_groove"", ""bbox"": [3631.3953488372094, 1374.418604651163, 3996.5116279069766, 1498.8372093023256], ""confidence"": 0.95, ""image_id"": ""img_165"", ""is_component"": false, ""is_defect"": true, ""depth_estimate"": 62.20930232558135, ""location"": ""surface""}"
594,"[__Node__, Component, weld_seam]",Weld Seam,"{""local_id"": -1, ""class"": ""weld_seam"", ""bbox"": [1138.8808139534885, 1101.8168604651164, 3538.8808139534885, 2001.8168604651164], ""confidence"": 0.85, ""image_id"": """", ""is_component"": true, ""is_defect"": false, ""aspect_ratio"": 2.6666666666666665, ""position"": ""edge""}"
595,"[__Node__, Component, weld_surface]",Weld Surface,"{""local_id"": -2, ""class"": ""weld_surface"", ""bbox"": [1228.8808139534885, 1191.8168604651164, 3448.8808139534885, 1911.8168604651164], ""confidence"": 0.8, ""image_id"": """", ""is_component"": true, ""is_defect"": false, ""aspect_ratio"": 3.0833333333333335, ""position"": ""edge""}"
596,"[__Node__, Defect, overlap_bump]",Overlap Bump,"{""local_id"": 1, ""class"": ""overlap_bump"", ""bbox"": [884.6774193548387, 474.19354838709694, 1051.6129032258063, 623.3870967741937], ""confidence"": 0.95, ""image_id"": ""img_166"", ""is_component"": false, ""is_defect"": true, ""height_estimate"": 119.35483870967738, ""shape"": ""protrusion""}"
597,"[__Node__, Defect, undercut_groove]",Undercut Groove,"{""local_id"": 2, ""class"": ""undercut_groove"", ""bbox"": [1046.5346534653465, 631.6831683168317, 1375.2475247524753, 758.4158415841584], ""confidence"": 0.95, ""image_id"": ""img_166"", ""is_component"": false, ""is_defect"": true, ""depth_estimate"": 63.366336633663366, ""location"": ""surface""}"
598,"[__Node__, Defect, undercut_groove]",Undercut Groove,"{""local_id"": 3, ""class"": ""undercut_groove"", ""bbox"": [262.6865671641791, 448.5074626865671, 450.7462686567164, 548.5074626865671], ""confidence"": 0.95, ""image_id"": ""img_166"", ""is_component"": false, ""is_defect"": true, ""depth_estimate"": 50.0, ""location"": ""surface""}"
599,"[__Node__, Component, weld_seam]",Weld Seam,"{""local_id"": -1, ""class"": ""weld_seam"", ""bbox"": [333.4508894365605, 388.7824300725691, 1357.0508894365603, 772.7824300725691], ""confidence"": 0.85, ""image_id"": """", ""is_component"": true, ""is_defect"": false, ""aspect_ratio"": 2.6656249999999995, ""position"": ""edge""}"
600,"[__Node__, Component, weld_surface]",Weld Surface,"{""local_id"": -2, ""class"": ""weld_surface"", ""bbox"": [371.85088943656046, 427.1824300725691, 1318.6508894365602, 734.3824300725692], ""confidence"": 0.8, ""image_id"": """", ""is_component"": true, ""is_defect"": false, ""aspect_ratio"": 3.0820312499999987, ""position"": ""edge""}"
601,"[__Node__, Defect, spatter_cluster]",Spatter Cluster,"{""local_id"": 1, ""class"": ""spatter_cluster"", ""bbox"": [467.34693877551024, 895.9183673469388, 621.0884353741496, 1170.0680272108843], ""confidence"": 0.95, ""image_id"": ""img_167"", ""is_component"": false, ""is_defect"": true, ""num_spatters"": 526, ""density"": ""high""}"
602,"[__Node__, Defect, crack_line]",Crack Line,"{""local_id"": 2, ""class"": ""crack_line"", ""bbox"": [639.6946564885496, 752.2900763358779, 662.5954198473282, 788.1679389312977], ""confidence"": 0.95, ""image_id"": ""img_167"", ""is_component"": false, ""is_defect"": true, ""length"": 35.877862595419856, ""orientation"": ""vertical"", ""type"": ""transverse""}"
603,"[__Node__, Component, weld_seam]",Weld Seam,"{""local_id"": -1, ""class"": ""weld_seam"", ""bbox"": [214.88136262138443, 646.3111024562497, 980.4813626213845, 1156.9111024562496], ""confidence"": 0.85, ""image_id"": """", ""is_component"": true, ""is_defect"": false, ""aspect_ratio"": 1.4994124559341957, ""position"": ""edge""}"
604,"[__Node__, Component, weld_surface]",Weld Surface,"{""local_id"": -2, ""class"": ""weld_surface"", ""bbox"": [265.9413626213844, 697.3711024562497, 929.4213626213846, 1105.8511024562497], ""confidence"": 0.8, ""image_id"": """", ""is_component"": true, ""is_defect"": false, ""aspect_ratio"": 1.6242655699177442, ""position"": ""edge""}"
605,"[__Node__, Defect, undercut_groove]",Undercut Groove,"{""local_id"": 1, ""class"": ""undercut_groove"", ""bbox"": [1956.9767441860465, 994.186046511628, 2665.1162790697676, 1153.4883720930234], ""confidence"": 0.95, ""image_id"": ""img_168"", ""is_component"": false, ""is_defect"": true, ""depth_estimate"": 79.6511627906977, ""location"": ""surface""}"
606,"[__Node__, Defect, undercut_groove]",Undercut Groove,"{""local_id"": 2, ""class"": ""undercut_groove"", ""bbox"": [1306.9767441860465, 1012.7906976744187, 1852.3255813953488, 1155.8139534883721], ""confidence"": 0.95, ""image_id"": ""img_168"", ""is_component"": false, ""is_defect"": true, ""depth_estimate"": 71.51162790697674, ""location"": ""surface""}"
607,"[__Node__, Defect, undercut_groove]",Undercut Groove,"{""local_id"": 3, ""class"": ""undercut_groove"", ""bbox"": [2923.2558139534885, 1063.953488372093, 3526.7441860465115, 1175.5813953488373], ""confidence"": 0.95, ""image_id"": ""img_168"", ""is_component"": false, ""is_defect"": true, ""depth_estimate"": 55.813953488372135, ""location"": ""surface""}"
608,"[__Node__, Component, weld_seam]",Weld Seam,"{""local_id"": -1, ""class"": ""weld_seam"", ""bbox"": [1277.499224806202, 682.2356589147288, 3466.299224806202, 1503.0356589147286], ""confidence"": 0.85, ""image_id"": """", ""is_component"": true, ""is_defect"": false, ""aspect_ratio"": 2.6666666666666674, ""position"": ""edge""}"
609,"[__Node__, Component, weld_surface]",Weld Surface,"{""local_id"": -2, ""class"": ""weld_surface"", ""bbox"": [1359.5792248062019, 764.3156589147288, 3384.219224806202, 1420.9556589147287], ""confidence"": 0.8, ""image_id"": """", ""is_component"": true, ""is_defect"": false, ""aspect_ratio"": 3.083333333333334, ""position"": ""edge""}"
610,"[__Node__, Defect, undercut_groove]",Undercut Groove,"{""local_id"": 1, ""class"": ""undercut_groove"", ""bbox"": [2611.392405063291, 1984.8101265822784, 2717.721518987342, 2203.7974683544303], ""confidence"": 0.95, ""image_id"": ""img_169"", ""is_component"": false, ""is_defect"": true, ""depth_estimate"": 53.16455696202547, ""location"": ""edge""}"
611,"[__Node__, Defect, undercut_groove]",Undercut Groove,"{""local_id"": 2, ""class"": ""undercut_groove"", ""bbox"": [2241.772151898734, 1178.4810126582279, 2427.8481012658226, 1537.9746835443036], ""confidence"": 0.95, ""image_id"": ""img_169"", ""is_component"": false, ""is_defect"": true, ""depth_estimate"": 93.03797468354423, ""location"": ""edge""}"
612,"[__Node__, Defect, undercut_groove]",Undercut Groove,"{""local_id"": 3, ""class"": ""undercut_groove"", ""bbox"": [1879.746835443038, 317.72151898734177, 1988.6075949367087, 537.9746835443037], ""confidence"": 0.95, ""image_id"": ""img_169"", ""is_component"": false, ""is_defect"": true, ""depth_estimate"": 54.43037974683534, ""location"": ""edge""}"
613,"[__Node__, Defect, undercut_groove]",Undercut Groove,"{""local_id"": 4, ""class"": ""undercut_groove"", ""bbox"": [1740.506329113924, 2.531645569620253, 1896.2025316455695, 279.746835443038], ""confidence"": 0.95, ""image_id"": ""img_169"", ""is_component"": false, ""is_defect"": true, ""depth_estimate"": 77.84810126582272, ""location"": ""edge""}"
614,"[__Node__, Component, weld_seam]",Weld Seam,"{""local_id"": -1, ""class"": ""weld_seam"", ""bbox"": [1093.5746835443035, 594.979746835443, 3282.3746835443035, 1415.779746835443], ""confidence"": 0.85, ""image_id"": """", ""is_component"": true, ""is_defect"": false, ""aspect_ratio"": 2.6666666666666674, ""position"": ""edge""}"
615,"[__Node__, Component, weld_surface]",Weld Surface,"{""local_id"": -2, ""class"": ""weld_surface"", ""bbox"": [1175.6546835443035, 677.0597468354431, 3200.2946835443036, 1333.699746835443], ""confidence"": 0.8, ""image_id"": """", ""is_component"": true, ""is_defect"": false, ""aspect_ratio"": 3.083333333333334, ""position"": ""edge""}"
616,"[__Node__, Defect, undercut_groove]",Undercut Groove,"{""local_id"": 1, ""class"": ""undercut_groove"", ""bbox"": [296.55555555555543, 519.2222222222222, 450.2592592592591, 934.037037037037], ""confidence"": 0.95, ""image_id"": ""img_170"", ""is_component"": false, ""is_defect"": true, ""depth_estimate"": 76.85185185185185, ""location"": ""edge""}"
617,"[__Node__, Defect, undercut_groove]",Undercut Groove,"{""local_id"": 2, ""class"": ""undercut_groove"", ""bbox"": [314.96598639455783, 1369.3877551020407, 395.9183673469388, 1699.3197278911564], ""confidence"": 0.95, ""image_id"": ""img_170"", ""is_component"": false, ""is_defect"": true, ""depth_estimate"": 40.47619047619048, ""location"": ""edge""}"
618,"[__Node__, Defect, undercut_groove]",Undercut Groove,"{""local_id"": 3, ""class"": ""undercut_groove"", ""bbox"": [482.312925170068, 1387.0748299319728, 542.1768707482993, 1629.9319727891157], ""confidence"": 0.95, ""image_id"": ""img_170"", ""is_component"": false, ""is_defect"": true, ""depth_estimate"": 29.931972789115633, ""location"": ""edge""}"
619,"[__Node__, Defect, undercut_groove]",Undercut Groove,"{""local_id"": 4, ""class"": ""undercut_groove"", ""bbox"": [329.93197278911566, 1258.5034013605443, 377.55102040816325, 1336.734693877551], ""confidence"": 0.95, ""image_id"": ""img_170"", ""is_component"": false, ""is_defect"": true, ""depth_estimate"": 23.809523809523796, ""location"": ""edge""}"
620,"[__Node__, Defect, undercut_groove]",Undercut Groove,"{""local_id"": 5, ""class"": ""undercut_groove"", ""bbox"": [330.6122448979592, 1031.2925170068027, 390.4761904761905, 1151.0204081632653], ""confidence"": 0.95, ""image_id"": ""img_170"", ""is_component"": false, ""is_defect"": true, ""depth_estimate"": 29.931972789115633, ""location"": ""edge""}"
621,"[__Node__, Defect, porosity_region]",Porosity Region,"{""local_id"": 6, ""class"": ""porosity_region"", ""bbox"": [441.4965986394558, 172.7891156462585, 521.7687074829932, 255.10204081632654], ""confidence"": 0.95, ""image_id"": ""img_170"", ""is_component"": false, ""is_defect"": true, ""num_pores"": 26, ""density"": ""very_high""}"
622,"[__Node__, Component, weld_seam]",Weld Seam,"{""local_id"": -1, ""class"": ""weld_seam"", ""bbox"": [22.16880826404639, 806.1346434870246, 790.1688082640464, 1317.9346434870245], ""confidence"": 0.85, ""image_id"": """", ""is_component"": true, ""is_defect"": false, ""aspect_ratio"": 1.5005861664712783, ""position"": ""center""}"
623,"[__Node__, Component, weld_surface]",Weld Surface,"{""local_id"": -2, ""class"": ""weld_surface"", ""bbox"": [73.3488082640464, 857.3146434870246, 738.9888082640465, 1266.7546434870244], ""confidence"": 0.8, ""image_id"": """", ""is_component"": true, ""is_defect"": false, ""aspect_ratio"": 1.6257327080890982, ""position"": ""center""}"
624,"[__Node__, Defect, undercut_groove]",Undercut Groove,"{""local_id"": 1, ""class"": ""undercut_groove"", ""bbox"": [343.9072164948454, 60.82474226804124, 433.5979381443299, 216.49484536082474], ""confidence"": 0.95, ""image_id"": ""img_171"", ""is_component"": false, ""is_defect"": true, ""depth_estimate"": 44.845360824742244, ""location"": ""edge""}"
625,"[__Node__, Defect, undercut_groove]",Undercut Groove,"{""local_id"": 2, ""class"": ""undercut_groove"", ""bbox"": [346.7105263157895, 747.3684210526316, 450.6578947368421, 938.1578947368421], ""confidence"": 0.95, ""image_id"": ""img_171"", ""is_component"": false, ""is_defect"": true, ""depth_estimate"": 51.9736842105263, ""location"": ""edge""}"
626,"[__Node__, Defect, undercut_groove]",Undercut Groove,"{""local_id"": 3, ""class"": ""undercut_groove"", ""bbox"": [337.5, 344.7368421052632, 439.4736842105263, 600.0], ""confidence"": 0.95, ""image_id"": ""img_171"", ""is_component"": false, ""is_defect"": true, ""depth_estimate"": 50.98684210526315, ""location"": ""edge""}"
627,"[__Node__, Defect, undercut_groove]",Undercut Groove,"{""local_id"": 4, ""class"": ""undercut_groove"", ""bbox"": [334.86842105263156, 1300.657894736842, 436.84210526315786, 1526.9736842105262], ""confidence"": 0.95, ""image_id"": ""img_171"", ""is_component"": false, ""is_defect"": true, ""depth_estimate"": 50.98684210526315, ""location"": ""edge""}"
628,"[__Node__, Component, weld_seam]",Weld Seam,"{""local_id"": -1, ""class"": ""weld_seam"", ""bbox"": [6.444723277265325, 461.00179055887145, 774.4447232772653, 972.8017905588714], ""confidence"": 0.85, ""image_id"": """", ""is_component"": true, ""is_defect"": false, ""aspect_ratio"": 1.500586166471278, ""position"": ""center""}"
629,"[__Node__, Component, weld_surface]",Weld Surface,"{""local_id"": -2, ""class"": ""weld_surface"", ""bbox"": [57.624723277265325, 512.1817905588714, 723.2647232772654, 921.6217905588715], ""confidence"": 0.8, ""image_id"": """", ""is_component"": true, ""is_defect"": false, ""aspect_ratio"": 1.6257327080890973, ""position"": ""center""}"
630,"[__Node__, Defect, undercut_groove]",Undercut Groove,"{""local_id"": 1, ""class"": ""undercut_groove"", ""bbox"": [440.81632653061223, 203.40136054421768, 506.12244897959187, 366.6666666666667], ""confidence"": 0.95, ""image_id"": ""img_172"", ""is_component"": false, ""is_defect"": true, ""depth_estimate"": 32.65306122448982, ""location"": ""edge""}"
631,"[__Node__, Defect, undercut_groove]",Undercut Groove,"{""local_id"": 2, ""class"": ""undercut_groove"", ""bbox"": [585.7142857142858, 244.21768707482994, 635.374149659864, 314.2857142857143], ""confidence"": 0.95, ""image_id"": ""img_172"", ""is_component"": false, ""is_defect"": true, ""depth_estimate"": 24.829931972789097, ""location"": ""edge""}"
632,"[__Node__, Defect, undercut_groove]",Undercut Groove,"{""local_id"": 3, ""class"": ""undercut_groove"", ""bbox"": [442.8571428571429, 473.46938775510205, 507.4829931972789, 659.8639455782313], ""confidence"": 0.95, ""image_id"": ""img_172"", ""is_component"": false, ""is_defect"": true, ""depth_estimate"": 32.31292517006801, ""location"": ""edge""}"
633,"[__Node__, Defect, undercut_groove]",Undercut Groove,"{""local_id"": 4, ""class"": ""undercut_groove"", ""bbox"": [450.3401360544218, 1342.1768707482993, 512.9251700680272, 1542.1768707482993], ""confidence"": 0.95, ""image_id"": ""img_172"", ""is_component"": false, ""is_defect"": true, ""depth_estimate"": 31.29251700680271, ""location"": ""edge""}"
634,"[__Node__, Component, weld_seam]",Weld Seam,"{""local_id"": -1, ""class"": ""weld_seam"", ""bbox"": [126.20408163265307, 387.38231292517014, 894.204081632653, 899.1823129251701], ""confidence"": 0.85, ""image_id"": """", ""is_component"": true, ""is_defect"": false, ""aspect_ratio"": 1.500586166471278, ""position"": ""center""}"
635,"[__Node__, Component, weld_surface]",Weld Surface,"{""local_id"": -2, ""class"": ""weld_surface"", ""bbox"": [177.38408163265308, 438.56231292517015, 843.0240816326531, 848.0023129251701], ""confidence"": 0.8, ""image_id"": """", ""is_component"": true, ""is_defect"": false, ""aspect_ratio"": 1.6257327080890973, ""position"": ""edge""}"
636,"[__Node__, Defect, undercut_groove]",Undercut Groove,"{""local_id"": 1, ""class"": ""undercut_groove"", ""bbox"": [474.8299319727891, 1363.9455782312925, 589.1156462585034, 1699.3197278911564], ""confidence"": 0.95, ""image_id"": ""img_173"", ""is_component"": false, ""is_defect"": true, ""depth_estimate"": 57.14285714285714, ""location"": ""edge""}"
637,"[__Node__, Defect, undercut_groove]",Undercut Groove,"{""local_id"": 2, ""class"": ""undercut_groove"", ""bbox"": [553.0612244897959, 784.3537414965987, 637.4149659863946, 955.1020408163265], ""confidence"": 0.95, ""image_id"": ""img_173"", ""is_component"": false, ""is_defect"": true, ""depth_estimate"": 42.176870748299336, ""location"": ""edge""}"
638,"[__Node__, Component, weld_seam]",Weld Seam,"{""local_id"": -1, ""class"": ""weld_seam"", ""bbox"": [179.60544217687072, 944.7802721088436, 947.6054421768707, 1456.5802721088435], ""confidence"": 0.85, ""image_id"": """", ""is_component"": true, ""is_defect"": false, ""aspect_ratio"": 1.5005861664712783, ""position"": ""edge""}"
639,"[__Node__, Component, weld_surface]",Weld Surface,"{""local_id"": -2, ""class"": ""weld_surface"", ""bbox"": [230.78544217687073, 995.9602721088436, 896.4254421768708, 1405.4002721088434], ""confidence"": 0.8, ""image_id"": """", ""is_component"": true, ""is_defect"": false, ""aspect_ratio"": 1.6257327080890982, ""position"": ""edge""}"
640,"[__Node__, Defect, porosity_region]",Porosity Region,"{""local_id"": 1, ""class"": ""porosity_region"", ""bbox"": [1077.7777777777776, 1291.6666666666665, 1265.7407407407406, 1400.0], ""confidence"": 0.95, ""image_id"": ""img_174"", ""is_component"": false, ""is_defect"": true, ""num_pores"": 81, ""density"": ""very_high""}"
641,"[__Node__, Defect, porosity_region]",Porosity Region,"{""local_id"": 2, ""class"": ""porosity_region"", ""bbox"": [1458.3333333333333, 1212.9629629629628, 1655.5555555555554, 1330.5555555555554], ""confidence"": 0.95, ""image_id"": ""img_174"", ""is_component"": false, ""is_defect"": true, ""num_pores"": 92, ""density"": ""very_high""}"
642,"[__Node__, Defect, porosity_region]",Porosity Region,"{""local_id"": 3, ""class"": ""porosity_region"", ""bbox"": [2091.4728682170544, 1065.1162790697674, 2224.8062015503874, 1171.3178294573643], ""confidence"": 0.95, ""image_id"": ""img_174"", ""is_component"": false, ""is_defect"": true, ""num_pores"": 56, ""density"": ""very_high""}"
643,"[__Node__, Defect, pit_depression]",Pit Depression,"{""local_id"": 4, ""class"": ""pit_depression"", ""bbox"": [1704.6511627906975, 1097.6744186046512, 1952.7131782945735, 1255.0387596899225], ""confidence"": 0.95, ""image_id"": ""img_174"", ""is_component"": false, ""is_defect"": true, ""depth_estimate"": 47.20930232558137, ""shape_regularity"": ""irregular""}"
644,"[__Node__, Component, weld_seam]",Weld Seam,"{""local_id"": -1, ""class"": ""weld_seam"", ""bbox"": [450.0813522825149, 882.4415590008612, 2907.681352282515, 1573.641559000861], ""confidence"": 0.85, ""image_id"": """", ""is_component"": true, ""is_defect"": false, ""aspect_ratio"": 3.555555555555557, ""position"": ""center""}"
645,"[__Node__, Component, weld_surface]",Weld Surface,"{""local_id"": -2, ""class"": ""weld_surface"", ""bbox"": [519.2013522825149, 951.5615590008612, 2838.561352282515, 1504.521559000861], ""confidence"": 0.8, ""image_id"": """", ""is_component"": true, ""is_defect"": false, ""aspect_ratio"": 4.1944444444444455, ""position"": ""edge""}"
646,"[__Node__, Defect, undercut_groove]",Undercut Groove,"{""local_id"": 1, ""class"": ""undercut_groove"", ""bbox"": [468.391304347826, 708.695652173913, 549.2608695652174, 866.086956521739], ""confidence"": 0.95, ""image_id"": ""img_175"", ""is_component"": false, ""is_defect"": true, ""depth_estimate"": 40.434782608695684, ""location"": ""edge""}"
647,"[__Node__, Defect, undercut_groove]",Undercut Groove,"{""local_id"": 2, ""class"": ""undercut_groove"", ""bbox"": [563.1739130434781, 1539.9999999999998, 635.3478260869564, 1677.3913043478258], ""confidence"": 0.95, ""image_id"": ""img_175"", ""is_component"": false, ""is_defect"": true, ""depth_estimate"": 36.086956521739125, ""location"": ""edge""}"
648,"[__Node__, Component, weld_seam]",Weld Seam,"{""local_id"": -1, ""class"": ""weld_seam"", ""bbox"": [170.0434782608695, 942.1434782608695, 938.0434782608695, 1453.9434782608696], ""confidence"": 0.85, ""image_id"": """", ""is_component"": true, ""is_defect"": false, ""aspect_ratio"": 1.5005861664712776, ""position"": ""edge""}"
649,"[__Node__, Component, weld_surface]",Weld Surface,"{""local_id"": -2, ""class"": ""weld_surface"", ""bbox"": [221.2234782608695, 993.3234782608695, 886.8634782608696, 1402.7634782608695], ""confidence"": 0.8, ""image_id"": """", ""is_component"": true, ""is_defect"": false, ""aspect_ratio"": 1.6257327080890973, ""position"": ""edge""}"
650,"[__Node__, Defect, undercut_groove]",Undercut Groove,"{""local_id"": 1, ""class"": ""undercut_groove"", ""bbox"": [498.6577181208054, 118.79194630872483, 595.9731543624162, 273.1543624161074], ""confidence"": 0.95, ""image_id"": ""img_176"", ""is_component"": false, ""is_defect"": true, ""depth_estimate"": 48.657718120805384, ""location"": ""edge""}"
651,"[__Node__, Defect, undercut_groove]",Undercut Groove,"{""local_id"": 2, ""class"": ""undercut_groove"", ""bbox"": [496.6442953020134, 302.6845637583893, 619.4630872483222, 1014.0939597315436], ""confidence"": 0.95, ""image_id"": ""img_176"", ""is_component"": false, ""is_defect"": true, ""depth_estimate"": 61.409395973154375, ""location"": ""edge""}"
652,"[__Node__, Component, weld_seam]",Weld Seam,"{""local_id"": -1, ""class"": ""weld_seam"", ""bbox"": [168.68456375838923, 171.28120805369133, 936.6845637583892, 683.0812080536913], ""confidence"": 0.85, ""image_id"": """", ""is_component"": true, ""is_defect"": false, ""aspect_ratio"": 1.500586166471278, ""position"": ""edge""}"
653,"[__Node__, Component, weld_surface]",Weld Surface,"{""local_id"": -2, ""class"": ""weld_surface"", ""bbox"": [219.86456375838924, 222.46120805369134, 885.5045637583893, 631.9012080536913], ""confidence"": 0.8, ""image_id"": """", ""is_component"": true, ""is_defect"": false, ""aspect_ratio"": 1.6257327080890975, ""position"": ""edge""}"
654,"[__Node__, Defect, undercut_groove]",Undercut Groove,"{""local_id"": 1, ""class"": ""undercut_groove"", ""bbox"": [474.82993197278915, 1145.578231292517, 563.9455782312925, 1294.557823129252], ""confidence"": 0.95, ""image_id"": ""img_177"", ""is_component"": false, ""is_defect"": true, ""depth_estimate"": 44.55782312925169, ""location"": ""edge""}"
655,"[__Node__, Defect, undercut_groove]",Undercut Groove,"{""local_id"": 2, ""class"": ""undercut_groove"", ""bbox"": [561.2244897959184, 972.1088435374149, 645.578231292517, 1121.7687074829932], ""confidence"": 0.95, ""image_id"": ""img_177"", ""is_component"": false, ""is_defect"": true, ""depth_estimate"": 42.17687074829928, ""location"": ""edge""}"
656,"[__Node__, Defect, undercut_groove]",Undercut Groove,"{""local_id"": 3, ""class"": ""undercut_groove"", ""bbox"": [708.843537414966, 591.156462585034, 779.5918367346939, 728.5714285714286], ""confidence"": 0.95, ""image_id"": ""img_177"", ""is_component"": false, ""is_defect"": true, ""depth_estimate"": 35.37414965986392, ""location"": ""edge""}"
657,"[__Node__, Component, weld_seam]",Weld Seam,"{""local_id"": -1, ""class"": ""weld_seam"", ""bbox"": [238.33560090702952, 719.72358276644, 1006.3356009070295, 1231.52358276644], ""confidence"": 0.85, ""image_id"": """", ""is_component"": true, ""is_defect"": false, ""aspect_ratio"": 1.5005861664712776, ""position"": ""edge""}"
658,"[__Node__, Component, weld_surface]",Weld Surface,"{""local_id"": -2, ""class"": ""weld_surface"", ""bbox"": [289.5156009070295, 770.90358276644, 955.1556009070296, 1180.34358276644], ""confidence"": 0.8, ""image_id"": """", ""is_component"": true, ""is_defect"": false, ""aspect_ratio"": 1.6257327080890973, ""position"": ""edge""}"
659,"[__Node__, Defect, undercut_groove]",Undercut Groove,"{""local_id"": 1, ""class"": ""undercut_groove"", ""bbox"": [544.3877551020408, 777.5510204081633, 681.1224489795918, 832.1428571428571], ""confidence"": 0.95, ""image_id"": ""img_178"", ""is_component"": false, ""is_defect"": true, ""depth_estimate"": 27.29591836734693, ""location"": ""surface""}"
660,"[__Node__, Defect, undercut_groove]",Undercut Groove,"{""local_id"": 1, ""class"": ""undercut_groove"", ""bbox"": [616.9014084507043, 383.56807511737094, 668.075117370892, 495.30516431924883], ""confidence"": 0.95, ""image_id"": ""img_179"", ""is_component"": false, ""is_defect"": true, ""depth_estimate"": 25.58685446009389, ""location"": ""edge""}"
661,"[__Node__, Defect, undercut_groove]",Undercut Groove,"{""local_id"": 2, ""class"": ""undercut_groove"", ""bbox"": [622.5352112676056, 573.7089201877934, 668.5446009389672, 676.5258215962442], ""confidence"": 0.95, ""image_id"": ""img_179"", ""is_component"": false, ""is_defect"": true, ""depth_estimate"": 23.004694835680766, ""location"": ""edge""}"
662,"[__Node__, Component, weld_seam]",Weld Seam,"{""local_id"": -1, ""class"": ""weld_seam"", ""bbox"": [260.0140845070423, 276.3769953051643, 1028.0140845070423, 788.1769953051643], ""confidence"": 0.85, ""image_id"": """", ""is_component"": true, ""is_defect"": false, ""aspect_ratio"": 1.500586166471278, ""position"": ""edge""}"
663,"[__Node__, Component, weld_surface]",Weld Surface,"{""local_id"": -2, ""class"": ""weld_surface"", ""bbox"": [311.1940845070423, 327.5569953051643, 976.8340845070423, 736.9969953051643], ""confidence"": 0.8, ""image_id"": """", ""is_component"": true, ""is_defect"": false, ""aspect_ratio"": 1.6257327080890975, ""position"": ""edge""}"
664,"[__Node__, Defect, undercut_groove]",Undercut Groove,"{""local_id"": 1, ""class"": ""undercut_groove"", ""bbox"": [453.7313432835821, 30.597014925373134, 570.1492537313433, 271.6417910447761], ""confidence"": 0.95, ""image_id"": ""img_180"", ""is_component"": false, ""is_defect"": true, ""depth_estimate"": 58.208955223880594, ""location"": ""edge""}"
665,"[__Node__, Defect, undercut_groove]",Undercut Groove,"{""local_id"": 2, ""class"": ""undercut_groove"", ""bbox"": [152.23880597014926, 1032.089552238806, 323.13432835820896, 1100.7462686567164], ""confidence"": 0.95, ""image_id"": ""img_180"", ""is_component"": false, ""is_defect"": true, ""depth_estimate"": 34.32835820895525, ""location"": ""surface""}"
666,"[__Node__, Defect, undercut_groove]",Undercut Groove,"{""local_id"": 3, ""class"": ""undercut_groove"", ""bbox"": [295.5223880597015, 697.0149253731342, 391.04477611940297, 984.3283582089551], ""confidence"": 0.95, ""image_id"": ""img_180"", ""is_component"": false, ""is_defect"": true, ""depth_estimate"": 47.76119402985074, ""location"": ""edge""}"
667,"[__Node__, Defect, undercut_groove]",Undercut Groove,"{""local_id"": 4, ""class"": ""undercut_groove"", ""bbox"": [339.55223880597015, 511.19402985074623, 409.7014925373134, 696.2686567164178], ""confidence"": 0.95, ""image_id"": ""img_180"", ""is_component"": false, ""is_defect"": true, ""depth_estimate"": 35.07462686567163, ""location"": ""edge""}"
668,"[__Node__, Component, weld_seam]",Weld Seam,"{""local_id"": -1, ""class"": ""weld_seam"", ""bbox"": [0, 409.58507462686555, 750.8843283582089, 921.3850746268655], ""confidence"": 0.85, ""image_id"": """", ""is_component"": true, ""is_defect"": false, ""aspect_ratio"": 1.4671440569718814, ""position"": ""center""}"
669,"[__Node__, Component, weld_surface]",Weld Surface,"{""local_id"": -2, ""class"": ""weld_surface"", ""bbox"": [51.18, 460.76507462686556, 699.704328358209, 870.2050746268656], ""confidence"": 0.8, ""image_id"": """", ""is_component"": true, ""is_defect"": false, ""aspect_ratio"": 1.583930071214852, ""position"": ""center""}"
670,"[__Node__, Defect, undercut_groove]",Undercut Groove,"{""local_id"": 1, ""class"": ""undercut_groove"", ""bbox"": [388.37209302325584, 1354.6511627906978, 679.0697674418604, 1439.5348837209303], ""confidence"": 0.95, ""image_id"": ""img_181"", ""is_component"": false, ""is_defect"": true, ""depth_estimate"": 42.44186046511629, ""location"": ""surface""}"
671,"[__Node__, Defect, undercut_groove]",Undercut Groove,"{""local_id"": 2, ""class"": ""undercut_groove"", ""bbox"": [866.2790697674419, 1294.1860465116279, 1111.6279069767443, 1383.7209302325582], ""confidence"": 0.95, ""image_id"": ""img_181"", ""is_component"": false, ""is_defect"": true, ""depth_estimate"": 44.76744186046517, ""location"": ""surface""}"
672,"[__Node__, Defect, undercut_groove]",Undercut Groove,"{""local_id"": 3, ""class"": ""undercut_groove"", ""bbox"": [1116.2790697674418, 1290.6976744186047, 1537.2093023255813, 1359.3023255813953], ""confidence"": 0.95, ""image_id"": ""img_181"", ""is_component"": false, ""is_defect"": true, ""depth_estimate"": 34.30232558139528, ""location"": ""surface""}"
673,"[__Node__, Defect, undercut_groove]",Undercut Groove,"{""local_id"": 4, ""class"": ""undercut_groove"", ""bbox"": [1539.5348837209303, 1177.906976744186, 2395.3488372093025, 1325.5813953488373], ""confidence"": 0.95, ""image_id"": ""img_181"", ""is_component"": false, ""is_defect"": true, ""depth_estimate"": 73.83720930232562, ""location"": ""surface""}"
674,"[__Node__, Defect, undercut_groove]",Undercut Groove,"{""local_id"": 5, ""class"": ""undercut_groove"", ""bbox"": [2401.1627906976746, 1153.4883720930234, 2812.7906976744184, 1241.860465116279], ""confidence"": 0.95, ""image_id"": ""img_181"", ""is_component"": false, ""is_defect"": true, ""depth_estimate"": 44.186046511627865, ""location"": ""surface""}"
675,"[__Node__, Defect, undercut_groove]",Undercut Groove,"{""local_id"": 6, ""class"": ""undercut_groove"", ""bbox"": [2818.604651162791, 1108.139534883721, 3131.3953488372094, 1196.5116279069766], ""confidence"": 0.95, ""image_id"": ""img_181"", ""is_component"": false, ""is_defect"": true, ""depth_estimate"": 44.186046511627865, ""location"": ""surface""}"
676,"[__Node__, Defect, undercut_groove]",Undercut Groove,"{""local_id"": 7, ""class"": ""undercut_groove"", ""bbox"": [3137.2093023255816, 1059.3023255813953, 3643.0232558139537, 1152.3255813953488], ""confidence"": 0.95, ""image_id"": ""img_181"", ""is_component"": false, ""is_defect"": true, ""depth_estimate"": 46.51162790697674, ""location"": ""surface""}"
677,"[__Node__, Component, weld_seam]",Weld Seam,"{""local_id"": -1, ""class"": ""weld_seam"", ""bbox"": [875.4504983388704, 842.2578073089702, 3064.25049833887, 1663.05780730897], ""confidence"": 0.85, ""image_id"": """", ""is_component"": true, ""is_defect"": false, ""aspect_ratio"": 2.6666666666666665, ""position"": ""edge""}"
678,"[__Node__, Component, weld_surface]",Weld Surface,"{""local_id"": -2, ""class"": ""weld_surface"", ""bbox"": [957.5304983388704, 924.3378073089702, 2982.17049833887, 1580.9778073089701], ""confidence"": 0.8, ""image_id"": """", ""is_component"": true, ""is_defect"": false, ""aspect_ratio"": 3.083333333333333, ""position"": ""edge""}"
679,"[__Node__, Defect, pit_depression]",Pit Depression,"{""local_id"": 1, ""class"": ""pit_depression"", ""bbox"": [2556.5217391304345, 756.5217391304348, 2663.7681159420285, 876.8115942028985], ""confidence"": 0.95, ""image_id"": ""img_182"", ""is_component"": false, ""is_defect"": true, ""depth_estimate"": 32.1739130434782, ""shape_regularity"": ""irregular""}"
680,"[__Node__, Defect, pit_depression]",Pit Depression,"{""local_id"": 1, ""class"": ""pit_depression"", ""bbox"": [944.8275862068966, 1078.448275862069, 1043.9655172413793, 1170.689655172414], ""confidence"": 0.95, ""image_id"": ""img_183"", ""is_component"": false, ""is_defect"": true, ""depth_estimate"": 27.672413793103463, ""shape_regularity"": ""irregular""}"
681,"[__Node__, Defect, pit_depression]",Pit Depression,"{""local_id"": 1, ""class"": ""pit_depression"", ""bbox"": [1387.7192982456138, 2705.2631578947367, 1568.4210526315787, 2896.491228070175], ""confidence"": 0.95, ""image_id"": ""img_184"", ""is_component"": false, ""is_defect"": true, ""depth_estimate"": 54.21052631578948, ""shape_regularity"": ""irregular""}"
682,"[__Node__, Defect, overlap_bump]",Overlap Bump,"{""local_id"": 2, ""class"": ""overlap_bump"", ""bbox"": [1393.7984496124031, 1131.0077519379845, 1579.0697674418604, 1306.2015503875969], ""confidence"": 0.95, ""image_id"": ""img_184"", ""is_component"": false, ""is_defect"": true, ""height_estimate"": 140.1550387596899, ""shape"": ""protrusion""}"
683,"[__Node__, Component, weld_seam]",Weld Seam,"{""local_id"": -1, ""class"": ""weld_seam"", ""bbox"": [575.0521419828641, 1404.9409220726234, 2389.452141982864, 2614.5409220726233], ""confidence"": 0.85, ""image_id"": """", ""is_component"": true, ""is_defect"": false, ""aspect_ratio"": 1.4999999999999998, ""position"": ""edge""}"
684,"[__Node__, Component, weld_surface]",Weld Surface,"{""local_id"": -2, ""class"": ""weld_surface"", ""bbox"": [696.0121419828641, 1525.9009220726234, 2268.492141982864, 2493.5809220726233], ""confidence"": 0.8, ""image_id"": """", ""is_component"": true, ""is_defect"": false, ""aspect_ratio"": 1.6249999999999998, ""position"": ""edge""}"
685,"[__Node__, Defect, pit_depression]",Pit Depression,"{""local_id"": 1, ""class"": ""pit_depression"", ""bbox"": [1603.370786516854, 1359.5505617977528, 1750.561797752809, 1516.8539325842696], ""confidence"": 0.95, ""image_id"": ""img_185"", ""is_component"": false, ""is_defect"": true, ""depth_estimate"": 44.15730337078653, ""shape_regularity"": ""irregular""}"
686,"[__Node__, Defect, pit_depression]",Pit Depression,"{""local_id"": 2, ""class"": ""pit_depression"", ""bbox"": [1862.9213483146068, 1367.4157303370787, 2017.9775280898875, 1529.2134831460673], ""confidence"": 0.95, ""image_id"": ""img_185"", ""is_component"": false, ""is_defect"": true, ""depth_estimate"": 46.51685393258422, ""shape_regularity"": ""irregular""}"
687,"[__Node__, Component, weld_seam]",Weld Seam,"{""local_id"": -1, ""class"": ""weld_seam"", ""bbox"": [714.3078651685394, 1032.858426966292, 2903.1078651685393, 1853.6584269662922], ""confidence"": 0.85, ""image_id"": """", ""is_component"": true, ""is_defect"": false, ""aspect_ratio"": 2.6666666666666665, ""position"": ""edge""}"
688,"[__Node__, Component, weld_surface]",Weld Surface,"{""local_id"": -2, ""class"": ""weld_surface"", ""bbox"": [796.3878651685394, 1114.938426966292, 2821.0278651685394, 1771.5784269662922], ""confidence"": 0.8, ""image_id"": """", ""is_component"": true, ""is_defect"": false, ""aspect_ratio"": 3.0833333333333317, ""position"": ""edge""}"
689,"[__Node__, Defect, pit_depression]",Pit Depression,"{""local_id"": 1, ""class"": ""pit_depression"", ""bbox"": [563.6666666666667, 2975.0, 950.3333333333335, 3515.0], ""confidence"": 0.95, ""image_id"": ""img_186"", ""is_component"": false, ""is_defect"": true, ""depth_estimate"": 116.00000000000001, ""shape_regularity"": ""irregular""}"
690,"[__Node__, Defect, pit_depression]",Pit Depression,"{""local_id"": 2, ""class"": ""pit_depression"", ""bbox"": [947.0, 1850.0, 1267.0, 2158.3333333333335], ""confidence"": 0.95, ""image_id"": ""img_186"", ""is_component"": false, ""is_defect"": true, ""depth_estimate"": 92.50000000000004, ""shape_regularity"": ""irregular""}"
691,"[__Node__, Defect, pit_depression]",Pit Depression,"{""local_id"": 3, ""class"": ""pit_depression"", ""bbox"": [797.0, 2221.666666666667, 1270.3333333333335, 2818.3333333333335], ""confidence"": 0.95, ""image_id"": ""img_186"", ""is_component"": false, ""is_defect"": true, ""depth_estimate"": 142.00000000000003, ""shape_regularity"": ""irregular""}"
692,"[__Node__, Defect, pit_depression]",Pit Depression,"{""local_id"": 4, ""class"": ""pit_depression"", ""bbox"": [370.33333333333337, 3311.666666666667, 553.6666666666667, 3538.3333333333335], ""confidence"": 0.95, ""image_id"": ""img_186"", ""is_component"": false, ""is_defect"": true, ""depth_estimate"": 55.00000000000001, ""shape_regularity"": ""irregular""}"
693,"[__Node__, Component, weld_seam]",Weld Seam,"{""local_id"": -1, ""class"": ""weld_seam"", ""bbox"": [347.91666666666674, 2251.341666666667, 1331.9166666666667, 3345.741666666667], ""confidence"": 0.85, ""image_id"": """", ""is_component"": true, ""is_defect"": false, ""aspect_ratio"": 0.8991228070175442, ""position"": ""edge""}"
694,"[__Node__, Component, weld_surface]",Weld Surface,"{""local_id"": -2, ""class"": ""weld_surface"", ""bbox"": [446.3166666666667, 2349.7416666666672, 1233.5166666666667, 3247.3416666666667], ""confidence"": 0.8, ""image_id"": """", ""is_component"": true, ""is_defect"": false, ""aspect_ratio"": 0.8770053475935834, ""position"": ""edge""}"
695,"[__Node__, Defect, pit_depression]",Pit Depression,"{""local_id"": 1, ""class"": ""pit_depression"", ""bbox"": [666.9064748201438, 656.115107913669, 771.9424460431654, 764.7482014388488], ""confidence"": 0.95, ""image_id"": ""img_187"", ""is_component"": false, ""is_defect"": true, ""depth_estimate"": 31.510791366906492, ""shape_regularity"": ""regular""}"
696,"[__Node__, Defect, pit_depression]",Pit Depression,"{""local_id"": 2, ""class"": ""pit_depression"", ""bbox"": [256.25, 376.5625, 400.0, 532.8125], ""confidence"": 0.95, ""image_id"": ""img_187"", ""is_component"": false, ""is_defect"": true, ""depth_estimate"": 43.125, ""shape_regularity"": ""irregular""}"
697,"[__Node__, Component, weld_seam]",Weld Seam,"{""local_id"": -1, ""class"": ""weld_seam"", ""bbox"": [139.77473021582728, 326.65957733812945, 907.7747302158273, 838.4595773381294], ""confidence"": 0.85, ""image_id"": """", ""is_component"": true, ""is_defect"": false, ""aspect_ratio"": 1.500586166471278, ""position"": ""center""}"
698,"[__Node__, Component, weld_surface]",Weld Surface,"{""local_id"": -2, ""class"": ""weld_surface"", ""bbox"": [190.95473021582728, 377.83957733812946, 856.5947302158273, 787.2795773381295], ""confidence"": 0.8, ""image_id"": """", ""is_component"": true, ""is_defect"": false, ""aspect_ratio"": 1.6257327080890975, ""position"": ""edge""}"
699,"[__Node__, Defect, pit_depression]",Pit Depression,"{""local_id"": 1, ""class"": ""pit_depression"", ""bbox"": [623.2222222222223, 1351.388888888889, 801.0, 1551.388888888889], ""confidence"": 0.95, ""image_id"": ""img_188"", ""is_component"": false, ""is_defect"": true, ""depth_estimate"": 53.333333333333314, ""shape_regularity"": ""irregular""}"
700,"[__Node__, Defect, porosity_region]",Porosity Region,"{""local_id"": 1, ""class"": ""porosity_region"", ""bbox"": [1311.6666666666667, 1888.3333333333335, 1455.0, 2005.0], ""confidence"": 0.95, ""image_id"": ""img_189"", ""is_component"": false, ""is_defect"": true, ""num_pores"": 66, ""density"": ""very_high""}"
701,"[__Node__, Defect, porosity_region]",Porosity Region,"{""local_id"": 1, ""class"": ""porosity_region"", ""bbox"": [2200.0, 1716.4556962025315, 2296.2025316455697, 1786.0759493670885], ""confidence"": 0.95, ""image_id"": ""img_190"", ""is_component"": false, ""is_defect"": true, ""num_pores"": 26, ""density"": ""very_high""}"
702,"[__Node__, Defect, pit_depression]",Pit Depression,"{""local_id"": 1, ""class"": ""pit_depression"", ""bbox"": [1817.171717171717, 1090.909090909091, 1923.2323232323233, 1195.959595959596], ""confidence"": 0.95, ""image_id"": ""img_191"", ""is_component"": false, ""is_defect"": true, ""depth_estimate"": 31.515151515151523, ""shape_regularity"": ""regular""}"
703,"[__Node__, Defect, pit_depression]",Pit Depression,"{""local_id"": 2, ""class"": ""pit_depression"", ""bbox"": [2179.7979797979797, 1083.8383838383838, 2282.8282828282827, 1189.8989898989898], ""confidence"": 0.95, ""image_id"": ""img_191"", ""is_component"": false, ""is_defect"": true, ""depth_estimate"": 30.9090909090909, ""shape_regularity"": ""regular""}"
704,"[__Node__, Component, weld_seam]",Weld Seam,"{""local_id"": -1, ""class"": ""weld_seam"", ""bbox"": [821.957575757576, 794.5515151515153, 3279.557575757576, 1485.7515151515152], ""confidence"": 0.85, ""image_id"": """", ""is_component"": true, ""is_defect"": false, ""aspect_ratio"": 3.555555555555557, ""position"": ""edge""}"
705,"[__Node__, Component, weld_surface]",Weld Surface,"{""local_id"": -2, ""class"": ""weld_surface"", ""bbox"": [891.077575757576, 863.6715151515153, 3210.4375757575763, 1416.6315151515153], ""confidence"": 0.8, ""image_id"": """", ""is_component"": true, ""is_defect"": false, ""aspect_ratio"": 4.1944444444444455, ""position"": ""edge""}"
706,"[__Node__, Defect, porosity_region]",Porosity Region,"{""local_id"": 1, ""class"": ""porosity_region"", ""bbox"": [454.5, 948.0, 515.4375, 1058.9375], ""confidence"": 0.95, ""image_id"": ""img_192"", ""is_component"": false, ""is_defect"": true, ""num_pores"": 27, ""density"": ""very_high""}"
707,"[__Node__, Defect, porosity_region]",Porosity Region,"{""local_id"": 2, ""class"": ""porosity_region"", ""bbox"": [444.8979591836735, 426.53061224489795, 500.68027210884355, 491.15646258503403], ""confidence"": 0.95, ""image_id"": ""img_192"", ""is_component"": false, ""is_defect"": true, ""num_pores"": 14, ""density"": ""very_high""}"
708,"[__Node__, Component, weld_seam]",Weld Seam,"{""local_id"": -1, ""class"": ""weld_seam"", ""bbox"": [154.87893282312928, 515.156143707483, 802.8789328231293, 947.156143707483], ""confidence"": 0.85, ""image_id"": """", ""is_component"": true, ""is_defect"": false, ""aspect_ratio"": 1.5, ""position"": ""edge""}"
709,"[__Node__, Component, weld_surface]",Weld Surface,"{""local_id"": -2, ""class"": ""weld_surface"", ""bbox"": [198.07893282312926, 558.356143707483, 759.6789328231292, 903.956143707483], ""confidence"": 0.8, ""image_id"": """", ""is_component"": true, ""is_defect"": false, ""aspect_ratio"": 1.6250000000000002, ""position"": ""edge""}"
710,"[__Node__, Defect, porosity_region]",Porosity Region,"{""local_id"": 1, ""class"": ""porosity_region"", ""bbox"": [568.9850746268656, 735.0746268656716, 607.044776119403, 790.2985074626865], ""confidence"": 0.95, ""image_id"": ""img_193"", ""is_component"": false, ""is_defect"": true, ""num_pores"": 8, ""density"": ""very_high""}"
711,"[__Node__, Defect, porosity_region]",Porosity Region,"{""local_id"": 2, ""class"": ""porosity_region"", ""bbox"": [571.9701492537313, 848.5074626865671, 606.2985074626865, 893.2835820895522], ""confidence"": 0.95, ""image_id"": ""img_193"", ""is_component"": false, ""is_defect"": true, ""num_pores"": 6, ""density"": ""very_high""}"
712,"[__Node__, Defect, porosity_region]",Porosity Region,"{""local_id"": 3, ""class"": ""porosity_region"", ""bbox"": [566.0, 979.1044776119403, 603.3134328358209, 1017.1641791044775], ""confidence"": 0.95, ""image_id"": ""img_193"", ""is_component"": false, ""is_defect"": true, ""num_pores"": 5, ""density"": ""very_high""}"
713,"[__Node__, Component, weld_seam]",Weld Seam,"{""local_id"": -1, ""class"": ""weld_seam"", ""bbox"": [263.2686567164179, 661.2388059701492, 911.2686567164179, 1093.2388059701493], ""confidence"": 0.85, ""image_id"": """", ""is_component"": true, ""is_defect"": false, ""aspect_ratio"": 1.4999999999999996, ""position"": ""edge""}"
714,"[__Node__, Component, weld_surface]",Weld Surface,"{""local_id"": -2, ""class"": ""weld_surface"", ""bbox"": [306.4686567164179, 704.4388059701492, 868.0686567164179, 1050.0388059701493], ""confidence"": 0.8, ""image_id"": """", ""is_component"": true, ""is_defect"": false, ""aspect_ratio"": 1.6249999999999996, ""position"": ""edge""}"
715,"[__Node__, Defect, porosity_region]",Porosity Region,"{""local_id"": 1, ""class"": ""porosity_region"", ""bbox"": [1969.620253164557, 1318.987341772152, 2507.5949367088606, 1579.746835443038], ""confidence"": 0.95, ""image_id"": ""img_194"", ""is_component"": false, ""is_defect"": true, ""num_pores"": 561, ""density"": ""very_high""}"
716,"[__Node__, Defect, porosity_region]",Porosity Region,"{""local_id"": 2, ""class"": ""porosity_region"", ""bbox"": [2532.911392405063, 1432.9113924050632, 2888.6075949367087, 1675.9493670886075], ""confidence"": 0.95, ""image_id"": ""img_194"", ""is_component"": false, ""is_defect"": true, ""num_pores"": 345, ""density"": ""very_high""}"
717,"[__Node__, Component, weld_seam]",Weld Seam,"{""local_id"": -1, ""class"": ""weld_seam"", ""bbox"": [1265.0835443037972, 1048.2987341772152, 3684.283544303797, 1955.498734177215], ""confidence"": 0.85, ""image_id"": """", ""is_component"": true, ""is_defect"": false, ""aspect_ratio"": 2.666666666666667, ""position"": ""edge""}"
718,"[__Node__, Component, weld_surface]",Weld Surface,"{""local_id"": -2, ""class"": ""weld_surface"", ""bbox"": [1355.8035443037973, 1139.0187341772153, 3593.5635443037972, 1864.778734177215], ""confidence"": 0.8, ""image_id"": """", ""is_component"": true, ""is_defect"": false, ""aspect_ratio"": 3.083333333333335, ""position"": ""edge""}"
719,"[__Node__, Defect, porosity_region]",Porosity Region,"{""local_id"": 1, ""class"": ""porosity_region"", ""bbox"": [2416.666666666667, 1556.6666666666667, 3236.666666666667, 2293.3333333333335], ""confidence"": 0.95, ""image_id"": ""img_195"", ""is_component"": false, ""is_defect"": true, ""num_pores"": 2416, ""density"": ""very_high""}"
720,"[__Node__, Defect, porosity_region]",Porosity Region,"{""local_id"": 1, ""class"": ""porosity_region"", ""bbox"": [1628.225806451613, 1151.6129032258063, 1832.258064516129, 1287.9032258064517], ""confidence"": 0.95, ""image_id"": ""img_196"", ""is_component"": false, ""is_defect"": true, ""num_pores"": 111, ""density"": ""very_high""}"
721,"[__Node__, Defect, porosity_region]",Porosity Region,"{""local_id"": 2, ""class"": ""porosity_region"", ""bbox"": [1846.774193548387, 1175.8064516129032, 2124.1935483870966, 1333.8709677419356], ""confidence"": 0.95, ""image_id"": ""img_196"", ""is_component"": false, ""is_defect"": true, ""num_pores"": 175, ""density"": ""very_high""}"
722,"[__Node__, Defect, porosity_region]",Porosity Region,"{""local_id"": 3, ""class"": ""porosity_region"", ""bbox"": [2462.6373626373625, 1239.010989010989, 2657.6923076923076, 1370.3296703296703], ""confidence"": 0.95, ""image_id"": ""img_196"", ""is_component"": false, ""is_defect"": true, ""num_pores"": 102, ""density"": ""very_high""}"
723,"[__Node__, Component, weld_seam]",Weld Seam,"{""local_id"": -1, ""class"": ""weld_seam"", ""bbox"": [882.363547205483, 806.1557012879596, 3301.563547205483, 1713.3557012879594], ""confidence"": 0.85, ""image_id"": """", ""is_component"": true, ""is_defect"": false, ""aspect_ratio"": 2.666666666666667, ""position"": ""edge""}"
724,"[__Node__, Component, weld_surface]",Weld Surface,"{""local_id"": -2, ""class"": ""weld_surface"", ""bbox"": [973.083547205483, 896.8757012879596, 3210.843547205483, 1622.6357012879594], ""confidence"": 0.8, ""image_id"": """", ""is_component"": true, ""is_defect"": false, ""aspect_ratio"": 3.083333333333335, ""position"": ""edge""}"
725,"[__Node__, Defect, porosity_region]",Porosity Region,"{""local_id"": 1, ""class"": ""porosity_region"", ""bbox"": [969.2622950819673, 702.9180327868853, 1084.016393442623, 812.7540983606558], ""confidence"": 0.95, ""image_id"": ""img_197"", ""is_component"": false, ""is_defect"": true, ""num_pores"": 50, ""density"": ""very_high""}"
726,"[__Node__, Defect, porosity_region]",Porosity Region,"{""local_id"": 1, ""class"": ""porosity_region"", ""bbox"": [515.9420289855072, 428.98550724637676, 664.4927536231884, 539.1304347826086], ""confidence"": 0.95, ""image_id"": ""img_198"", ""is_component"": false, ""is_defect"": true, ""num_pores"": 65, ""density"": ""very_high""}"
727,"[__Node__, Defect, porosity_region]",Porosity Region,"{""local_id"": 2, ""class"": ""porosity_region"", ""bbox"": [673.1884057971014, 405.0724637681159, 829.7101449275361, 528.2608695652174], ""confidence"": 0.95, ""image_id"": ""img_198"", ""is_component"": false, ""is_defect"": true, ""num_pores"": 77, ""density"": ""very_high""}"
728,"[__Node__, Defect, porosity_region]",Porosity Region,"{""local_id"": 3, ""class"": ""porosity_region"", ""bbox"": [848.5507246376811, 389.85507246376807, 995.6521739130434, 514.4927536231884], ""confidence"": 0.95, ""image_id"": ""img_198"", ""is_component"": false, ""is_defect"": true, ""num_pores"": 73, ""density"": ""very_high""}"
729,"[__Node__, Defect, porosity_region]",Porosity Region,"{""local_id"": 4, ""class"": ""porosity_region"", ""bbox"": [1003.623188405797, 367.39130434782606, 1144.927536231884, 476.8115942028985], ""confidence"": 0.95, ""image_id"": ""img_198"", ""is_component"": false, ""is_defect"": true, ""num_pores"": 61, ""density"": ""very_high""}"
730,"[__Node__, Defect, porosity_region]",Porosity Region,"{""local_id"": 5, ""class"": ""porosity_region"", ""bbox"": [1151.4492753623188, 352.89855072463763, 1269.5652173913043, 449.99999999999994], ""confidence"": 0.95, ""image_id"": ""img_198"", ""is_component"": false, ""is_defect"": true, ""num_pores"": 45, ""density"": ""very_high""}"
731,"[__Node__, Component, weld_seam]",Weld Seam,"{""local_id"": -1, ""class"": ""weld_seam"", ""bbox"": [304.9101449275363, 218.4898550724637, 1514.5101449275362, 672.0898550724637], ""confidence"": 0.85, ""image_id"": """", ""is_component"": true, ""is_defect"": false, ""aspect_ratio"": 2.6666666666666665, ""position"": ""edge""}"
732,"[__Node__, Component, weld_surface]",Weld Surface,"{""local_id"": -2, ""class"": ""weld_surface"", ""bbox"": [350.2701449275363, 263.8498550724637, 1469.1501449275363, 626.7298550724637], ""confidence"": 0.8, ""image_id"": """", ""is_component"": true, ""is_defect"": false, ""aspect_ratio"": 3.0833333333333335, ""position"": ""edge""}"
733,"[__Node__, Defect, porosity_region]",Porosity Region,"{""local_id"": 1, ""class"": ""porosity_region"", ""bbox"": [739.5454545454545, 595.0, 800.9090909090909, 660.0], ""confidence"": 0.95, ""image_id"": ""img_199"", ""is_component"": false, ""is_defect"": true, ""num_pores"": 15, ""density"": ""very_high""}"
734,"[__Node__, Defect, porosity_region]",Porosity Region,"{""local_id"": 2, ""class"": ""porosity_region"", ""bbox"": [721.8181818181818, 1189.090909090909, 792.2727272727273, 1263.6363636363635], ""confidence"": 0.95, ""image_id"": ""img_199"", ""is_component"": false, ""is_defect"": true, ""num_pores"": 21, ""density"": ""very_high""}"
735,"[__Node__, Component, weld_seam]",Weld Seam,"{""local_id"": -1, ""class"": ""weld_seam"", ""bbox"": [158.83636363636367, 700.1318181818182, 1368.4363636363637, 1153.7318181818182], ""confidence"": 0.85, ""image_id"": """", ""is_component"": true, ""is_defect"": false, ""aspect_ratio"": 2.6666666666666665, ""position"": ""center""}"
736,"[__Node__, Component, weld_surface]",Weld Surface,"{""local_id"": -2, ""class"": ""weld_surface"", ""bbox"": [204.19636363636369, 745.4918181818182, 1323.0763636363638, 1108.3718181818183], ""confidence"": 0.8, ""image_id"": """", ""is_component"": true, ""is_defect"": false, ""aspect_ratio"": 3.0833333333333326, ""position"": ""center""}"
737,"[__Node__, Defect, porosity_region]",Porosity Region,"{""local_id"": 1, ""class"": ""porosity_region"", ""bbox"": [657.7868852459017, 566.8524590163935, 821.72131147541, 743.9016393442623], ""confidence"": 0.95, ""image_id"": ""img_200"", ""is_component"": false, ""is_defect"": true, ""num_pores"": 116, ""density"": ""very_high""}"
738,"[__Node__, Defect, porosity_region]",Porosity Region,"{""local_id"": 2, ""class"": ""porosity_region"", ""bbox"": [1162.704918032787, 570.1311475409836, 1365.983606557377, 784.8852459016393], ""confidence"": 0.95, ""image_id"": ""img_200"", ""is_component"": false, ""is_defect"": true, ""num_pores"": 174, ""density"": ""very_high""}"
739,"[__Node__, Defect, porosity_region]",Porosity Region,"{""local_id"": 3, ""class"": ""porosity_region"", ""bbox"": [961.0655737704919, 534.0655737704918, 1084.016393442623, 670.1311475409836], ""confidence"": 0.95, ""image_id"": ""img_200"", ""is_component"": false, ""is_defect"": true, ""num_pores"": 66, ""density"": ""very_high""}"
740,"[__Node__, Component, weld_seam]",Weld Seam,"{""local_id"": -1, ""class"": ""weld_seam"", ""bbox"": [404.07978142076513, 418.1945355191257, 1613.679781420765, 871.7945355191256], ""confidence"": 0.85, ""image_id"": """", ""is_component"": true, ""is_defect"": false, ""aspect_ratio"": 2.666666666666667, ""position"": ""edge""}"
741,"[__Node__, Component, weld_surface]",Weld Surface,"{""local_id"": -2, ""class"": ""weld_surface"", ""bbox"": [449.43978142076514, 463.5545355191257, 1568.3197814207651, 826.4345355191256], ""confidence"": 0.8, ""image_id"": """", ""is_component"": true, ""is_defect"": false, ""aspect_ratio"": 3.083333333333335, ""position"": ""edge""}"
742,"[__Node__, Defect, porosity_region]",Porosity Region,"{""local_id"": 1, ""class"": ""porosity_region"", ""bbox"": [797.3509933774834, 748.3443708609271, 880.794701986755, 833.1125827814569], ""confidence"": 0.95, ""image_id"": ""img_201"", ""is_component"": false, ""is_defect"": true, ""num_pores"": 28, ""density"": ""very_high""}"
743,"[__Node__, Defect, overlap_bump]",Overlap Bump,"{""local_id"": 1, ""class"": ""overlap_bump"", ""bbox"": [2306.7567567567567, 263.51351351351354, 2881.0810810810813, 721.6216216216217], ""confidence"": 0.95, ""image_id"": ""img_202"", ""is_component"": false, ""is_defect"": true, ""height_estimate"": 366.4864864864865, ""shape"": ""protrusion""}"
744,"[__Node__, Defect, porosity_region]",Porosity Region,"{""local_id"": 1, ""class"": ""porosity_region"", ""bbox"": [1195.8762886597938, 695.8762886597939, 1483.5051546391753, 820.6185567010309], ""confidence"": 0.95, ""image_id"": ""img_203"", ""is_component"": false, ""is_defect"": true, ""num_pores"": 143, ""density"": ""very_high""}"
745,"[__Node__, Defect, porosity_region]",Porosity Region,"{""local_id"": 2, ""class"": ""porosity_region"", ""bbox"": [961.8556701030928, 708.2474226804123, 1121.6494845360826, 829.8969072164949], ""confidence"": 0.95, ""image_id"": ""img_203"", ""is_component"": false, ""is_defect"": true, ""num_pores"": 77, ""density"": ""very_high""}"
746,"[__Node__, Defect, porosity_region]",Porosity Region,"{""local_id"": 3, ""class"": ""porosity_region"", ""bbox"": [287.5, 718.75, 554.1666666666667, 852.0833333333334], ""confidence"": 0.95, ""image_id"": ""img_203"", ""is_component"": false, ""is_defect"": true, ""num_pores"": 142, ""density"": ""very_high""}"
747,"[__Node__, Component, weld_seam]",Weld Seam,"{""local_id"": -1, ""class"": ""weld_seam"", ""bbox"": [329.29221076746865, 544.1120847651775, 1538.8922107674684, 997.7120847651775], ""confidence"": 0.85, ""image_id"": """", ""is_component"": true, ""is_defect"": false, ""aspect_ratio"": 2.666666666666667, ""position"": ""edge""}"
748,"[__Node__, Component, weld_surface]",Weld Surface,"{""local_id"": -2, ""class"": ""weld_surface"", ""bbox"": [374.65221076746866, 589.4720847651776, 1493.5322107674685, 952.3520847651774], ""confidence"": 0.8, ""image_id"": """", ""is_component"": true, ""is_defect"": false, ""aspect_ratio"": 3.083333333333334, ""position"": ""edge""}"
749,"[__Node__, Defect, porosity_region]",Porosity Region,"{""local_id"": 1, ""class"": ""porosity_region"", ""bbox"": [352.86885245901635, 504.55737704918033, 549.5901639344263, 663.5737704918033], ""confidence"": 0.95, ""image_id"": ""img_204"", ""is_component"": false, ""is_defect"": true, ""num_pores"": 125, ""density"": ""very_high""}"
750,"[__Node__, Defect, porosity_region]",Porosity Region,"{""local_id"": 2, ""class"": ""porosity_region"", ""bbox"": [744.672131147541, 417.672131147541, 849.5901639344263, 538.983606557377], ""confidence"": 0.95, ""image_id"": ""img_204"", ""is_component"": false, ""is_defect"": true, ""num_pores"": 50, ""density"": ""very_high""}"
751,"[__Node__, Defect, porosity_region]",Porosity Region,"{""local_id"": 3, ""class"": ""porosity_region"", ""bbox"": [893.8524590163934, 376.6885245901639, 1069.2622950819673, 479.9672131147541], ""confidence"": 0.95, ""image_id"": ""img_204"", ""is_component"": false, ""is_defect"": true, ""num_pores"": 72, ""density"": ""very_high""}"
752,"[__Node__, Component, weld_seam]",Weld Seam,"{""local_id"": -1, ""class"": ""weld_seam"", ""bbox"": [138.5060109289618, 270.1071038251366, 1348.1060109289617, 723.7071038251365], ""confidence"": 0.85, ""image_id"": """", ""is_component"": true, ""is_defect"": false, ""aspect_ratio"": 2.666666666666667, ""position"": ""center""}"
753,"[__Node__, Component, weld_surface]",Weld Surface,"{""local_id"": -2, ""class"": ""weld_surface"", ""bbox"": [183.86601092896183, 315.46710382513663, 1302.7460109289618, 678.3471038251365], ""confidence"": 0.8, ""image_id"": """", ""is_component"": true, ""is_defect"": false, ""aspect_ratio"": 3.083333333333335, ""position"": ""center""}"
754,"[__Node__, Defect, porosity_region]",Porosity Region,"{""local_id"": 1, ""class"": ""porosity_region"", ""bbox"": [1160.9271523178809, 617.8807947019867, 1229.8013245033112, 678.8079470198676], ""confidence"": 0.95, ""image_id"": ""img_205"", ""is_component"": false, ""is_defect"": true, ""num_pores"": 16, ""density"": ""very_high""}"
755,"[__Node__, Defect, porosity_region]",Porosity Region,"{""local_id"": 2, ""class"": ""porosity_region"", ""bbox"": [1031.7880794701987, 623.841059602649, 1090.0662251655629, 679.4701986754967], ""confidence"": 0.95, ""image_id"": ""img_205"", ""is_component"": false, ""is_defect"": true, ""num_pores"": 12, ""density"": ""very_high""}"
756,"[__Node__, Defect, porosity_region]",Porosity Region,"{""local_id"": 3, ""class"": ""porosity_region"", ""bbox"": [907.2847682119206, 622.5165562913908, 1006.6225165562914, 680.1324503311258], ""confidence"": 0.95, ""image_id"": ""img_205"", ""is_component"": false, ""is_defect"": true, ""num_pores"": 22, ""density"": ""very_high""}"
757,"[__Node__, Defect, porosity_region]",Porosity Region,"{""local_id"": 4, ""class"": ""porosity_region"", ""bbox"": [160.64516129032256, 618.0645161290322, 221.29032258064515, 676.1290322580645], ""confidence"": 0.95, ""image_id"": ""img_205"", ""is_component"": false, ""is_defect"": true, ""num_pores"": 14, ""density"": ""very_high""}"
758,"[__Node__, Component, weld_seam]",Weld Seam,"{""local_id"": -1, ""class"": ""weld_seam"", ""bbox"": [246.25319376201674, 422.8053193762016, 1455.8531937620166, 876.4053193762015], ""confidence"": 0.85, ""image_id"": """", ""is_component"": true, ""is_defect"": false, ""aspect_ratio"": 2.666666666666667, ""position"": ""edge""}"
759,"[__Node__, Component, weld_surface]",Weld Surface,"{""local_id"": -2, ""class"": ""weld_surface"", ""bbox"": [291.61319376201675, 468.16531937620164, 1410.4931937620167, 831.0453193762015], ""confidence"": 0.8, ""image_id"": """", ""is_component"": true, ""is_defect"": false, ""aspect_ratio"": 3.083333333333335, ""position"": ""edge""}"
760,"[__Node__, Defect, porosity_region]",Porosity Region,"{""local_id"": 1, ""class"": ""porosity_region"", ""bbox"": [340.96385542168673, 1086.1445783132529, 398.79518072289153, 1136.7469879518071], ""confidence"": 0.95, ""image_id"": ""img_206"", ""is_component"": false, ""is_defect"": true, ""num_pores"": 11, ""density"": ""very_high""}"
761,"[__Node__, Defect, porosity_region]",Porosity Region,"{""local_id"": 2, ""class"": ""porosity_region"", ""bbox"": [816.2650602409637, 1119.2771084337348, 871.0843373493975, 1174.0963855421685], ""confidence"": 0.95, ""image_id"": ""img_206"", ""is_component"": false, ""is_defect"": true, ""num_pores"": 12, ""density"": ""very_high""}"
762,"[__Node__, Defect, porosity_region]",Porosity Region,"{""local_id"": 3, ""class"": ""porosity_region"", ""bbox"": [942.1686746987951, 1130.1204819277107, 999.3975903614457, 1181.9277108433735], ""confidence"": 0.95, ""image_id"": ""img_206"", ""is_component"": false, ""is_defect"": true, ""num_pores"": 11, ""density"": ""very_high""}"
763,"[__Node__, Defect, pit_depression]",Pit Depression,"{""local_id"": 4, ""class"": ""pit_depression"", ""bbox"": [1418.6351706036746, 1158.530183727034, 1487.1391076115485, 1227.55905511811], ""confidence"": 0.95, ""image_id"": ""img_206"", ""is_component"": false, ""is_defect"": true, ""depth_estimate"": 20.551181102362168, ""shape_regularity"": ""regular""}"
764,"[__Node__, Defect, pit_depression]",Pit Depression,"{""local_id"": 5, ""class"": ""pit_depression"", ""bbox"": [1488.407679556644, 1164.1975308641975, 1559.3953338776319, 1233.3333333333333], ""confidence"": 0.95, ""image_id"": ""img_206"", ""is_component"": false, ""is_defect"": true, ""depth_estimate"": 20.740740740740737, ""shape_regularity"": ""regular""}"
765,"[__Node__, Component, weld_seam]",Weld Seam,"{""local_id"": -1, ""class"": ""weld_seam"", ""bbox"": [427.42519904446794, 934.3933356054724, 1637.0251990444679, 1387.9933356054723], ""confidence"": 0.85, ""image_id"": """", ""is_component"": true, ""is_defect"": false, ""aspect_ratio"": 2.666666666666667, ""position"": ""edge""}"
766,"[__Node__, Component, weld_surface]",Weld Surface,"{""local_id"": -2, ""class"": ""weld_surface"", ""bbox"": [472.78519904446796, 979.7533356054724, 1591.665199044468, 1342.6333356054724], ""confidence"": 0.8, ""image_id"": """", ""is_component"": true, ""is_defect"": false, ""aspect_ratio"": 3.0833333333333335, ""position"": ""edge""}"
767,"[__Node__, Defect, porosity_region]",Porosity Region,"{""local_id"": 1, ""class"": ""porosity_region"", ""bbox"": [755.2238805970148, 301.4925373134328, 944.0298507462686, 643.2835820895522], ""confidence"": 0.95, ""image_id"": ""img_207"", ""is_component"": false, ""is_defect"": true, ""num_pores"": 258, ""density"": ""very_high""}"
768,"[__Node__, Defect, porosity_region]",Porosity Region,"{""local_id"": 2, ""class"": ""porosity_region"", ""bbox"": [709.7014925373134, 1213.4328358208954, 869.4029850746268, 1426.1194029850744], ""confidence"": 0.95, ""image_id"": ""img_207"", ""is_component"": false, ""is_defect"": true, ""num_pores"": 135, ""density"": ""very_high""}"
769,"[__Node__, Defect, porosity_region]",Porosity Region,"{""local_id"": 3, ""class"": ""porosity_region"", ""bbox"": [691.044776119403, 1601.4925373134326, 775.3731343283582, 1700.0], ""confidence"": 0.95, ""image_id"": ""img_207"", ""is_component"": false, ""is_defect"": true, ""num_pores"": 33, ""density"": ""very_high""}"
770,"[__Node__, Component, weld_seam]",Weld Seam,"{""local_id"": -1, ""class"": ""weld_seam"", ""bbox"": [407.9960199004974, 892.3368159203978, 1173.5960199004974, 1402.9368159203977], ""confidence"": 0.85, ""image_id"": """", ""is_component"": true, ""is_defect"": false, ""aspect_ratio"": 1.4994124559341953, ""position"": ""edge""}"
771,"[__Node__, Component, weld_surface]",Weld Surface,"{""local_id"": -2, ""class"": ""weld_surface"", ""bbox"": [459.0560199004974, 943.3968159203978, 1122.5360199004974, 1351.8768159203978], ""confidence"": 0.8, ""image_id"": """", ""is_component"": true, ""is_defect"": false, ""aspect_ratio"": 1.6242655699177437, ""position"": ""edge""}"
772,"[__Node__, Defect, porosity_region]",Porosity Region,"{""local_id"": 1, ""class"": ""porosity_region"", ""bbox"": [149.5601173020528, 137.2434017595308, 203.81231671554252, 191.78885630498533], ""confidence"": 0.95, ""image_id"": ""img_208"", ""is_component"": false, ""is_defect"": true, ""num_pores"": 11, ""density"": ""very_high""}"
773,"[__Node__, Defect, porosity_region]",Porosity Region,"{""local_id"": 2, ""class"": ""porosity_region"", ""bbox"": [283.57771260997066, 143.6950146627566, 341.6422287390029, 203.81231671554252], ""confidence"": 0.95, ""image_id"": ""img_208"", ""is_component"": false, ""is_defect"": true, ""num_pores"": 13, ""density"": ""very_high""}"
774,"[__Node__, Defect, porosity_region]",Porosity Region,"{""local_id"": 3, ""class"": ""porosity_region"", ""bbox"": [393.45335515548277, 118.33060556464811, 430.27823240589197, 161.70212765957447], ""confidence"": 0.95, ""image_id"": ""img_208"", ""is_component"": false, ""is_defect"": true, ""num_pores"": 6, ""density"": ""very_high""}"
775,"[__Node__, Defect, porosity_region]",Porosity Region,"{""local_id"": 4, ""class"": ""porosity_region"", ""bbox"": [486.46748681898066, 152.19683655536028, 532.5131810193321, 205.09666080843584], ""confidence"": 0.95, ""image_id"": ""img_208"", ""is_component"": false, ""is_defect"": true, ""num_pores"": 9, ""density"": ""very_high""}"
776,"[__Node__, Component, weld_seam]",Weld Seam,"{""local_id"": -1, ""class"": ""weld_seam"", ""bbox"": [175.0630788457821, 118.93322750385424, 530.263078845782, 209.53322750385422], ""confidence"": 0.85, ""image_id"": """", ""is_component"": true, ""is_defect"": false, ""aspect_ratio"": 3.9205298013245033, ""position"": ""edge""}"
777,"[__Node__, Component, weld_surface]",Weld Surface,"{""local_id"": -2, ""class"": ""weld_surface"", ""bbox"": [184.1230788457821, 127.99322750385424, 521.2030788457821, 200.47322750385422], ""confidence"": 0.8, ""image_id"": """", ""is_component"": true, ""is_defect"": false, ""aspect_ratio"": 4.650662251655631, ""position"": ""edge""}"
778,"[__Node__, Defect, porosity_region]",Porosity Region,"{""local_id"": 1, ""class"": ""porosity_region"", ""bbox"": [1303.0303030303028, 1422.2222222222222, 1913.131313131313, 1583.8383838383838], ""confidence"": 0.95, ""image_id"": ""img_209"", ""is_component"": false, ""is_defect"": true, ""num_pores"": 394, ""density"": ""very_high""}"
779,"[__Node__, Defect, porosity_region]",Porosity Region,"{""local_id"": 2, ""class"": ""porosity_region"", ""bbox"": [1958.5858585858584, 1436.3636363636365, 2216.161616161616, 1604.0404040404042], ""confidence"": 0.95, ""image_id"": ""img_209"", ""is_component"": false, ""is_defect"": true, ""num_pores"": 172, ""density"": ""very_high""}"
780,"[__Node__, Defect, pit_depression]",Pit Depression,"{""local_id"": 3, ""class"": ""pit_depression"", ""bbox"": [993.953488372093, 2146.9767441860467, 1184.1860465116279, 2323.2558139534885], ""confidence"": 0.95, ""image_id"": ""img_209"", ""is_component"": false, ""is_defect"": true, ""depth_estimate"": 52.883720930232535, ""shape_regularity"": ""irregular""}"
781,"[__Node__, Component, weld_seam]",Weld Seam,"{""local_id"": -1, ""class"": ""weld_seam"", ""bbox"": [394.84143763213524, 1302.78286743403, 2794.8414376321352, 2202.78286743403], ""confidence"": 0.85, ""image_id"": """", ""is_component"": true, ""is_defect"": false, ""aspect_ratio"": 2.6666666666666674, ""position"": ""center""}"
782,"[__Node__, Component, weld_surface]",Weld Surface,"{""local_id"": -2, ""class"": ""weld_surface"", ""bbox"": [484.84143763213524, 1392.78286743403, 2704.8414376321352, 2112.78286743403], ""confidence"": 0.8, ""image_id"": """", ""is_component"": true, ""is_defect"": false, ""aspect_ratio"": 3.0833333333333344, ""position"": ""edge""}"
783,"[__Node__, Defect, porosity_region]",Porosity Region,"{""local_id"": 1, ""class"": ""porosity_region"", ""bbox"": [1820.9302325581396, 974.4186046511628, 2010.46511627907, 1187.2093023255813], ""confidence"": 0.95, ""image_id"": ""img_210"", ""is_component"": false, ""is_defect"": true, ""num_pores"": 161, ""density"": ""very_high""}"
784,"[__Node__, Defect, porosity_region]",Porosity Region,"{""local_id"": 1, ""class"": ""porosity_region"", ""bbox"": [1372.7272727272725, 894.5454545454545, 1496.3636363636363, 1029.090909090909], ""confidence"": 0.95, ""image_id"": ""img_211"", ""is_component"": false, ""is_defect"": true, ""num_pores"": 66, ""density"": ""very_high""}"
785,"[__Node__, Defect, porosity_region]",Porosity Region,"{""local_id"": 2, ""class"": ""porosity_region"", ""bbox"": [1502.5316455696202, 2078.481012658228, 1592.4050632911392, 2175.9493670886077], ""confidence"": 0.95, ""image_id"": ""img_211"", ""is_component"": false, ""is_defect"": true, ""num_pores"": 35, ""density"": ""very_high""}"
786,"[__Node__, Component, weld_seam]",Weld Seam,"{""local_id"": -1, ""class"": ""weld_seam"", ""bbox"": [583.8069044879172, 939.7166858457997, 2398.206904487917, 2149.3166858458], ""confidence"": 0.85, ""image_id"": """", ""is_component"": true, ""is_defect"": false, ""aspect_ratio"": 1.5, ""position"": ""edge""}"
787,"[__Node__, Component, weld_surface]",Weld Surface,"{""local_id"": -2, ""class"": ""weld_surface"", ""bbox"": [704.7669044879173, 1060.6766858457997, 2277.246904487917, 2028.3566858457998], ""confidence"": 0.8, ""image_id"": """", ""is_component"": true, ""is_defect"": false, ""aspect_ratio"": 1.625, ""position"": ""edge""}"
788,"[__Node__, Defect, porosity_region]",Porosity Region,"{""local_id"": 1, ""class"": ""porosity_region"", ""bbox"": [1918.0555555555557, 1538.888888888889, 2112.5, 1745.8333333333335], ""confidence"": 0.95, ""image_id"": ""img_212"", ""is_component"": false, ""is_defect"": true, ""num_pores"": 160, ""density"": ""very_high""}"
