关系ID,关系类型,起始节点ID,结束节点ID,关系属性
1,MENTIONS,969,38,{}
2,MENTIONS,969,39,{}
3,MENTIONS,969,40,{}
4,MENTIONS,970,1100,{}
5,MENTIONS,970,1103,{}
6,MENTIONS,971,41,{}
7,MENTIONS,971,42,{}
8,MENTIONS,972,1130,{}
9,MENTIONS,972,43,{}
10,MENTIONS,973,35,{}
11,MENTIONS,973,36,{}
12,MENTIONS,973,37,{}
13,MENTIONS,973,38,{}
14,MENTIONS,974,1109,{}
15,MENTIONS,974,44,{}
16,MENTIONS,974,45,{}
17,MENTIONS,975,46,{}
18,MENTIONS,975,47,{}
19,MENTIONS,975,48,{}
20,MENTIONS,976,49,{}
21,MENTIONS,976,50,{}
22,MENTIONS,976,1103,{}
23,MENTIONS,976,36,{}
24,MENTIONS,977,1109,{}
25,MENTIONS,977,51,{}
26,MENTIONS,977,52,{}
27,MENTIONS,978,1100,{}
28,MENTIONS,978,1103,{}
29,MENTIONS,978,1111,{}
30,MENTIONS,978,1169,{}
31,MENTIONS,979,1100,{}
32,MENTIONS,979,53,{}
33,MENTIONS,979,54,{}
34,MENTIONS,979,55,{}
35,MENTIONS,980,1109,{}
36,MENTIONS,980,1111,{}
37,MENTIONS,980,56,{}
38,MENTIONS,980,1103,{}
39,MENTIONS,981,1109,{}
40,MENTIONS,981,57,{}
41,MENTIONS,981,58,{}
42,MENTIONS,982,1109,{}
43,MENTIONS,982,57,{}
44,MENTIONS,983,59,{}
45,MENTIONS,983,1110,{}
46,MENTIONS,983,60,{}
47,MENTIONS,983,61,{}
48,MENTIONS,984,1109,{}
49,MENTIONS,984,62,{}
50,MENTIONS,985,63,{}
51,MENTIONS,985,64,{}
52,MENTIONS,986,65,{}
53,MENTIONS,986,66,{}
54,MENTIONS,987,67,{}
55,MENTIONS,987,1111,{}
56,MENTIONS,988,1109,{}
57,MENTIONS,988,68,{}
58,MENTIONS,989,63,{}
59,MENTIONS,989,69,{}
60,MENTIONS,990,1100,{}
61,MENTIONS,990,1103,{}
62,MENTIONS,990,1169,{}
63,MENTIONS,990,1111,{}
64,MENTIONS,991,70,{}
65,MENTIONS,991,71,{}
66,MENTIONS,991,1103,{}
67,MENTIONS,991,72,{}
68,MENTIONS,992,35,{}
69,MENTIONS,992,1103,{}
70,MENTIONS,993,1099,{}
71,MENTIONS,993,1100,{}
72,MENTIONS,993,73,{}
73,MENTIONS,993,37,{}
74,MENTIONS,994,74,{}
75,MENTIONS,994,1110,{}
76,MENTIONS,994,1099,{}
77,MENTIONS,994,1103,{}
78,MENTIONS,995,75,{}
79,MENTIONS,995,1111,{}
80,MENTIONS,995,1100,{}
81,MENTIONS,995,76,{}
82,MENTIONS,996,1100,{}
83,MENTIONS,996,75,{}
84,MENTIONS,996,77,{}
85,MENTIONS,996,76,{}
86,MENTIONS,996,78,{}
87,MENTIONS,997,1100,{}
88,MENTIONS,997,79,{}
89,MENTIONS,997,1111,{}
90,MENTIONS,998,1118,{}
91,MENTIONS,998,1110,{}
92,MENTIONS,998,1103,{}
93,MENTIONS,999,1118,{}
94,MENTIONS,999,1108,{}
95,MENTIONS,1000,80,{}
96,MENTIONS,1000,81,{}
97,MENTIONS,1001,82,{}
98,MENTIONS,1001,1111,{}
99,MENTIONS,1001,83,{}
100,MENTIONS,1001,84,{}
101,MENTIONS,1002,1100,{}
102,MENTIONS,1002,1103,{}
103,MENTIONS,1003,85,{}
104,MENTIONS,1003,1111,{}
105,MENTIONS,1003,1100,{}
106,MENTIONS,1003,86,{}
107,MENTIONS,1003,1107,{}
108,MENTIONS,1003,87,{}
109,MENTIONS,1003,1103,{}
110,MENTIONS,1003,36,{}
111,MENTIONS,1004,1118,{}
112,MENTIONS,1004,1100,{}
113,MENTIONS,1004,66,{}
114,MENTIONS,1005,1100,{}
115,MENTIONS,1005,88,{}
116,MENTIONS,1005,89,{}
117,MENTIONS,1005,1111,{}
118,MENTIONS,1006,1118,{}
119,MENTIONS,1006,1100,{}
120,MENTIONS,1006,90,{}
121,MENTIONS,1006,91,{}
122,MENTIONS,1006,1099,{}
123,MENTIONS,1007,92,{}
124,MENTIONS,1007,36,{}
125,MENTIONS,1007,93,{}
126,MENTIONS,1007,94,{}
127,MENTIONS,1008,1109,{}
128,MENTIONS,1008,1100,{}
129,MENTIONS,1008,95,{}
130,MENTIONS,1008,96,{}
131,MENTIONS,1009,1100,{}
132,MENTIONS,1009,1103,{}
133,MENTIONS,1009,97,{}
134,MENTIONS,1009,98,{}
135,MENTIONS,1010,99,{}
136,MENTIONS,1010,1110,{}
137,MENTIONS,1010,1169,{}
138,MENTIONS,1010,1103,{}
139,MENTIONS,1011,1100,{}
140,MENTIONS,1011,1103,{}
141,MENTIONS,1011,1169,{}
142,MENTIONS,1011,1111,{}
143,MENTIONS,1012,1100,{}
144,MENTIONS,1012,1103,{}
145,MENTIONS,1012,1169,{}
146,MENTIONS,1012,1111,{}
147,MENTIONS,1013,1100,{}
148,MENTIONS,1013,1103,{}
149,MENTIONS,1013,1111,{}
150,MENTIONS,1013,100,{}
151,MENTIONS,1014,1118,{}
152,MENTIONS,1014,1100,{}
153,MENTIONS,1014,101,{}
154,MENTIONS,1014,1103,{}
155,MENTIONS,1016,102,{}
156,MENTIONS,1016,1111,{}
157,MENTIONS,1016,1100,{}
158,MENTIONS,1016,1103,{}
159,MENTIONS,1017,103,{}
160,MENTIONS,1017,1103,{}
161,MENTIONS,1018,104,{}
162,MENTIONS,1018,1106,{}
163,MENTIONS,1018,105,{}
164,MENTIONS,1019,1100,{}
165,MENTIONS,1019,1103,{}
166,MENTIONS,1019,1106,{}
167,MENTIONS,1019,106,{}
168,MENTIONS,1020,1130,{}
169,MENTIONS,1020,1111,{}
170,MENTIONS,1020,1100,{}
171,MENTIONS,1020,107,{}
172,MENTIONS,1020,1113,{}
173,MENTIONS,1021,1103,{}
174,MENTIONS,1021,1110,{}
175,MENTIONS,1021,1106,{}
176,MENTIONS,1022,1103,{}
177,MENTIONS,1022,1110,{}
178,MENTIONS,1023,1099,{}
179,MENTIONS,1023,1100,{}
180,MENTIONS,1023,108,{}
181,MENTIONS,1023,1192,{}
182,MENTIONS,1024,1100,{}
183,MENTIONS,1024,109,{}
184,MENTIONS,1024,110,{}
185,MENTIONS,1025,1130,{}
186,MENTIONS,1025,111,{}
187,MENTIONS,1025,1110,{}
188,MENTIONS,1025,1103,{}
189,MENTIONS,1026,1169,{}
190,MENTIONS,1026,1111,{}
191,MENTIONS,1026,1100,{}
192,MENTIONS,1026,1103,{}
193,MENTIONS,1027,1169,{}
194,MENTIONS,1027,1111,{}
195,MENTIONS,1027,1100,{}
196,MENTIONS,1027,1103,{}
197,MENTIONS,1028,1100,{}
198,MENTIONS,1028,1103,{}
199,MENTIONS,1028,1169,{}
200,MENTIONS,1028,1111,{}
201,MENTIONS,1029,1100,{}
202,MENTIONS,1029,1103,{}
203,MENTIONS,1029,1106,{}
204,MENTIONS,1029,1111,{}
205,MENTIONS,1030,112,{}
206,MENTIONS,1030,1103,{}
207,MENTIONS,1030,113,{}
208,MENTIONS,1030,1111,{}
209,MENTIONS,1031,1169,{}
210,MENTIONS,1031,1111,{}
211,MENTIONS,1031,1100,{}
212,MENTIONS,1031,1103,{}
213,MENTIONS,1032,1169,{}
214,MENTIONS,1032,1111,{}
215,MENTIONS,1032,1100,{}
216,MENTIONS,1032,1103,{}
217,MENTIONS,1033,1169,{}
218,MENTIONS,1033,1111,{}
219,MENTIONS,1033,1100,{}
220,MENTIONS,1033,1103,{}
221,MENTIONS,1034,1109,{}
222,MENTIONS,1034,1111,{}
223,MENTIONS,1034,1100,{}
224,MENTIONS,1034,114,{}
225,MENTIONS,1035,1100,{}
226,MENTIONS,1035,1103,{}
227,MENTIONS,1035,1169,{}
228,MENTIONS,1035,1111,{}
229,MENTIONS,1036,1100,{}
230,MENTIONS,1036,1103,{}
231,MENTIONS,1036,115,{}
232,MENTIONS,1036,1174,{}
233,MENTIONS,1037,1169,{}
234,MENTIONS,1037,116,{}
235,MENTIONS,1038,1100,{}
236,MENTIONS,1038,1103,{}
237,MENTIONS,1038,1169,{}
238,MENTIONS,1038,1111,{}
239,MENTIONS,1039,1100,{}
240,MENTIONS,1039,1103,{}
241,MENTIONS,1041,1130,{}
242,MENTIONS,1041,1111,{}
243,MENTIONS,1043,1169,{}
244,MENTIONS,1043,1111,{}
245,MENTIONS,1043,1100,{}
246,MENTIONS,1043,1103,{}
247,MENTIONS,1044,1118,{}
248,MENTIONS,1044,1100,{}
249,MENTIONS,1044,117,{}
250,MENTIONS,1045,1100,{}
251,MENTIONS,1045,1103,{}
252,MENTIONS,1046,1103,{}
253,MENTIONS,1046,1110,{}
254,MENTIONS,1047,118,{}
255,MENTIONS,1047,1110,{}
256,MENTIONS,1047,1103,{}
257,MENTIONS,914,1097,{}
258,MENTIONS,914,1098,{}
259,MENTIONS,914,1099,{}
260,MENTIONS,914,1100,{}
261,MENTIONS,914,1101,{}
262,MENTIONS,914,1102,{}
263,MENTIONS,915,1100,{}
264,MENTIONS,915,1103,{}
265,MENTIONS,915,1104,{}
266,MENTIONS,915,1105,{}
267,MENTIONS,915,1106,{}
268,MENTIONS,915,1107,{}
269,MENTIONS,915,1108,{}
270,MENTIONS,916,1109,{}
271,MENTIONS,916,1105,{}
272,MENTIONS,916,1110,{}
273,MENTIONS,916,1103,{}
274,MENTIONS,917,1099,{}
275,MENTIONS,917,1111,{}
276,MENTIONS,917,1112,{}
277,MENTIONS,917,1100,{}
278,MENTIONS,917,1113,{}
279,MENTIONS,917,1103,{}
280,MENTIONS,918,1100,{}
281,MENTIONS,918,1103,{}
282,MENTIONS,918,1111,{}
283,MENTIONS,918,1114,{}
284,MENTIONS,919,1109,{}
285,MENTIONS,919,1115,{}
286,MENTIONS,919,1103,{}
287,MENTIONS,919,1116,{}
288,MENTIONS,920,1109,{}
289,MENTIONS,920,1115,{}
290,MENTIONS,920,1103,{}
291,MENTIONS,920,1116,{}
292,MENTIONS,921,1109,{}
293,MENTIONS,921,1115,{}
294,MENTIONS,921,1103,{}
295,MENTIONS,921,1116,{}
296,MENTIONS,922,1109,{}
297,MENTIONS,922,1115,{}
298,MENTIONS,922,1103,{}
299,MENTIONS,922,1116,{}
300,MENTIONS,923,1117,{}
301,MENTIONS,923,1103,{}
302,MENTIONS,924,1118,{}
303,MENTIONS,924,1100,{}
304,MENTIONS,924,1119,{}
305,MENTIONS,925,1120,{}
306,MENTIONS,925,1121,{}
307,MENTIONS,926,1100,{}
308,MENTIONS,926,1103,{}
309,MENTIONS,926,1122,{}
310,MENTIONS,926,1123,{}
311,MENTIONS,927,1109,{}
312,MENTIONS,927,1111,{}
313,MENTIONS,927,1100,{}
314,MENTIONS,927,1124,{}
315,MENTIONS,927,1103,{}
316,MENTIONS,928,1100,{}
317,MENTIONS,928,1103,{}
318,MENTIONS,928,1125,{}
319,MENTIONS,928,1126,{}
320,MENTIONS,928,1127,{}
321,MENTIONS,928,1128,{}
322,MENTIONS,928,1129,{}
323,MENTIONS,929,1109,{}
324,MENTIONS,929,1111,{}
325,MENTIONS,929,1110,{}
326,MENTIONS,930,1130,{}
327,MENTIONS,930,1111,{}
328,MENTIONS,930,1100,{}
329,MENTIONS,930,1131,{}
330,MENTIONS,931,1132,{}
331,MENTIONS,931,1111,{}
332,MENTIONS,932,1099,{}
333,MENTIONS,932,1111,{}
334,MENTIONS,932,1100,{}
335,MENTIONS,933,1130,{}
336,MENTIONS,933,1111,{}
337,MENTIONS,933,1118,{}
338,MENTIONS,933,1100,{}
339,MENTIONS,933,1109,{}
340,MENTIONS,933,1133,{}
341,MENTIONS,933,1134,{}
342,MENTIONS,934,1135,{}
343,MENTIONS,934,1110,{}
344,MENTIONS,934,1136,{}
345,MENTIONS,934,1137,{}
346,MENTIONS,935,1138,{}
347,MENTIONS,935,1109,{}
348,MENTIONS,937,1139,{}
349,MENTIONS,937,1111,{}
350,MENTIONS,937,1110,{}
351,MENTIONS,937,1103,{}
352,MENTIONS,938,1118,{}
353,MENTIONS,938,1100,{}
354,MENTIONS,938,1103,{}
355,MENTIONS,938,1140,{}
356,MENTIONS,938,1141,{}
357,MENTIONS,938,1142,{}
358,MENTIONS,939,1143,{}
359,MENTIONS,939,1103,{}
360,MENTIONS,939,1144,{}
361,MENTIONS,939,1106,{}
362,MENTIONS,939,1145,{}
363,MENTIONS,940,1109,{}
364,MENTIONS,940,1111,{}
365,MENTIONS,940,1146,{}
366,MENTIONS,940,1147,{}
367,MENTIONS,941,1109,{}
368,MENTIONS,941,1148,{}
369,MENTIONS,941,1149,{}
370,MENTIONS,942,1109,{}
371,MENTIONS,942,1100,{}
372,MENTIONS,942,1150,{}
373,MENTIONS,942,1151,{}
374,MENTIONS,942,1152,{}
375,MENTIONS,942,1153,{}
376,MENTIONS,942,1154,{}
377,MENTIONS,943,1155,{}
378,MENTIONS,943,1100,{}
379,MENTIONS,943,1156,{}
380,MENTIONS,944,1157,{}
381,MENTIONS,944,1158,{}
382,MENTIONS,944,1159,{}
383,MENTIONS,944,1160,{}
384,MENTIONS,947,1161,{}
385,MENTIONS,947,1103,{}
386,MENTIONS,948,1130,{}
387,MENTIONS,948,1100,{}
388,MENTIONS,948,1162,{}
389,MENTIONS,948,1163,{}
390,MENTIONS,948,1164,{}
391,MENTIONS,949,1165,{}
392,MENTIONS,949,1100,{}
393,MENTIONS,949,1166,{}
394,MENTIONS,949,1111,{}
395,MENTIONS,950,1130,{}
396,MENTIONS,950,1100,{}
397,MENTIONS,950,1166,{}
398,MENTIONS,950,1167,{}
399,MENTIONS,950,1168,{}
400,MENTIONS,951,1100,{}
401,MENTIONS,951,1103,{}
402,MENTIONS,951,1169,{}
403,MENTIONS,951,1170,{}
404,MENTIONS,952,1109,{}
405,MENTIONS,952,1111,{}
406,MENTIONS,952,1100,{}
407,MENTIONS,952,1171,{}
408,MENTIONS,952,1103,{}
409,MENTIONS,953,1100,{}
410,MENTIONS,953,1172,{}
411,MENTIONS,953,1111,{}
412,MENTIONS,954,1100,{}
413,MENTIONS,954,1173,{}
414,MENTIONS,954,1174,{}
415,MENTIONS,954,1111,{}
416,MENTIONS,955,1175,{}
417,MENTIONS,955,1176,{}
418,MENTIONS,955,1100,{}
419,MENTIONS,955,1177,{}
420,MENTIONS,955,1173,{}
421,MENTIONS,955,1103,{}
422,MENTIONS,956,1109,{}
423,MENTIONS,956,1100,{}
424,MENTIONS,956,1178,{}
425,MENTIONS,957,1130,{}
426,MENTIONS,957,1111,{}
427,MENTIONS,957,1100,{}
428,MENTIONS,958,1109,{}
429,MENTIONS,958,1179,{}
430,MENTIONS,958,1180,{}
431,MENTIONS,958,1181,{}
432,MENTIONS,959,1109,{}
433,MENTIONS,959,1182,{}
434,MENTIONS,960,1183,{}
435,MENTIONS,960,1184,{}
436,MENTIONS,960,1185,{}
437,MENTIONS,960,1186,{}
438,MENTIONS,960,1187,{}
439,MENTIONS,961,1100,{}
440,MENTIONS,961,1103,{}
441,MENTIONS,961,1188,{}
442,MENTIONS,961,1111,{}
443,MENTIONS,962,1130,{}
444,MENTIONS,962,1100,{}
445,MENTIONS,962,1189,{}
446,MENTIONS,963,1190,{}
447,MENTIONS,963,1191,{}
448,MENTIONS,964,1109,{}
449,MENTIONS,964,1192,{}
450,MENTIONS,964,1100,{}
451,MENTIONS,964,1103,{}
452,MENTIONS,965,1100,{}
453,MENTIONS,965,1193,{}
454,MENTIONS,965,1111,{}
455,MENTIONS,966,1106,{}
456,MENTIONS,966,32,{}
457,MENTIONS,966,33,{}
458,MENTIONS,966,34,{}
459,MENTIONS,967,35,{}
460,MENTIONS,967,36,{}
461,MENTIONS,967,37,{}
462,MENTIONS,967,38,{}
463,MENTIONS,967,39,{}
464,MENTIONS,967,40,{}
465,MENTIONS,968,35,{}
466,MENTIONS,968,36,{}
467,MENTIONS,968,37,{}
468,MENTIONS,968,38,{}
469,MENTIONS,968,39,{}
470,MENTIONS,968,1111,{}
471,MENTIONS,969,35,{}
472,MENTIONS,969,36,{}
473,MENTIONS,969,37,{}
474,MENTIONS,1048,1110,{}
475,MENTIONS,1048,119,{}
476,MENTIONS,1048,120,{}
477,MENTIONS,1049,1100,{}
478,MENTIONS,1049,1103,{}
479,MENTIONS,1049,1169,{}
480,MENTIONS,1049,1111,{}
481,MENTIONS,1050,1100,{}
482,MENTIONS,1050,1103,{}
483,MENTIONS,1051,1169,{}
484,MENTIONS,1051,1111,{}
485,MENTIONS,1052,1100,{}
486,MENTIONS,1052,1103,{}
487,MENTIONS,1052,1111,{}
488,MENTIONS,1052,1169,{}
489,MENTIONS,1053,1100,{}
490,MENTIONS,1053,1103,{}
491,MENTIONS,1055,1109,{}
492,MENTIONS,1055,1100,{}
493,MENTIONS,1055,119,{}
494,MENTIONS,1056,1169,{}
495,MENTIONS,1056,1111,{}
496,MENTIONS,1056,1100,{}
497,MENTIONS,1056,1103,{}
498,MENTIONS,1057,1109,{}
499,MENTIONS,1057,121,{}
500,MENTIONS,1057,1100,{}
501,MENTIONS,1057,1113,{}
502,MENTIONS,1057,1102,{}
503,MENTIONS,1058,1109,{}
504,MENTIONS,1058,122,{}
505,MENTIONS,1058,1110,{}
506,MENTIONS,1059,1169,{}
507,MENTIONS,1059,123,{}
508,MENTIONS,1060,1100,{}
509,MENTIONS,1060,1103,{}
510,MENTIONS,1060,124,{}
511,MENTIONS,1060,1111,{}
512,MENTIONS,1061,1100,{}
513,MENTIONS,1061,1103,{}
514,MENTIONS,1061,1169,{}
515,MENTIONS,1061,120,{}
516,MENTIONS,1062,1100,{}
517,MENTIONS,1062,1103,{}
518,MENTIONS,1062,1169,{}
519,MENTIONS,1062,1111,{}
520,MENTIONS,1063,1109,{}
521,MENTIONS,1063,1100,{}
522,MENTIONS,1063,1111,{}
523,MENTIONS,1064,1100,{}
524,MENTIONS,1064,1103,{}
525,MENTIONS,1064,1169,{}
526,MENTIONS,1064,1111,{}
527,MENTIONS,1065,125,{}
528,MENTIONS,1065,1100,{}
529,MENTIONS,1066,126,{}
530,MENTIONS,1066,1130,{}
531,MENTIONS,1067,1100,{}
532,MENTIONS,1067,1103,{}
533,MENTIONS,1067,1169,{}
534,MENTIONS,1067,1111,{}
535,MENTIONS,1068,1130,{}
536,MENTIONS,1068,127,{}
537,MENTIONS,1069,128,{}
538,MENTIONS,1069,1103,{}
539,MENTIONS,1069,1188,{}
540,MENTIONS,1069,129,{}
541,MENTIONS,1069,1111,{}
542,MENTIONS,1070,1109,{}
543,MENTIONS,1070,1110,{}
544,MENTIONS,1070,1103,{}
545,MENTIONS,1071,1169,{}
546,MENTIONS,1071,1111,{}
547,MENTIONS,1071,1100,{}
548,MENTIONS,1071,1103,{}
549,MENTIONS,1072,130,{}
550,MENTIONS,1072,131,{}
551,MENTIONS,1072,132,{}
552,MENTIONS,1072,133,{}
553,MENTIONS,1072,1117,{}
554,MENTIONS,1072,1103,{}
555,MENTIONS,1073,1100,{}
556,MENTIONS,1073,1103,{}
557,MENTIONS,1073,1169,{}
558,MENTIONS,1073,1111,{}
559,MENTIONS,1074,1169,{}
560,MENTIONS,1074,1111,{}
561,MENTIONS,1074,1100,{}
562,MENTIONS,1074,134,{}
563,MENTIONS,1074,1102,{}
564,MENTIONS,1075,1103,{}
565,MENTIONS,1075,135,{}
566,MENTIONS,1075,1169,{}
567,MENTIONS,1075,136,{}
568,MENTIONS,1076,1169,{}
569,MENTIONS,1076,137,{}
570,MENTIONS,1077,1109,{}
571,MENTIONS,1077,138,{}
572,MENTIONS,1077,1100,{}
573,MENTIONS,1077,1103,{}
574,MENTIONS,1077,1117,{}
575,MENTIONS,1078,1100,{}
576,MENTIONS,1078,1103,{}
577,MENTIONS,1078,1111,{}
578,MENTIONS,1078,139,{}
579,MENTIONS,1079,1100,{}
580,MENTIONS,1079,1103,{}
581,MENTIONS,1080,1100,{}
582,MENTIONS,1080,1103,{}
583,MENTIONS,1080,1169,{}
584,MENTIONS,1080,140,{}
585,MENTIONS,1081,1100,{}
586,MENTIONS,1081,1103,{}
587,MENTIONS,1081,1169,{}
588,MENTIONS,1081,1111,{}
589,MENTIONS,1083,1109,{}
590,MENTIONS,1083,1111,{}
591,MENTIONS,1083,1110,{}
592,MENTIONS,1083,141,{}
593,MENTIONS,1083,1103,{}
594,MENTIONS,1084,1109,{}
595,MENTIONS,1084,1100,{}
596,MENTIONS,1084,142,{}
597,MENTIONS,1085,143,{}
598,MENTIONS,1085,1111,{}
599,MENTIONS,1085,1100,{}
600,MENTIONS,1085,1103,{}
601,MENTIONS,1086,1099,{}
602,MENTIONS,1086,1111,{}
603,MENTIONS,1086,1100,{}
604,MENTIONS,1086,144,{}
605,MENTIONS,1087,1109,{}
606,MENTIONS,1087,1111,{}
607,MENTIONS,1087,1100,{}
608,MENTIONS,1087,145,{}
609,MENTIONS,1087,146,{}
610,MENTIONS,1087,1103,{}
611,MENTIONS,1087,1117,{}
612,MENTIONS,1088,1109,{}
613,MENTIONS,1088,1100,{}
614,MENTIONS,1088,147,{}
615,MENTIONS,1088,1098,{}
616,MENTIONS,1089,1109,{}
617,MENTIONS,1089,1111,{}
618,MENTIONS,1089,1100,{}
619,MENTIONS,1089,148,{}
620,MENTIONS,1090,1109,{}
621,MENTIONS,1090,1111,{}
622,MENTIONS,1090,1100,{}
623,MENTIONS,1090,149,{}
624,MENTIONS,1091,1169,{}
625,MENTIONS,1091,1111,{}
626,MENTIONS,1091,1100,{}
627,MENTIONS,1091,1103,{}
628,MENTIONS,1092,1103,{}
629,MENTIONS,1092,1110,{}
630,MENTIONS,1093,1100,{}
631,MENTIONS,1093,1103,{}
632,MENTIONS,1093,1169,{}
633,MENTIONS,1093,1111,{}
634,MENTIONS,1094,1100,{}
635,MENTIONS,1094,1102,{}
636,MENTIONS,1094,1169,{}
637,MENTIONS,1094,120,{}
638,MENTIONS,1095,1169,{}
639,MENTIONS,1095,1111,{}
640,MENTIONS,1095,1109,{}
641,MENTIONS,1095,1100,{}
642,MENTIONS,1095,1103,{}
643,MENTIONS,1096,1109,{}
644,MENTIONS,1096,150,{}
645,MENTIONS,1096,151,{}
646,MENTIONS,1096,152,{}
647,MENTIONS,1096,153,{}
648,OCCURS_IN_STAGE,1097,1098,{triplet_source_id: e5f9f90a-53c2-466f-8dba-626a24bde463}
649,OCCURS_IN_STAGE,1099,1098,{triplet_source_id: e5f9f90a-53c2-466f-8dba-626a24bde463}
650,CAUSED_BY,1100,1097,{triplet_source_id: e5f9f90a-53c2-466f-8dba-626a24bde463}
651,CAUSED_BY,1100,1099,{triplet_source_id: e5f9f90a-53c2-466f-8dba-626a24bde463}
652,CAUSED_BY,1101,1097,{triplet_source_id: e5f9f90a-53c2-466f-8dba-626a24bde463}
653,ROOT_CAUSE_IS,1102,1100,{triplet_source_id: e5f9f90a-53c2-466f-8dba-626a24bde463}
654,ROOT_CAUSE_IS,1100,1103,{triplet_source_id: 19027a5a-1a4c-420c-8040-8a068b1e21fc}
655,OCCURS_IN_STAGE,1104,1105,{triplet_source_id: 19027a5a-1a4c-420c-8040-8a068b1e21fc}
656,CAUSED_BY,1106,1100,{triplet_source_id: 19027a5a-1a4c-420c-8040-8a068b1e21fc}
657,CAUSED_BY,1106,1107,{triplet_source_id: 19027a5a-1a4c-420c-8040-8a068b1e21fc}
658,CAUSED_BY,1106,1108,{triplet_source_id: 19027a5a-1a4c-420c-8040-8a068b1e21fc}
659,OCCURS_IN_STAGE,1109,1105,{triplet_source_id: 2ef3bdac-21e9-4f44-9ef1-03b49c74552b}
660,CAUSED_BY,1110,1109,{triplet_source_id: 2ef3bdac-21e9-4f44-9ef1-03b49c74552b}
661,ROOT_CAUSE_IS,1103,1110,{triplet_source_id: 2ef3bdac-21e9-4f44-9ef1-03b49c74552b}
662,OCCURS_IN_STAGE,1099,1111,{triplet_source_id: 65471ea0-e3b4-4628-80ce-e46c2fa8ef82}
663,OCCURS_IN_STAGE,1112,1111,{triplet_source_id: 65471ea0-e3b4-4628-80ce-e46c2fa8ef82}
664,CAUSED_BY,1099,1100,{triplet_source_id: 65471ea0-e3b4-4628-80ce-e46c2fa8ef82}
665,CAUSED_BY,1099,1113,{triplet_source_id: 65471ea0-e3b4-4628-80ce-e46c2fa8ef82}
666,CAUSED_BY,1112,1100,{triplet_source_id: 65471ea0-e3b4-4628-80ce-e46c2fa8ef82}
667,CAUSED_BY,1112,1113,{triplet_source_id: 65471ea0-e3b4-4628-80ce-e46c2fa8ef82}
668,ROOT_CAUSE_IS,1103,1100,{triplet_source_id: 65471ea0-e3b4-4628-80ce-e46c2fa8ef82}
669,OCCURS_IN_STAGE,1111,1114,{triplet_source_id: e9fdaf8d-c114-49d5-8e02-912543576a6c}
670,OCCURS_IN_STAGE,1109,1115,{triplet_source_id: 4e0d8f9d-4e2e-40c2-84fd-bd724b8b2661}
671,ROOT_CAUSE_IS,1103,1116,{triplet_source_id: 4e0d8f9d-4e2e-40c2-84fd-bd724b8b2661}
672,ROOT_CAUSE_IS,1117,1103,{triplet_source_id: 42c1b2cb-9e97-4db7-92b7-a5d08a088888}
673,CAUSED_BY,1118,1100,{triplet_source_id: 98e364f1-7c4a-4c29-b6f1-b266be11fe6c}
674,CAUSED_BY,1118,1119,{triplet_source_id: 98e364f1-7c4a-4c29-b6f1-b266be11fe6c}
675,ASSOCIATED_WITH,1120,1121,{triplet_source_id: 369b189a-164a-4952-9f46-e78c303376dc}
676,CAUSED_BY,1122,1123,{triplet_source_id: 843dd4bb-66e3-4259-b7f9-3def1fa8df1b}
677,OCCURS_IN_STAGE,1109,1111,{triplet_source_id: c6ad7aea-020f-4889-8f96-e581c73bf138}
678,CAUSED_BY,1109,1100,{triplet_source_id: c6ad7aea-020f-4889-8f96-e581c73bf138}
679,CAUSED_BY,1109,1124,{triplet_source_id: c6ad7aea-020f-4889-8f96-e581c73bf138}
680,OCCURS_IN_STAGE,1125,1126,{triplet_source_id: f500277e-4372-45f2-a9a2-fa2217a8258a}
681,CAUSED_BY,1125,1127,{triplet_source_id: f500277e-4372-45f2-a9a2-fa2217a8258a}
682,CAUSED_BY,1125,1128,{triplet_source_id: f500277e-4372-45f2-a9a2-fa2217a8258a}
683,CAUSED_BY,1125,1129,{triplet_source_id: f500277e-4372-45f2-a9a2-fa2217a8258a}
684,CAUSED_BY,1109,1110,{triplet_source_id: 780de8b0-03e4-455a-b569-d29aaba98e3e}
685,OCCURS_IN_STAGE,1130,1111,{triplet_source_id: 0f3a7da5-3754-4917-8b7e-e290ab37c654}
686,CAUSED_BY,1130,1100,{triplet_source_id: 0f3a7da5-3754-4917-8b7e-e290ab37c654}
687,CAUSED_BY,1130,1131,{triplet_source_id: 0f3a7da5-3754-4917-8b7e-e290ab37c654}
688,OCCURS_IN_STAGE,1132,1111,{triplet_source_id: c479724e-2b44-45d9-bcc4-8251fc30c5c6}
689,CAUSED_BY,1130,1133,{triplet_source_id: 35da67d1-5388-4eb4-b8b4-5b6667e60cd6}
690,CAUSED_BY,1130,1134,{triplet_source_id: 35da67d1-5388-4eb4-b8b4-5b6667e60cd6}
691,ROOT_CAUSE_IS,1135,1110,{triplet_source_id: 7ff061b3-b74f-4150-9f42-04d769374e3b}
692,OCCURS_IN_STAGE,1136,1137,{triplet_source_id: 7ff061b3-b74f-4150-9f42-04d769374e3b}
693,CAUSED_BY,1138,1109,{triplet_source_id: bdd422a9-d533-41f9-ad29-a726a5d01229}
694,OCCURS_IN_STAGE,1139,1111,{triplet_source_id: 193fd6ea-a586-428f-a13d-642e1a92b08d}
695,CAUSED_BY,1139,1110,{triplet_source_id: 193fd6ea-a586-428f-a13d-642e1a92b08d}
696,ROOT_CAUSE_IS,1110,1103,{triplet_source_id: 193fd6ea-a586-428f-a13d-642e1a92b08d}
697,CAUSED_BY,1140,1141,{triplet_source_id: 99cd802e-7ea0-43e6-a691-49e7e0d678fd}
698,OCCURS_IN_STAGE,1140,1142,{triplet_source_id: 99cd802e-7ea0-43e6-a691-49e7e0d678fd}
699,ROOT_CAUSE_IS,1143,1103,{triplet_source_id: e29c56f0-d302-44ce-84a8-ab5e656e175a}
700,CAUSED_BY,1144,1106,{triplet_source_id: e29c56f0-d302-44ce-84a8-ab5e656e175a}
701,CAUSED_BY,1145,1106,{triplet_source_id: e29c56f0-d302-44ce-84a8-ab5e656e175a}
702,CAUSED_BY,1109,1146,{triplet_source_id: 0495e0b9-fb98-4788-a0eb-0331a810dca9}
703,CAUSED_BY,1109,1147,{triplet_source_id: 0495e0b9-fb98-4788-a0eb-0331a810dca9}
704,CAUSED_BY,1109,1148,{triplet_source_id: 017e6c7e-8378-40b4-9b69-f3ab6ebf461d}
705,OCCURS_IN_STAGE,1109,1149,{triplet_source_id: 017e6c7e-8378-40b4-9b69-f3ab6ebf461d}
706,CAUSED_BY,1109,1150,{triplet_source_id: 95b7cc3f-3b0b-421e-b92a-356a68c34783}
707,CAUSED_BY,1109,1151,{triplet_source_id: 95b7cc3f-3b0b-421e-b92a-356a68c34783}
708,CAUSED_BY,1109,1152,{triplet_source_id: 95b7cc3f-3b0b-421e-b92a-356a68c34783}
709,CAUSED_BY,1109,1153,{triplet_source_id: 95b7cc3f-3b0b-421e-b92a-356a68c34783}
710,OCCURS_IN_STAGE,1109,1154,{triplet_source_id: 95b7cc3f-3b0b-421e-b92a-356a68c34783}
711,CAUSED_BY,1155,1100,{triplet_source_id: 64fbebca-9ad5-4dfe-a7e2-466e28c8c6a2}
712,OCCURS_IN_STAGE,1155,1156,{triplet_source_id: 64fbebca-9ad5-4dfe-a7e2-466e28c8c6a2}
713,OCCURS_IN_STAGE,1157,1158,{triplet_source_id: aeed59a7-88c0-4bce-a022-c1e4ddd97353}
714,ROOT_CAUSE_IS,1159,1160,{triplet_source_id: aeed59a7-88c0-4bce-a022-c1e4ddd97353}
715,ROOT_CAUSE_IS,1161,1103,{triplet_source_id: 801d3deb-eb8e-4b56-bd6f-3c579d69acd4}
716,CAUSED_BY,1130,1162,{triplet_source_id: d473cc16-5bfd-4ed1-992b-ed452628d0f5}
717,OCCURS_IN_STAGE,1163,1164,{triplet_source_id: d473cc16-5bfd-4ed1-992b-ed452628d0f5}
718,CAUSED_BY,1165,1100,{triplet_source_id: 9f515239-a518-422f-8157-40022f0b7ac4}
719,CAUSED_BY,1165,1166,{triplet_source_id: 9f515239-a518-422f-8157-40022f0b7ac4}
720,OCCURS_IN_STAGE,1165,1111,{triplet_source_id: 9f515239-a518-422f-8157-40022f0b7ac4}
721,CAUSED_BY,1130,1166,{triplet_source_id: 2444661c-044e-4681-bba3-285349f0e072}
722,OCCURS_IN_STAGE,1167,1168,{triplet_source_id: 2444661c-044e-4681-bba3-285349f0e072}
723,OCCURS_IN_STAGE,1169,1170,{triplet_source_id: 13f6ac0d-411e-4205-9163-817ff032c538}
724,CAUSED_BY,1109,1171,{triplet_source_id: 1a9f1de5-e56a-4035-85f0-b1be7f93e851}
725,CAUSED_BY,1100,1172,{triplet_source_id: 1e9d2d7d-c381-4c30-b8a6-d1795d451586}
726,OCCURS_IN_STAGE,1172,1111,{triplet_source_id: 1e9d2d7d-c381-4c30-b8a6-d1795d451586}
727,ROOT_CAUSE_IS,1100,1173,{triplet_source_id: 316b4247-a7b3-42bb-90c6-5b46836565ff}
728,OCCURS_IN_STAGE,1174,1111,{triplet_source_id: 316b4247-a7b3-42bb-90c6-5b46836565ff}
729,OCCURS_IN_STAGE,1175,1176,{triplet_source_id: 3c72b661-daa1-48c8-ad09-9b16714d441e}
730,CAUSED_BY,1175,1100,{triplet_source_id: 3c72b661-daa1-48c8-ad09-9b16714d441e}
731,CAUSED_BY,1175,1177,{triplet_source_id: 3c72b661-daa1-48c8-ad09-9b16714d441e}
732,ROOT_CAUSE_IS,1173,1103,{triplet_source_id: 3c72b661-daa1-48c8-ad09-9b16714d441e}
733,CAUSED_BY,1109,1178,{triplet_source_id: 70569969-d236-46a7-8127-f9a5ea9d4fb1}
734,OCCURS_IN_STAGE,1109,1179,{triplet_source_id: da5dfbf9-8ef2-448c-aa72-d30d2c9fd9c0}
735,ROOT_CAUSE_IS,1180,1181,{triplet_source_id: da5dfbf9-8ef2-448c-aa72-d30d2c9fd9c0}
736,CAUSED_BY,1109,1182,{triplet_source_id: 6c10c466-fcac-4ad6-8eff-3b34251b505f}
737,ROOT_CAUSE_IS,1183,1184,{triplet_source_id: 9d184f56-82a9-4b04-83eb-dcb6b76b41d0}
738,ROOT_CAUSE_IS,1185,1184,{triplet_source_id: 9d184f56-82a9-4b04-83eb-dcb6b76b41d0}
739,ROOT_CAUSE_IS,1186,1184,{triplet_source_id: 9d184f56-82a9-4b04-83eb-dcb6b76b41d0}
740,ROOT_CAUSE_IS,1187,1184,{triplet_source_id: 9d184f56-82a9-4b04-83eb-dcb6b76b41d0}
741,CAUSED_BY,1188,1100,{triplet_source_id: 31e9f95a-bc88-4eff-a862-7634bed28275}
742,OCCURS_IN_STAGE,1188,1111,{triplet_source_id: 31e9f95a-bc88-4eff-a862-7634bed28275}
743,CAUSED_BY,1130,1189,{triplet_source_id: 20cae376-5bf4-454d-801f-e2b17d3e8067}
744,OCCURS_IN_STAGE,1190,1191,{triplet_source_id: d4f90232-2367-4b8c-ac0f-b0fa6ae6f067}
745,OCCURS_IN_STAGE,1109,1192,{triplet_source_id: 08accfc1-3ba0-4497-bb63-2a45918c3bfd}
746,CAUSED_BY,1100,1109,{triplet_source_id: 08accfc1-3ba0-4497-bb63-2a45918c3bfd}
747,CAUSED_BY,1100,1193,{triplet_source_id: 00e7eeb5-b597-4b3d-83aa-84c24d4b8969}
748,OCCURS_IN_STAGE,1193,1111,{triplet_source_id: 00e7eeb5-b597-4b3d-83aa-84c24d4b8969}
749,CAUSED_BY,1106,32,{triplet_source_id: 20a257ca-e8a9-4176-9421-d5ccaa245b4a}
750,OCCURS_IN_STAGE,33,34,{triplet_source_id: 20a257ca-e8a9-4176-9421-d5ccaa245b4a}
751,ROOT_CAUSE_IS,35,36,{triplet_source_id: d4608cc1-8b22-4a7f-ae67-dc41062818d2}
752,CAUSED_BY,37,38,{triplet_source_id: d4608cc1-8b22-4a7f-ae67-dc41062818d2}
753,OCCURS_IN_STAGE,39,40,{triplet_source_id: d4608cc1-8b22-4a7f-ae67-dc41062818d2}
754,OCCURS_IN_STAGE,39,1111,{triplet_source_id: a41353e2-1c85-4433-9406-e35cfc266ccb}
755,OCCURS_IN_STAGE,41,42,{triplet_source_id: 32795f30-5239-4126-8b3f-e77455eb6461}
756,OCCURS_IN_STAGE,1130,43,{triplet_source_id: 5c8c8747-da79-4ff5-87b7-50d83459c0fe}
757,CAUSED_BY,1109,44,{triplet_source_id: 02a9555c-7055-461c-bdfd-baed12a263ec}
758,OCCURS_IN_STAGE,1109,45,{triplet_source_id: 02a9555c-7055-461c-bdfd-baed12a263ec}
759,CAUSED_BY,46,47,{triplet_source_id: ef92379c-5589-4091-af27-2a880057e374}
760,CAUSED_BY,46,48,{triplet_source_id: ef92379c-5589-4091-af27-2a880057e374}
761,OCCURS_IN_STAGE,49,50,{triplet_source_id: 35391b52-aa7f-4ac4-b7ee-7fabcca02e77}
762,ROOT_CAUSE_IS,1103,36,{triplet_source_id: 35391b52-aa7f-4ac4-b7ee-7fabcca02e77}
763,CAUSED_BY,1109,51,{triplet_source_id: 9810b555-1dd8-4ced-90e5-d6f71a1d5ecb}
764,CAUSED_BY,1109,52,{triplet_source_id: 9810b555-1dd8-4ced-90e5-d6f71a1d5ecb}
765,OCCURS_IN_STAGE,1111,1169,{triplet_source_id: 8c327307-7f6a-4d02-b224-9e0053c01a59}
766,ROOT_CAUSE_IS,1100,53,{triplet_source_id: 0a11e443-ade3-4e75-85d5-9343896921be}
767,OCCURS_IN_STAGE,54,55,{triplet_source_id: 0a11e443-ade3-4e75-85d5-9343896921be}
768,ROOT_CAUSE_IS,56,1103,{triplet_source_id: ef131701-7a7c-4208-a295-c4feb3f744f2}
769,CAUSED_BY,1109,57,{triplet_source_id: eca60f86-c7f2-4583-9c66-d493f1dbc0a4}
770,OCCURS_IN_STAGE,1109,58,{triplet_source_id: eca60f86-c7f2-4583-9c66-d493f1dbc0a4}
771,ROOT_CAUSE_IS,59,1110,{triplet_source_id: 2fccebfb-0a30-4cf5-823d-3450c3952d88}
772,OCCURS_IN_STAGE,60,61,{triplet_source_id: 2fccebfb-0a30-4cf5-823d-3450c3952d88}
773,OCCURS_IN_STAGE,1109,62,{triplet_source_id: 7ff21801-c173-45fe-abd2-7db117cb40f9}
774,OCCURS_IN_STAGE,63,64,{triplet_source_id: e2f96a09-4d9c-48c8-ac53-ab7f60a249e2}
775,CAUSED_BY,65,66,{triplet_source_id: e4245826-1123-4adf-910c-2200297bff91}
776,OCCURS_IN_STAGE,67,1111,{triplet_source_id: bfb40137-7d64-4b01-ac09-05d07e7a8d98}
777,OCCURS_IN_STAGE,1109,68,{triplet_source_id: 647ff284-c665-4e63-bef6-4efaf8f970e8}
778,OCCURS_IN_STAGE,63,69,{triplet_source_id: 5a6702a7-cf4a-4c65-9d2e-1253f55a6a26}
779,OCCURS_IN_STAGE,1169,1111,{triplet_source_id: ff1b3829-12a3-408d-8b8d-90e919b93747}
780,OCCURS_IN_STAGE,70,71,{triplet_source_id: a88ddb1d-1b8c-4de3-9956-78ae95f38de8}
781,ROOT_CAUSE_IS,1103,72,{triplet_source_id: a88ddb1d-1b8c-4de3-9956-78ae95f38de8}
782,ROOT_CAUSE_IS,35,1103,{triplet_source_id: 5ed0fa9c-4b71-4bf4-8d33-d29bb82d7bff}
783,CAUSED_BY,1099,73,{triplet_source_id: 5c1759c6-0a1c-4202-9bbf-940faea1a50e}
784,CAUSED_BY,37,1099,{triplet_source_id: 5c1759c6-0a1c-4202-9bbf-940faea1a50e}
785,CAUSED_BY,74,1110,{triplet_source_id: 6f5f689c-bd3c-4aa2-a749-bccdecbda6c4}
786,CAUSED_BY,1099,1110,{triplet_source_id: 6f5f689c-bd3c-4aa2-a749-bccdecbda6c4}
787,CAUSED_BY,74,1103,{triplet_source_id: 6f5f689c-bd3c-4aa2-a749-bccdecbda6c4}
788,CAUSED_BY,1099,1103,{triplet_source_id: 6f5f689c-bd3c-4aa2-a749-bccdecbda6c4}
789,OCCURS_IN_STAGE,75,1111,{triplet_source_id: ce17e2e2-0ceb-499e-ab50-437bebb2c4da}
790,CAUSED_BY,75,1100,{triplet_source_id: ce17e2e2-0ceb-499e-ab50-437bebb2c4da}
791,CAUSED_BY,75,76,{triplet_source_id: ce17e2e2-0ceb-499e-ab50-437bebb2c4da}
792,CAUSED_BY,1100,75,{triplet_source_id: 895d5eac-f08d-437f-9c85-f6ad1d7792cf}
793,CAUSED_BY,77,75,{triplet_source_id: 895d5eac-f08d-437f-9c85-f6ad1d7792cf}
794,CAUSED_BY,76,75,{triplet_source_id: 895d5eac-f08d-437f-9c85-f6ad1d7792cf}
795,CAUSED_BY,78,75,{triplet_source_id: 895d5eac-f08d-437f-9c85-f6ad1d7792cf}
796,CAUSED_BY,1100,79,{triplet_source_id: 6478d08c-2c23-4b50-a4a3-9110b08d5cbc}
797,OCCURS_IN_STAGE,79,1111,{triplet_source_id: 6478d08c-2c23-4b50-a4a3-9110b08d5cbc}
798,CAUSED_BY,1118,1110,{triplet_source_id: 434a9004-5cc9-4d7b-991f-661300088eaa}
799,CAUSED_BY,1118,1108,{triplet_source_id: 15968cd8-5cca-4c34-b24a-046288c4df28}
800,OCCURS_IN_STAGE,80,81,{triplet_source_id: 10e61814-2738-46d3-a3f4-1a91c9f74075}
801,CAUSED_BY,82,1111,{triplet_source_id: bc3ec1f0-edc7-4719-872d-6c7006636339}
802,CAUSED_BY,82,83,{triplet_source_id: bc3ec1f0-edc7-4719-872d-6c7006636339}
803,CAUSED_BY,82,84,{triplet_source_id: bc3ec1f0-edc7-4719-872d-6c7006636339}
804,OCCURS_IN_STAGE,85,1111,{triplet_source_id: d558077f-9dd8-44d2-a4df-74cee0b88f08}
805,CAUSED_BY,85,1100,{triplet_source_id: d558077f-9dd8-44d2-a4df-74cee0b88f08}
806,CAUSED_BY,85,86,{triplet_source_id: d558077f-9dd8-44d2-a4df-74cee0b88f08}
807,CAUSED_BY,85,1107,{triplet_source_id: d558077f-9dd8-44d2-a4df-74cee0b88f08}
808,CAUSED_BY,85,87,{triplet_source_id: d558077f-9dd8-44d2-a4df-74cee0b88f08}
809,CAUSED_BY,1118,66,{triplet_source_id: 379c6482-61ab-4303-b272-7c445178263e}
810,ROOT_CAUSE_IS,1100,88,{triplet_source_id: d5cdaa19-948e-401b-a360-12708b0ce127}
811,OCCURS_IN_STAGE,89,1111,{triplet_source_id: d5cdaa19-948e-401b-a360-12708b0ce127}
812,CAUSED_BY,1118,90,{triplet_source_id: 0ce90dbb-d29d-4408-aa4d-83f18e386ec3}
813,CAUSED_BY,1118,91,{triplet_source_id: 0ce90dbb-d29d-4408-aa4d-83f18e386ec3}
814,CAUSED_BY,1099,90,{triplet_source_id: 0ce90dbb-d29d-4408-aa4d-83f18e386ec3}
815,CAUSED_BY,1099,91,{triplet_source_id: 0ce90dbb-d29d-4408-aa4d-83f18e386ec3}
816,ROOT_CAUSE_IS,92,36,{triplet_source_id: b3cf6364-cb97-43e7-957b-7e57587fae16}
817,OCCURS_IN_STAGE,93,94,{triplet_source_id: b3cf6364-cb97-43e7-957b-7e57587fae16}
818,CAUSED_BY,1109,95,{triplet_source_id: def3dcce-20f1-4092-8173-bcba87195220}
819,CAUSED_BY,1109,96,{triplet_source_id: def3dcce-20f1-4092-8173-bcba87195220}
820,OCCURS_IN_STAGE,97,98,{triplet_source_id: ec6e4bfc-42a0-4d17-8348-4cf936488329}
821,CAUSED_BY,99,1110,{triplet_source_id: 71571dba-d18b-46c4-b929-9b41ea563a4b}
822,CAUSED_BY,1169,1110,{triplet_source_id: 71571dba-d18b-46c4-b929-9b41ea563a4b}
823,OCCURS_IN_STAGE,1111,100,{triplet_source_id: 507aed4d-15cb-4941-9eeb-a7d49c5edd98}
824,CAUSED_BY,1118,101,{triplet_source_id: 959ca4ed-f28a-4585-b6e3-c731e23866cc}
825,OCCURS_IN_STAGE,102,1111,{triplet_source_id: d1bfa988-6346-431b-b193-357b83a1f520}
826,CAUSED_BY,1100,102,{triplet_source_id: d1bfa988-6346-431b-b193-357b83a1f520}
827,ROOT_CAUSE_IS,103,1103,{triplet_source_id: 537dd9dc-ce3f-49c2-aa51-df6c00430719}
828,CAUSED_BY,104,1106,{triplet_source_id: 9d02165e-147d-497b-b600-d3593328941f}
829,CAUSED_BY,105,1106,{triplet_source_id: 9d02165e-147d-497b-b600-d3593328941f}
830,OCCURS_IN_STAGE,1106,106,{triplet_source_id: 0b579c6b-3456-46e3-b262-08133843ad45}
831,CAUSED_BY,1130,107,{triplet_source_id: cdacd730-cac7-4891-b4da-2cf101d6e5ac}
832,ROOT_CAUSE_IS,1100,1113,{triplet_source_id: cdacd730-cac7-4891-b4da-2cf101d6e5ac}
833,CAUSED_BY,1106,1110,{triplet_source_id: 0b92022b-65b4-4893-b016-953ae332e464}
834,CAUSED_BY,1099,108,{triplet_source_id: 8d426cdf-75bd-4ee6-b14f-e556b02d740c}
835,OCCURS_IN_STAGE,1099,1192,{triplet_source_id: 8d426cdf-75bd-4ee6-b14f-e556b02d740c}
836,ROOT_CAUSE_IS,1100,109,{triplet_source_id: 1d8d4ce9-ff85-4dc2-9018-bab07e69dfb1}
837,CAUSED_BY,110,1100,{triplet_source_id: 1d8d4ce9-ff85-4dc2-9018-bab07e69dfb1}
838,OCCURS_IN_STAGE,1130,111,{triplet_source_id: 1315bea0-b46f-4a45-bd98-5878a0fc0eb9}
839,CAUSED_BY,1110,1130,{triplet_source_id: 1315bea0-b46f-4a45-bd98-5878a0fc0eb9}
840,CAUSED_BY,1100,1169,{triplet_source_id: 9fe3c93e-1517-48ed-a5a1-88c2150ff0ee}
841,OCCURS_IN_STAGE,1106,1111,{triplet_source_id: 7825373d-1ad0-4a9a-bd14-544173a8c3fa}
842,ROOT_CAUSE_IS,112,1103,{triplet_source_id: 5dadf528-51ad-4e9b-bf7e-14b9d8a7f105}
843,OCCURS_IN_STAGE,113,1111,{triplet_source_id: 5dadf528-51ad-4e9b-bf7e-14b9d8a7f105}
844,CAUSED_BY,1109,114,{triplet_source_id: d5548946-ddc4-47eb-8504-e9dd7be915e2}
845,OCCURS_IN_STAGE,115,1174,{triplet_source_id: 57b3e9e8-150b-4444-8717-2b17532071f1}
846,OCCURS_IN_STAGE,1169,116,{triplet_source_id: 1b24e166-7815-412e-940c-4c2de52545b0}
847,CAUSED_BY,1118,117,{triplet_source_id: 162dddf4-5cb3-45e0-b223-5020f600a9b0}
848,CAUSED_BY,118,1110,{triplet_source_id: b30c91a7-5932-4c69-994a-e6e303689024}
849,CAUSED_BY,118,1103,{triplet_source_id: b30c91a7-5932-4c69-994a-e6e303689024}
850,CAUSED_BY,1110,119,{triplet_source_id: ad28f766-fea0-45d6-b9e4-19c16d4b10ea}
851,OCCURS_IN_STAGE,119,120,{triplet_source_id: ad28f766-fea0-45d6-b9e4-19c16d4b10ea}
852,CAUSED_BY,1109,119,{triplet_source_id: 1aafe5c8-ebf1-4ad5-9392-c1419ea34075}
853,OCCURS_IN_STAGE,1109,121,{triplet_source_id: a6059851-edb3-4191-bb5d-fa764fed0353}
854,CAUSED_BY,1113,1109,{triplet_source_id: a6059851-edb3-4191-bb5d-fa764fed0353}
855,OCCURS_IN_STAGE,1109,122,{triplet_source_id: f9a4a657-f450-491a-bf49-226a66575adb}
856,OCCURS_IN_STAGE,1169,123,{triplet_source_id: b45179a9-ae31-4afd-a0b8-d0da8f3d7c70}
857,OCCURS_IN_STAGE,124,1111,{triplet_source_id: 201ef1f5-0b91-4a87-bd42-cf9c8d9b8c64}
858,OCCURS_IN_STAGE,1169,120,{triplet_source_id: f2f60ae0-d603-4a51-ba74-38d0f5b8080b}
859,CAUSED_BY,125,1100,{triplet_source_id: f1af5f67-f12c-4be9-a395-78bdc4b7b289}
860,CAUSED_BY,126,1130,{triplet_source_id: c2011a7b-6a83-4445-b563-aae4cd64c6c7}
861,OCCURS_IN_STAGE,1130,127,{triplet_source_id: c62af996-14e9-4f6d-b9c8-d4df4771c453}
862,ROOT_CAUSE_IS,128,1103,{triplet_source_id: 7c5ef030-edae-4de0-9d26-002a7143fc73}
863,CAUSED_BY,1188,129,{triplet_source_id: 7c5ef030-edae-4de0-9d26-002a7143fc73}
864,OCCURS_IN_STAGE,130,131,{triplet_source_id: f42271c5-2b7b-4594-91db-f36fa3e763c8}
865,CAUSED_BY,130,132,{triplet_source_id: f42271c5-2b7b-4594-91db-f36fa3e763c8}
866,CAUSED_BY,130,133,{triplet_source_id: f42271c5-2b7b-4594-91db-f36fa3e763c8}
867,CAUSED_BY,134,1169,{triplet_source_id: 02fe3498-8a26-40e6-9412-c9275017637a}
868,ROOT_CAUSE_IS,1103,135,{triplet_source_id: b2b4f6e7-fa9b-4c11-9b2f-806a1729ed35}
869,OCCURS_IN_STAGE,1169,136,{triplet_source_id: b2b4f6e7-fa9b-4c11-9b2f-806a1729ed35}
870,OCCURS_IN_STAGE,1169,137,{triplet_source_id: 27e13923-01da-40ad-a54b-4f9ca63c7bb6}
871,OCCURS_IN_STAGE,1109,138,{triplet_source_id: 5fe8691d-8961-42f4-9575-1280fd428594}
872,ROOT_CAUSE_IS,1103,1117,{triplet_source_id: 5fe8691d-8961-42f4-9575-1280fd428594}
873,OCCURS_IN_STAGE,1111,139,{triplet_source_id: fb85570a-84a1-45cb-9e64-0e0fa820513f}
874,OCCURS_IN_STAGE,1169,140,{triplet_source_id: 9778fed5-3bfc-4a42-a273-3d4c0b9a0a2b}
875,ROOT_CAUSE_IS,141,1103,{triplet_source_id: da826091-0e7e-40f1-a242-4ca66d1728b9}
876,CAUSED_BY,1109,142,{triplet_source_id: e7ba3645-c204-4bc4-9628-2181082fca0a}
877,OCCURS_IN_STAGE,143,1111,{triplet_source_id: fbb3e5dd-f667-4bc0-8cc4-00000455f068}
878,CAUSED_BY,1100,143,{triplet_source_id: fbb3e5dd-f667-4bc0-8cc4-00000455f068}
879,CAUSED_BY,1099,144,{triplet_source_id: 6ccecbf5-0bc9-43cf-92b6-9d2253402536}
880,CAUSED_BY,1109,145,{triplet_source_id: 5d09f7b2-238a-44b7-8ad1-b70a3fc1228f}
881,CAUSED_BY,1109,146,{triplet_source_id: 5d09f7b2-238a-44b7-8ad1-b70a3fc1228f}
882,CAUSED_BY,1109,147,{triplet_source_id: a19d57b2-7d47-47fe-b4cd-d09a9f65b3e9}
883,CAUSED_BY,1109,1098,{triplet_source_id: a19d57b2-7d47-47fe-b4cd-d09a9f65b3e9}
884,CAUSED_BY,1109,148,{triplet_source_id: 2d22d562-9bec-4693-996e-b5dd7c34bc47}
885,CAUSED_BY,1109,149,{triplet_source_id: 0bbcd5b9-2244-4d23-96f5-f6fbdf528d26}
886,ROOT_CAUSE_IS,1100,1102,{triplet_source_id: 99bac590-258c-4272-bec9-dc97d319eb00}
887,CAUSED_BY,1109,150,{triplet_source_id: 17d67d7e-e7f5-4685-bbd0-e32d6afbe9f3}
888,CAUSED_BY,1109,151,{triplet_source_id: 17d67d7e-e7f5-4685-bbd0-e32d6afbe9f3}
889,OCCURS_IN_STAGE,1109,152,{triplet_source_id: 17d67d7e-e7f5-4685-bbd0-e32d6afbe9f3}
890,ROOT_CAUSE_IS,150,153,{triplet_source_id: 17d67d7e-e7f5-4685-bbd0-e32d6afbe9f3}
891,ADJACENT_TO,2,3,"{""confidence"": 0.7023947982125268}"
892,ADJACENT_TO,4,2,"{""confidence"": 0.646}"
893,ADJACENT_TO,5,2,"{""confidence"": 0.6080000000000001}"
894,ADJACENT_TO,4,3,"{""confidence"": 0.646}"
895,ADJACENT_TO,5,3,"{""confidence"": 0.6080000000000001}"
896,CONTAINS,4,5,"{""confidence"": 0.6119999999999846}"
897,ADJACENT_TO,10,8,"{""confidence"": 0.646}"
898,ADJACENT_TO,11,8,"{""confidence"": 0.6080000000000001}"
899,ADJACENT_TO,10,9,"{""confidence"": 0.646}"
900,ADJACENT_TO,11,9,"{""confidence"": 0.6080000000000001}"
901,CONTAINS,10,11,"{""confidence"": 0.611999999999979}"
902,ADJACENT_TO,12,13,"{""confidence"": 0.4481060731952403}"
903,ADJACENT_TO,15,12,"{""confidence"": 0.646}"
904,ADJACENT_TO,16,12,"{""confidence"": 0.6080000000000001}"
905,ADJACENT_TO,13,14,"{""confidence"": 0.4568888688019121}"
906,ADJACENT_TO,15,13,"{""confidence"": 0.646}"
907,ADJACENT_TO,16,13,"{""confidence"": 0.6080000000000001}"
908,ADJACENT_TO,15,14,"{""confidence"": 0.646}"
909,ADJACENT_TO,16,14,"{""confidence"": 0.6080000000000001}"
910,CONTAINS,15,16,"{""confidence"": 0.6119999999999775}"
911,ADJACENT_TO,21,19,"{""confidence"": 0.646}"
912,ADJACENT_TO,22,19,"{""confidence"": 0.6080000000000001}"
913,ADJACENT_TO,21,20,"{""confidence"": 0.646}"
914,ADJACENT_TO,22,20,"{""confidence"": 0.6080000000000001}"
915,CONTAINS,21,22,"{""confidence"": 0.6119999999999954}"
916,ADJACENT_TO,24,25,"{""confidence"": 0.3860694444444445}"
917,ADJACENT_TO,29,24,"{""confidence"": 0.646}"
918,ADJACENT_TO,30,24,"{""confidence"": 0.6080000000000001}"
919,ADJACENT_TO,25,26,"{""confidence"": 0.709465277777778}"
920,ADJACENT_TO,29,25,"{""confidence"": 0.646}"
921,ADJACENT_TO,30,25,"{""confidence"": 0.6080000000000001}"
922,ADJACENT_TO,29,26,"{""confidence"": 0.646}"
923,ADJACENT_TO,30,26,"{""confidence"": 0.6080000000000001}"
924,ADJACENT_TO,27,28,"{""confidence"": 0.5835129310344829}"
925,ADJACENT_TO,29,27,"{""confidence"": 0.646}"
926,ADJACENT_TO,30,27,"{""confidence"": 0.6080000000000001}"
927,ADJACENT_TO,29,28,"{""confidence"": 0.646}"
928,ADJACENT_TO,30,28,"{""confidence"": 0.6080000000000001}"
929,CONTAINS,29,30,"{""confidence"": 0.6119999999999962}"
930,ADJACENT_TO,33,31,"{""confidence"": 0.646}"
931,ADJACENT_TO,34,31,"{""confidence"": 0.6080000000000001}"
932,ADJACENT_TO,33,32,"{""confidence"": 0.646}"
933,ADJACENT_TO,34,32,"{""confidence"": 0.6080000000000001}"
934,CONTAINS,33,34,"{""confidence"": 0.6119999999999775}"
935,ADJACENT_TO,35,36,"{""confidence"": 0.5055679512698146}"
936,ADJACENT_TO,39,35,"{""confidence"": 0.646}"
937,ADJACENT_TO,40,35,"{""confidence"": 0.6080000000000001}"
938,ADJACENT_TO,36,37,"{""confidence"": 0.6781956332142663}"
939,ADJACENT_TO,39,36,"{""confidence"": 0.646}"
940,ADJACENT_TO,40,36,"{""confidence"": 0.6080000000000001}"
941,ADJACENT_TO,37,38,"{""confidence"": 0.4609496519931297}"
942,ADJACENT_TO,39,37,"{""confidence"": 0.646}"
943,ADJACENT_TO,40,37,"{""confidence"": 0.6080000000000001}"
944,ADJACENT_TO,39,38,"{""confidence"": 0.646}"
945,ADJACENT_TO,40,38,"{""confidence"": 0.6080000000000001}"
946,CONTAINS,39,40,"{""confidence"": 0.6119999999999775}"
947,ADJACENT_TO,42,44,"{""confidence"": 0.5538606468571835}"
948,ADJACENT_TO,45,42,"{""confidence"": 0.646}"
949,ADJACENT_TO,46,42,"{""confidence"": 0.6080000000000001}"
950,ADJACENT_TO,43,44,"{""confidence"": 0.3287616039566386}"
951,ADJACENT_TO,45,43,"{""confidence"": 0.646}"
952,ADJACENT_TO,46,43,"{""confidence"": 0.6080000000000001}"
953,ADJACENT_TO,45,44,"{""confidence"": 0.646}"
954,ADJACENT_TO,46,44,"{""confidence"": 0.6080000000000001}"
955,CONTAINS,45,46,"{""confidence"": 0.6119999999999776}"
956,ADJACENT_TO,48,49,"{""confidence"": 0.6352546438219508}"
957,ADJACENT_TO,49,50,"{""confidence"": 0.5826817006837397}"
958,ADJACENT_TO,51,50,"{""confidence"": 0.646}"
959,ADJACENT_TO,52,50,"{""confidence"": 0.6080000000000001}"
960,CONTAINS,51,52,"{""confidence"": 0.6119999999999776}"
961,ADJACENT_TO,53,54,"{""confidence"": 0.6397904190629674}"
962,ADJACENT_TO,55,53,"{""confidence"": 0.646}"
963,ADJACENT_TO,56,53,"{""confidence"": 0.6080000000000001}"
964,ADJACENT_TO,55,54,"{""confidence"": 0.646}"
965,ADJACENT_TO,56,54,"{""confidence"": 0.6080000000000001}"
966,CONTAINS,55,56,"{""confidence"": 0.6119999999999776}"
967,ADJACENT_TO,57,58,"{""confidence"": 0.49712996489836964}"
968,ADJACENT_TO,57,63,"{""confidence"": 0.441031827348165}"
969,ADJACENT_TO,66,57,"{""confidence"": 0.646}"
970,ADJACENT_TO,67,57,"{""confidence"": 0.5186299781608493}"
971,ADJACENT_TO,58,65,"{""confidence"": 0.7096081374075648}"
972,ADJACENT_TO,66,58,"{""confidence"": 0.646}"
973,ADJACENT_TO,67,58,"{""confidence"": 0.5814916326199866}"
974,ADJACENT_TO,59,60,"{""confidence"": 0.3498944074317647}"
975,ADJACENT_TO,59,61,"{""confidence"": 0.6099233186235734}"
976,ADJACENT_TO,59,62,"{""confidence"": 0.5685425709356753}"
977,ADJACENT_TO,66,59,"{""confidence"": 0.646}"
978,ADJACENT_TO,67,59,"{""confidence"": 0.6080000000000001}"
979,ADJACENT_TO,60,62,"{""confidence"": 0.6900239676957151}"
980,ADJACENT_TO,66,60,"{""confidence"": 0.646}"
981,ADJACENT_TO,67,60,"{""confidence"": 0.6080000000000001}"
982,ADJACENT_TO,61,62,"{""confidence"": 0.5846911553992439}"
983,ADJACENT_TO,63,64,"{""confidence"": 0.3159407877058778}"
984,ADJACENT_TO,66,63,"{""confidence"": 0.646}"
985,ADJACENT_TO,67,63,"{""confidence"": 0.4954651773837075}"
986,ADJACENT_TO,64,65,"{""confidence"": 0.711232919303807}"
987,ADJACENT_TO,66,64,"{""confidence"": 0.6041144478252422}"
988,ADJACENT_TO,67,64,"{""confidence"": 0.43172484545334155}"
989,ADJACENT_TO,66,65,"{""confidence"": 0.5920777793825591}"
990,ADJACENT_TO,67,65,"{""confidence"": 0.522265385802902}"
991,CONTAINS,66,67,"{""confidence"": 0.611999999999979}"
992,ADJACENT_TO,68,69,"{""confidence"": 0.48937343074307266}"
993,ADJACENT_TO,68,71,"{""confidence"": 0.711723324249694}"
994,ADJACENT_TO,68,72,"{""confidence"": 0.6715508644984977}"
995,ADJACENT_TO,68,73,"{""confidence"": 0.6164305127468562}"
996,ADJACENT_TO,68,74,"{""confidence"": 0.5304801337442973}"
997,ADJACENT_TO,68,75,"{""confidence"": 0.5230061877440741}"
998,ADJACENT_TO,68,76,"{""confidence"": 0.46695159274240516}"
999,ADJACENT_TO,77,68,"{""confidence"": 0.5885125217062751}"
1000,ADJACENT_TO,78,68,"{""confidence"": 0.37149413807649423}"
1001,ADJACENT_TO,69,70,"{""confidence"": 0.6883672429989985}"
1002,ADJACENT_TO,69,71,"{""confidence"": 0.47068856574251644}"
1003,ADJACENT_TO,69,74,"{""confidence"": 0.6388523507475242}"
1004,ADJACENT_TO,69,75,"{""confidence"": 0.6313784047473013}"
1005,ADJACENT_TO,69,76,"{""confidence"": 0.5753238097456322}"
1006,ADJACENT_TO,77,69,"{""confidence"": 0.646}"
1007,ADJACENT_TO,78,69,"{""confidence"": 0.6080000000000001}"
1008,ADJACENT_TO,70,71,"{""confidence"": 0.7089205944996104}"
1009,ADJACENT_TO,70,72,"{""confidence"": 0.45106945749193206}"
1010,ADJACENT_TO,70,74,"{""confidence"": 0.6790248104987208}"
1011,ADJACENT_TO,70,75,"{""confidence"": 0.6715508644984977}"
1012,ADJACENT_TO,70,76,"{""confidence"": 0.6154962694968286}"
1013,ADJACENT_TO,77,70,"{""confidence"": 0.646}"
1014,ADJACENT_TO,78,70,"{""confidence"": 0.6080000000000001}"
1015,ADJACENT_TO,71,72,"{""confidence"": 0.6977096754992764}"
1016,ADJACENT_TO,71,73,"{""confidence"": 0.45667491699209867}"
1017,ADJACENT_TO,71,75,"{""confidence"": 0.7173287837498609}"
1018,ADJACENT_TO,71,76,"{""confidence"": 0.6612741887481918}"
1019,ADJACENT_TO,77,71,"{""confidence"": 0.646}"
1020,ADJACENT_TO,78,71,"{""confidence"": 0.6080000000000001}"
1021,ADJACENT_TO,72,73,"{""confidence"": 0.7098548377496382}"
1022,ADJACENT_TO,72,74,"{""confidence"": 0.4015545652404576}"
1023,ADJACENT_TO,72,76,"{""confidence"": 0.695841188999221}"
1024,ADJACENT_TO,77,72,"{""confidence"": 0.646}"
1025,ADJACENT_TO,78,72,"{""confidence"": 0.6080000000000001}"
1026,ADJACENT_TO,73,74,"{""confidence"": 0.6612741887481913}"
1027,ADJACENT_TO,73,75,"{""confidence"": 0.4678858359924327}"
1028,ADJACENT_TO,77,73,"{""confidence"": 0.646}"
1029,ADJACENT_TO,78,73,"{""confidence"": 0.6080000000000001}"
1030,ADJACENT_TO,74,75,"{""confidence"": 0.6836960267488593}"
1031,ADJACENT_TO,74,76,"{""confidence"": 0.34923694323889976}"
1032,ADJACENT_TO,77,74,"{""confidence"": 0.646}"
1033,ADJACENT_TO,78,74,"{""confidence"": 0.6080000000000001}"
1034,ADJACENT_TO,75,76,"{""confidence"": 0.7191972702499164}"
1035,ADJACENT_TO,77,75,"{""confidence"": 0.646}"
1036,ADJACENT_TO,78,75,"{""confidence"": 0.6080000000000001}"
1037,ADJACENT_TO,77,76,"{""confidence"": 0.646}"
1038,ADJACENT_TO,78,76,"{""confidence"": 0.5241199827126181}"
1039,CONTAINS,77,78,"{""confidence"": 0.6119999999999776}"
1040,ADJACENT_TO,79,80,"{""confidence"": 0.6657428745999251}"
1041,ADJACENT_TO,81,79,"{""confidence"": 0.646}"
1042,ADJACENT_TO,82,79,"{""confidence"": 0.6080000000000001}"
1043,ADJACENT_TO,81,80,"{""confidence"": 0.646}"
1044,ADJACENT_TO,82,80,"{""confidence"": 0.6080000000000001}"
1045,CONTAINS,81,82,"{""confidence"": 0.6119999999999776}"
1046,ADJACENT_TO,85,86,"{""confidence"": 0.6784916086655217}"
1047,ADJACENT_TO,85,87,"{""confidence"": 0.4808909980214329}"
1048,ADJACENT_TO,88,85,"{""confidence"": 0.646}"
1049,ADJACENT_TO,89,85,"{""confidence"": 0.6080000000000001}"
1050,ADJACENT_TO,88,86,"{""confidence"": 0.646}"
1051,ADJACENT_TO,89,86,"{""confidence"": 0.6080000000000001}"
1052,ADJACENT_TO,88,87,"{""confidence"": 0.646}"
1053,ADJACENT_TO,89,87,"{""confidence"": 0.6080000000000001}"
1054,CONTAINS,88,89,"{""confidence"": 0.6119999999999775}"
1055,ADJACENT_TO,92,93,"{""confidence"": 0.6742486772486775}"
1056,ADJACENT_TO,93,94,"{""confidence"": 0.4683210978835982}"
1057,ADJACENT_TO,95,93,"{""confidence"": 0.646}"
1058,ADJACENT_TO,96,93,"{""confidence"": 0.6080000000000001}"
1059,CONTAINS,95,96,"{""confidence"": 0.6119999999999961}"
1060,ADJACENT_TO,97,99,"{""confidence"": 0.5400443548387096}"
1061,ADJACENT_TO,101,97,"{""confidence"": 0.646}"
1062,ADJACENT_TO,102,97,"{""confidence"": 0.6080000000000001}"
1063,ADJACENT_TO,98,100,"{""confidence"": 0.5719663978494625}"
1064,ADJACENT_TO,101,98,"{""confidence"": 0.646}"
1065,ADJACENT_TO,102,98,"{""confidence"": 0.6080000000000001}"
1066,ADJACENT_TO,99,100,"{""confidence"": 0.6645403225806448}"
1067,ADJACENT_TO,101,99,"{""confidence"": 0.646}"
1068,ADJACENT_TO,102,99,"{""confidence"": 0.6080000000000001}"
1069,ADJACENT_TO,101,100,"{""confidence"": 0.646}"
1070,ADJACENT_TO,102,100,"{""confidence"": 0.6080000000000001}"
1071,CONTAINS,101,102,"{""confidence"": 0.6119999999999913}"
1072,ADJACENT_TO,109,110,"{""confidence"": 0.5480732323232326}"
1073,ADJACENT_TO,111,109,"{""confidence"": 0.646}"
1074,ADJACENT_TO,112,109,"{""confidence"": 0.6080000000000001}"
1075,ADJACENT_TO,111,110,"{""confidence"": 0.646}"
1076,ADJACENT_TO,112,110,"{""confidence"": 0.6080000000000001}"
1077,CONTAINS,111,112,"{""confidence"": 0.6119999999999954}"
1078,ADJACENT_TO,113,114,"{""confidence"": 0.680920736872716}"
1079,ADJACENT_TO,115,113,"{""confidence"": 0.646}"
1080,ADJACENT_TO,116,113,"{""confidence"": 0.6080000000000001}"
1081,ADJACENT_TO,115,114,"{""confidence"": 0.646}"
1082,ADJACENT_TO,116,114,"{""confidence"": 0.6080000000000001}"
1083,CONTAINS,115,116,"{""confidence"": 0.6119999999999823}"
1084,ADJACENT_TO,122,123,"{""confidence"": 0.6865015340241037}"
1085,ADJACENT_TO,124,122,"{""confidence"": 0.646}"
1086,ADJACENT_TO,125,122,"{""confidence"": 0.6080000000000001}"
1087,ADJACENT_TO,124,123,"{""confidence"": 0.646}"
1088,ADJACENT_TO,125,123,"{""confidence"": 0.6080000000000001}"
1089,CONTAINS,124,125,"{""confidence"": 0.6119999999999952}"
1090,ADJACENT_TO,129,126,"{""confidence"": 0.646}"
1091,ADJACENT_TO,130,126,"{""confidence"": 0.6080000000000001}"
1092,ADJACENT_TO,127,128,"{""confidence"": 0.4109880952380951}"
1093,ADJACENT_TO,129,127,"{""confidence"": 0.646}"
1094,ADJACENT_TO,130,127,"{""confidence"": 0.6080000000000001}"
1095,ADJACENT_TO,129,128,"{""confidence"": 0.646}"
1096,ADJACENT_TO,130,128,"{""confidence"": 0.6080000000000001}"
1097,CONTAINS,129,130,"{""confidence"": 0.6119999999999961}"
1098,ADJACENT_TO,132,134,"{""confidence"": 0.6503730158730159}"
1099,ADJACENT_TO,135,132,"{""confidence"": 0.646}"
1100,ADJACENT_TO,136,132,"{""confidence"": 0.6080000000000001}"
1101,ADJACENT_TO,133,134,"{""confidence"": 0.6999609279609278}"
1102,ADJACENT_TO,135,133,"{""confidence"": 0.646}"
1103,ADJACENT_TO,136,133,"{""confidence"": 0.6080000000000001}"
1104,ADJACENT_TO,135,134,"{""confidence"": 0.646}"
1105,ADJACENT_TO,136,134,"{""confidence"": 0.6080000000000001}"
1106,CONTAINS,135,136,"{""confidence"": 0.611999999999985}"
1107,ADJACENT_TO,140,137,"{""confidence"": 0.646}"
1108,ADJACENT_TO,141,137,"{""confidence"": 0.6080000000000001}"
1109,ADJACENT_TO,140,138,"{""confidence"": 0.646}"
1110,ADJACENT_TO,141,138,"{""confidence"": 0.6080000000000001}"
1111,ADJACENT_TO,140,139,"{""confidence"": 0.6115943431225607}"
1112,ADJACENT_TO,141,139,"{""confidence"": 0.43876474690964096}"
1113,CONTAINS,140,141,"{""confidence"": 0.611999999999979}"
1114,ADJACENT_TO,142,143,"{""confidence"": 0.4906452407510694}"
1115,ADJACENT_TO,145,142,"{""confidence"": 0.646}"
1116,ADJACENT_TO,146,142,"{""confidence"": 0.6080000000000001}"
1117,ADJACENT_TO,143,144,"{""confidence"": 0.7053895705521473}"
1118,ADJACENT_TO,145,143,"{""confidence"": 0.646}"
1119,ADJACENT_TO,146,143,"{""confidence"": 0.6080000000000001}"
1120,ADJACENT_TO,145,144,"{""confidence"": 0.646}"
1121,ADJACENT_TO,146,144,"{""confidence"": 0.6080000000000001}"
1122,CONTAINS,145,146,"{""confidence"": 0.611999999999995}"
1123,ADJACENT_TO,149,147,"{""confidence"": 0.646}"
1124,ADJACENT_TO,150,147,"{""confidence"": 0.6080000000000001}"
1125,ADJACENT_TO,149,148,"{""confidence"": 0.646}"
1126,ADJACENT_TO,150,148,"{""confidence"": 0.6080000000000001}"
1127,CONTAINS,149,150,"{""confidence"": 0.6119999999999775}"
1128,ADJACENT_TO,151,152,"{""confidence"": 0.5332290940986953}"
1129,ADJACENT_TO,153,151,"{""confidence"": 0.646}"
1130,ADJACENT_TO,154,151,"{""confidence"": 0.6080000000000001}"
1131,ADJACENT_TO,153,152,"{""confidence"": 0.646}"
1132,ADJACENT_TO,154,152,"{""confidence"": 0.6080000000000001}"
1133,CONTAINS,153,154,"{""confidence"": 0.6119999999999776}"
1134,ADJACENT_TO,157,155,"{""confidence"": 0.646}"
1135,ADJACENT_TO,158,155,"{""confidence"": 0.6080000000000001}"
1136,ADJACENT_TO,157,156,"{""confidence"": 0.646}"
1137,ADJACENT_TO,158,156,"{""confidence"": 0.5852983257057895}"
1138,CONTAINS,157,158,"{""confidence"": 0.6119999999999776}"
1139,ADJACENT_TO,161,159,"{""confidence"": 0.646}"
1140,ADJACENT_TO,162,159,"{""confidence"": 0.5710269725054746}"
1141,ADJACENT_TO,161,160,"{""confidence"": 0.646}"
1142,ADJACENT_TO,162,160,"{""confidence"": 0.6080000000000001}"
1143,CONTAINS,161,162,"{""confidence"": 0.6119999999999776}"
1144,ADJACENT_TO,164,165,"{""confidence"": 0.38462801654537837}"
1145,ADJACENT_TO,164,168,"{""confidence"": 0.588129795843715}"
1146,ADJACENT_TO,169,164,"{""confidence"": 0.646}"
1147,ADJACENT_TO,170,164,"{""confidence"": 0.6080000000000001}"
1148,ADJACENT_TO,165,168,"{""confidence"": 0.6579997332455596}"
1149,ADJACENT_TO,169,165,"{""confidence"": 0.646}"
1150,ADJACENT_TO,170,165,"{""confidence"": 0.6080000000000001}"
1151,ADJACENT_TO,166,167,"{""confidence"": 0.716959676837755}"
1152,ADJACENT_TO,166,168,"{""confidence"": 0.5088789469858265}"
1153,ADJACENT_TO,169,166,"{""confidence"": 0.4614389404708776}"
1154,ADJACENT_TO,169,167,"{""confidence"": 0.646}"
1155,ADJACENT_TO,170,167,"{""confidence"": 0.6080000000000001}"
1156,CONTAINS,169,170,"{""confidence"": 0.611999999999979}"
1157,ADJACENT_TO,171,172,"{""confidence"": 0.3550815647186395}"
1158,ADJACENT_TO,171,173,"{""confidence"": 0.6342911353799419}"
1159,ADJACENT_TO,171,174,"{""confidence"": 0.4813826230585334}"
1160,ADJACENT_TO,175,171,"{""confidence"": 0.646}"
1161,ADJACENT_TO,176,171,"{""confidence"": 0.5850797419056801}"
1162,ADJACENT_TO,172,173,"{""confidence"": 0.6644804317950965}"
1163,ADJACENT_TO,172,174,"{""confidence"": 0.6515165090653566}"
1164,ADJACENT_TO,175,172,"{""confidence"": 0.646}"
1165,ADJACENT_TO,176,172,"{""confidence"": 0.6080000000000001}"
1166,ADJACENT_TO,173,174,"{""confidence"": 0.35146182690979516}"
1167,ADJACENT_TO,175,173,"{""confidence"": 0.646}"
1168,ADJACENT_TO,176,173,"{""confidence"": 0.6080000000000001}"
1169,ADJACENT_TO,175,174,"{""confidence"": 0.646}"
1170,ADJACENT_TO,176,174,"{""confidence"": 0.6080000000000001}"
1171,CONTAINS,175,176,"{""confidence"": 0.6119999999999775}"
1172,ADJACENT_TO,179,181,"{""confidence"": 0.5949693054235736}"
1173,ADJACENT_TO,182,180,"{""confidence"": 0.646}"
1174,ADJACENT_TO,183,180,"{""confidence"": 0.6080000000000001}"
1175,CONTAINS,182,183,"{""confidence"": 0.6119999999999961}"
1176,ADJACENT_TO,185,186,"{""confidence"": 0.7003386136712751}"
1177,ADJACENT_TO,190,185,"{""confidence"": 0.646}"
1178,ADJACENT_TO,191,185,"{""confidence"": 0.6080000000000001}"
1179,ADJACENT_TO,190,186,"{""confidence"": 0.646}"
1180,ADJACENT_TO,191,186,"{""confidence"": 0.6080000000000001}"
1181,ADJACENT_TO,187,188,"{""confidence"": 0.6873417818740396}"
1182,ADJACENT_TO,190,187,"{""confidence"": 0.646}"
1183,ADJACENT_TO,191,187,"{""confidence"": 0.49624357341341735}"
1184,ADJACENT_TO,190,188,"{""confidence"": 0.646}"
1185,ADJACENT_TO,191,188,"{""confidence"": 0.6080000000000001}"
1186,CONTAINS,190,191,"{""confidence"": 0.6119999999999961}"
1187,ADJACENT_TO,192,195,"{""confidence"": 0.722}"
1188,ADJACENT_TO,196,192,"{""confidence"": 0.646}"
1189,ADJACENT_TO,197,192,"{""confidence"": 0.6080000000000001}"
1190,ADJACENT_TO,193,194,"{""confidence"": 0.3960972222222222}"
1191,ADJACENT_TO,193,195,"{""confidence"": 0.5035376984126984}"
1192,ADJACENT_TO,196,193,"{""confidence"": 0.646}"
1193,ADJACENT_TO,197,193,"{""confidence"": 0.6080000000000001}"
1194,ADJACENT_TO,196,194,"{""confidence"": 0.646}"
1195,ADJACENT_TO,197,194,"{""confidence"": 0.6080000000000001}"
1196,ADJACENT_TO,196,195,"{""confidence"": 0.646}"
1197,ADJACENT_TO,197,195,"{""confidence"": 0.6080000000000001}"
1198,CONTAINS,196,197,"{""confidence"": 0.6119999999999961}"
1199,ADJACENT_TO,198,199,"{""confidence"": 0.6749568536454129}"
1200,ADJACENT_TO,207,199,"{""confidence"": 0.4071876122744746}"
1201,ADJACENT_TO,200,201,"{""confidence"": 0.6541776824663661}"
1202,ADJACENT_TO,207,200,"{""confidence"": 0.646}"
1203,ADJACENT_TO,208,200,"{""confidence"": 0.6080000000000001}"
1204,ADJACENT_TO,207,201,"{""confidence"": 0.646}"
1205,ADJACENT_TO,208,201,"{""confidence"": 0.6080000000000001}"
1206,ADJACENT_TO,202,203,"{""confidence"": 0.7037897497982241}"
1207,ADJACENT_TO,202,204,"{""confidence"": 0.7189649582997041}"
1208,ADJACENT_TO,202,205,"{""confidence"": 0.6916495829970404}"
1209,ADJACENT_TO,202,206,"{""confidence"": 0.7144123957492602}"
1210,ADJACENT_TO,207,202,"{""confidence"": 0.576128839164858}"
1211,ADJACENT_TO,208,202,"{""confidence"": 0.4054389074492784}"
1212,ADJACENT_TO,203,204,"{""confidence"": 0.722}"
1213,ADJACENT_TO,203,205,"{""confidence"": 0.6962021455474844}"
1214,ADJACENT_TO,207,203,"{""confidence"": 0.646}"
1215,ADJACENT_TO,208,203,"{""confidence"": 0.6080000000000001}"
1216,ADJACENT_TO,204,205,"{""confidence"": 0.536862456281948}"
1217,ADJACENT_TO,207,204,"{""confidence"": 0.646}"
1218,ADJACENT_TO,208,204,"{""confidence"": 0.6080000000000001}"
1219,ADJACENT_TO,205,206,"{""confidence"": 0.4018031006187783}"
1220,ADJACENT_TO,207,205,"{""confidence"": 0.646}"
1221,ADJACENT_TO,208,205,"{""confidence"": 0.6080000000000001}"
1222,ADJACENT_TO,207,206,"{""confidence"": 0.646}"
1223,ADJACENT_TO,208,206,"{""confidence"": 0.6080000000000001}"
1224,CONTAINS,207,208,"{""confidence"": 0.6119999999999962}"
1225,ADJACENT_TO,209,213,"{""confidence"": 0.6368196966738269}"
1226,ADJACENT_TO,209,215,"{""confidence"": 0.3372200091128038}"
1227,ADJACENT_TO,209,218,"{""confidence"": 0.4568390974218106}"
1228,ADJACENT_TO,219,209,"{""confidence"": 0.646}"
1229,ADJACENT_TO,220,209,"{""confidence"": 0.5999356739171561}"
1230,ADJACENT_TO,210,211,"{""confidence"": 0.5839491635748227}"
1231,ADJACENT_TO,210,212,"{""confidence"": 0.5369531341534854}"
1232,ADJACENT_TO,210,214,"{""confidence"": 0.6485687040291609}"
1233,ADJACENT_TO,210,215,"{""confidence"": 0.4870198528933149}"
1234,ADJACENT_TO,210,218,"{""confidence"": 0.680070237173161}"
1235,ADJACENT_TO,219,210,"{""confidence"": 0.646}"
1236,ADJACENT_TO,220,210,"{""confidence"": 0.6080000000000001}"
1237,ADJACENT_TO,211,212,"{""confidence"": 0.6691294669009961}"
1238,ADJACENT_TO,211,213,"{""confidence"": 0.43414931979431054}"
1239,ADJACENT_TO,219,211,"{""confidence"": 0.646}"
1240,ADJACENT_TO,220,211,"{""confidence"": 0.6080000000000001}"
1241,ADJACENT_TO,212,213,"{""confidence"": 0.5046433639263166}"
1242,ADJACENT_TO,219,212,"{""confidence"": 0.6394517025783641}"
1243,ADJACENT_TO,220,212,"{""confidence"": 0.49925693169372765}"
1244,ADJACENT_TO,213,216,"{""confidence"": 0.3577807719846385}"
1245,ADJACENT_TO,219,213,"{""confidence"": 0.646}"
1246,ADJACENT_TO,220,213,"{""confidence"": 0.6080000000000001}"
1247,ADJACENT_TO,214,218,"{""confidence"": 0.6536349706236588}"
1248,ADJACENT_TO,219,214,"{""confidence"": 0.646}"
1249,ADJACENT_TO,220,214,"{""confidence"": 0.6080000000000001}"
1250,ADJACENT_TO,219,215,"{""confidence"": 0.646}"
1251,ADJACENT_TO,220,215,"{""confidence"": 0.5858285648382957}"
1252,ADJACENT_TO,216,217,"{""confidence"": 0.3401572609516369}"
1253,ADJACENT_TO,219,216,"{""confidence"": 0.646}"
1254,ADJACENT_TO,220,216,"{""confidence"": 0.6080000000000001}"
1255,ADJACENT_TO,217,218,"{""confidence"": 0.5420194007479838}"
1256,ADJACENT_TO,219,217,"{""confidence"": 0.646}"
1257,ADJACENT_TO,220,217,"{""confidence"": 0.6080000000000001}"
1258,ADJACENT_TO,219,218,"{""confidence"": 0.646}"
1259,ADJACENT_TO,220,218,"{""confidence"": 0.5484846665941484}"
1260,CONTAINS,219,220,"{""confidence"": 0.6119999999999846}"
1261,ADJACENT_TO,221,222,"{""confidence"": 0.48622784391534374}"
1262,ADJACENT_TO,225,221,"{""confidence"": 0.646}"
1263,ADJACENT_TO,226,221,"{""confidence"": 0.4592269841269837}"
1264,ADJACENT_TO,225,222,"{""confidence"": 0.646}"
1265,ADJACENT_TO,226,222,"{""confidence"": 0.6080000000000001}"
1266,ADJACENT_TO,225,223,"{""confidence"": 0.646}"
1267,ADJACENT_TO,226,223,"{""confidence"": 0.6080000000000001}"
1268,ADJACENT_TO,225,224,"{""confidence"": 0.37731398809523836}"
1269,CONTAINS,225,226,"{""confidence"": 0.6119999999999961}"
1270,ADJACENT_TO,228,229,"{""confidence"": 0.6998037218282513}"
1271,ADJACENT_TO,230,228,"{""confidence"": 0.646}"
1272,ADJACENT_TO,231,228,"{""confidence"": 0.6080000000000001}"
1273,ADJACENT_TO,230,229,"{""confidence"": 0.646}"
1274,ADJACENT_TO,231,229,"{""confidence"": 0.6080000000000001}"
1275,CONTAINS,230,231,"{""confidence"": 0.611999999999979}"
1276,ADJACENT_TO,232,233,"{""confidence"": 0.658408530696293}"
1277,ADJACENT_TO,232,235,"{""confidence"": 0.3954181183658451}"
1278,ADJACENT_TO,232,237,"{""confidence"": 0.6258099170537739}"
1279,ADJACENT_TO,239,232,"{""confidence"": 0.646}"
1280,ADJACENT_TO,240,232,"{""confidence"": 0.6080000000000001}"
1281,ADJACENT_TO,233,234,"{""confidence"": 0.5632447905887621}"
1282,ADJACENT_TO,233,235,"{""confidence"": 0.692196324488549}"
1283,ADJACENT_TO,233,236,"{""confidence"": 0.40565951349070983}"
1284,ADJACENT_TO,233,238,"{""confidence"": 0.40823232306553797}"
1285,ADJACENT_TO,239,233,"{""confidence"": 0.646}"
1286,ADJACENT_TO,240,233,"{""confidence"": 0.6080000000000001}"
1287,ADJACENT_TO,234,235,"{""confidence"": 0.5811269958956325}"
1288,ADJACENT_TO,234,236,"{""confidence"": 0.586915212526555}"
1289,ADJACENT_TO,234,237,"{""confidence"": 0.5449255512867056}"
1290,ADJACENT_TO,234,238,"{""confidence"": 0.6402412315600722}"
1291,ADJACENT_TO,239,234,"{""confidence"": 0.646}"
1292,ADJACENT_TO,240,234,"{""confidence"": 0.6080000000000001}"
1293,ADJACENT_TO,235,236,"{""confidence"": 0.42354171879758024}"
1294,ADJACENT_TO,235,238,"{""confidence"": 0.6824261377708865}"
1295,ADJACENT_TO,239,235,"{""confidence"": 0.646}"
1296,ADJACENT_TO,240,235,"{""confidence"": 0.6080000000000001}"
1297,ADJACENT_TO,236,238,"{""confidence"": 0.6367444326923372}"
1298,ADJACENT_TO,239,236,"{""confidence"": 0.646}"
1299,ADJACENT_TO,240,236,"{""confidence"": 0.6080000000000001}"
1300,ADJACENT_TO,237,238,"{""confidence"": 0.46534821197547444}"
1301,ADJACENT_TO,239,237,"{""confidence"": 0.646}"
1302,ADJACENT_TO,240,237,"{""confidence"": 0.6080000000000001}"
1303,ADJACENT_TO,239,238,"{""confidence"": 0.646}"
1304,ADJACENT_TO,240,238,"{""confidence"": 0.6080000000000001}"
1305,CONTAINS,239,240,"{""confidence"": 0.611999999999979}"
1306,ADJACENT_TO,241,242,"{""confidence"": 0.7054724617333311}"
1307,ADJACENT_TO,244,241,"{""confidence"": 0.646}"
1308,ADJACENT_TO,245,241,"{""confidence"": 0.6080000000000001}"
1309,ADJACENT_TO,242,243,"{""confidence"": 0.6448714880888797}"
1310,ADJACENT_TO,244,242,"{""confidence"": 0.646}"
1311,ADJACENT_TO,245,242,"{""confidence"": 0.6080000000000001}"
1312,ADJACENT_TO,244,243,"{""confidence"": 0.646}"
1313,ADJACENT_TO,245,243,"{""confidence"": 0.6080000000000001}"
1314,CONTAINS,244,245,"{""confidence"": 0.6119999999999788}"
1315,ADJACENT_TO,249,246,"{""confidence"": 0.3143252293885209}"
1316,ADJACENT_TO,249,247,"{""confidence"": 0.646}"
1317,ADJACENT_TO,250,247,"{""confidence"": 0.6080000000000001}"
1318,ADJACENT_TO,249,248,"{""confidence"": 0.5124009610876697}"
1319,CONTAINS,249,250,"{""confidence"": 0.6119999999999961}"
1320,ADJACENT_TO,251,254,"{""confidence"": 0.6712642195767193}"
1321,ADJACENT_TO,255,251,"{""confidence"": 0.646}"
1322,ADJACENT_TO,256,251,"{""confidence"": 0.5672957671957665}"
1323,ADJACENT_TO,252,253,"{""confidence"": 0.43250760582010617}"
1324,ADJACENT_TO,255,252,"{""confidence"": 0.646}"
1325,ADJACENT_TO,256,252,"{""confidence"": 0.6080000000000001}"
1326,ADJACENT_TO,255,253,"{""confidence"": 0.646}"
1327,ADJACENT_TO,256,253,"{""confidence"": 0.6080000000000001}"
1328,ADJACENT_TO,255,254,"{""confidence"": 0.6176413690476186}"
1329,ADJACENT_TO,256,254,"{""confidence"": 0.3989095238095233}"
1330,CONTAINS,255,256,"{""confidence"": 0.6119999999999961}"
1331,ADJACENT_TO,259,257,"{""confidence"": 0.646}"
1332,ADJACENT_TO,260,257,"{""confidence"": 0.6080000000000001}"
1333,ADJACENT_TO,259,258,"{""confidence"": 0.646}"
1334,ADJACENT_TO,260,258,"{""confidence"": 0.6080000000000001}"
1335,CONTAINS,259,260,"{""confidence"": 0.6119999999999961}"
1336,ADJACENT_TO,266,261,"{""confidence"": 0.646}"
1337,ADJACENT_TO,267,261,"{""confidence"": 0.6080000000000001}"
1338,ADJACENT_TO,262,263,"{""confidence"": 0.6647955939288045}"
1339,ADJACENT_TO,262,264,"{""confidence"": 0.373876900559351}"
1340,ADJACENT_TO,262,265,"{""confidence"": 0.5617329478862578}"
1341,ADJACENT_TO,266,262,"{""confidence"": 0.646}"
1342,ADJACENT_TO,267,262,"{""confidence"": 0.6080000000000001}"
1343,ADJACENT_TO,263,264,"{""confidence"": 0.6776590311208212}"
1344,ADJACENT_TO,263,265,"{""confidence"": 0.6809547512493633}"
1345,ADJACENT_TO,264,265,"{""confidence"": 0.6330155565293598}"
1346,ADJACENT_TO,266,264,"{""confidence"": 0.646}"
1347,ADJACENT_TO,267,264,"{""confidence"": 0.607006217577638}"
1348,ADJACENT_TO,266,265,"{""confidence"": 0.646}"
1349,ADJACENT_TO,267,265,"{""confidence"": 0.6080000000000001}"
1350,CONTAINS,266,267,"{""confidence"": 0.6119999999999961}"
1351,ADJACENT_TO,268,269,"{""confidence"": 0.6898187933060496}"
1352,ADJACENT_TO,271,268,"{""confidence"": 0.646}"
1353,ADJACENT_TO,272,268,"{""confidence"": 0.4883016118710273}"
1354,ADJACENT_TO,271,269,"{""confidence"": 0.646}"
1355,ADJACENT_TO,272,269,"{""confidence"": 0.6080000000000001}"
1356,ADJACENT_TO,271,270,"{""confidence"": 0.3992655248952095}"
1357,CONTAINS,271,272,"{""confidence"": 0.6119999999999775}"
1358,ADJACENT_TO,280,281,"{""confidence"": 0.722}"
1359,ADJACENT_TO,280,282,"{""confidence"": 0.6793176638176638}"
1360,ADJACENT_TO,280,283,"{""confidence"": 0.6803549239161639}"
1361,ADJACENT_TO,284,280,"{""confidence"": 0.646}"
1362,ADJACENT_TO,285,280,"{""confidence"": 0.6080000000000001}"
1363,ADJACENT_TO,281,282,"{""confidence"": 0.722}"
1364,ADJACENT_TO,281,283,"{""confidence"": 0.6909524045038409}"
1365,ADJACENT_TO,284,281,"{""confidence"": 0.646}"
1366,ADJACENT_TO,285,281,"{""confidence"": 0.6080000000000001}"
1367,ADJACENT_TO,284,282,"{""confidence"": 0.646}"
1368,ADJACENT_TO,285,282,"{""confidence"": 0.6080000000000001}"
1369,ADJACENT_TO,284,283,"{""confidence"": 0.646}"
1370,ADJACENT_TO,285,283,"{""confidence"": 0.6080000000000001}"
1371,CONTAINS,284,285,"{""confidence"": 0.6119999999999942}"
1372,ADJACENT_TO,286,287,"{""confidence"": 0.7085218040621264}"
1373,ADJACENT_TO,286,288,"{""confidence"": 0.6838117781760253}"
1374,ADJACENT_TO,289,286,"{""confidence"": 0.646}"
1375,ADJACENT_TO,290,286,"{""confidence"": 0.6080000000000001}"
1376,ADJACENT_TO,289,287,"{""confidence"": 0.646}"
1377,ADJACENT_TO,290,287,"{""confidence"": 0.6080000000000001}"
1378,ADJACENT_TO,289,288,"{""confidence"": 0.40291655880791183}"
1379,CONTAINS,289,290,"{""confidence"": 0.6119999999999978}"
1380,ADJACENT_TO,293,294,"{""confidence"": 0.7166432811016145}"
1381,ADJACENT_TO,295,293,"{""confidence"": 0.646}"
1382,ADJACENT_TO,296,293,"{""confidence"": 0.6080000000000001}"
1383,ADJACENT_TO,295,294,"{""confidence"": 0.646}"
1384,ADJACENT_TO,296,294,"{""confidence"": 0.6080000000000001}"
1385,CONTAINS,295,296,"{""confidence"": 0.6119999999999978}"
1386,ADJACENT_TO,302,299,"{""confidence"": 0.646}"
1387,ADJACENT_TO,303,299,"{""confidence"": 0.6080000000000001}"
1388,ADJACENT_TO,302,300,"{""confidence"": 0.646}"
1389,ADJACENT_TO,303,300,"{""confidence"": 0.6080000000000001}"
1390,ADJACENT_TO,302,301,"{""confidence"": 0.646}"
1391,ADJACENT_TO,303,301,"{""confidence"": 0.6080000000000001}"
1392,CONTAINS,302,303,"{""confidence"": 0.6119999999999962}"
1393,ADJACENT_TO,304,305,"{""confidence"": 0.46842337424201896}"
1394,ADJACENT_TO,304,306,"{""confidence"": 0.4272051634675404}"
1395,ADJACENT_TO,307,304,"{""confidence"": 0.646}"
1396,ADJACENT_TO,308,304,"{""confidence"": 0.6080000000000001}"
1397,ADJACENT_TO,307,305,"{""confidence"": 0.646}"
1398,ADJACENT_TO,308,305,"{""confidence"": 0.6080000000000001}"
1399,ADJACENT_TO,307,306,"{""confidence"": 0.646}"
1400,ADJACENT_TO,308,306,"{""confidence"": 0.6080000000000001}"
1401,CONTAINS,307,308,"{""confidence"": 0.6119999999999962}"
1402,ADJACENT_TO,311,309,"{""confidence"": 0.4459425241157557}"
1403,ADJACENT_TO,311,310,"{""confidence"": 0.40255203840221654}"
1404,CONTAINS,311,312,"{""confidence"": 0.611999999999898}"
1405,ADJACENT_TO,315,313,"{""confidence"": 0.646}"
1406,ADJACENT_TO,316,313,"{""confidence"": 0.44603253968253925}"
1407,ADJACENT_TO,315,314,"{""confidence"": 0.646}"
1408,ADJACENT_TO,316,314,"{""confidence"": 0.560384391534392}"
1409,CONTAINS,315,316,"{""confidence"": 0.6119999999999961}"
1410,ADJACENT_TO,323,324,"{""confidence"": 0.722}"
1411,ADJACENT_TO,325,323,"{""confidence"": 0.646}"
1412,ADJACENT_TO,326,323,"{""confidence"": 0.6080000000000001}"
1413,ADJACENT_TO,325,324,"{""confidence"": 0.646}"
1414,ADJACENT_TO,326,324,"{""confidence"": 0.6080000000000001}"
1415,CONTAINS,325,326,"{""confidence"": 0.611999999999898}"
1416,ADJACENT_TO,330,328,"{""confidence"": 0.646}"
1417,ADJACENT_TO,331,328,"{""confidence"": 0.6080000000000001}"
1418,ADJACENT_TO,330,329,"{""confidence"": 0.646}"
1419,ADJACENT_TO,331,329,"{""confidence"": 0.6080000000000001}"
1420,CONTAINS,330,331,"{""confidence"": 0.6119999999999044}"
1421,ADJACENT_TO,332,333,"{""confidence"": 0.722}"
1422,ADJACENT_TO,332,334,"{""confidence"": 0.3016972516820905}"
1423,ADJACENT_TO,332,335,"{""confidence"": 0.6664967616704782}"
1424,ADJACENT_TO,337,332,"{""confidence"": 0.646}"
1425,ADJACENT_TO,338,332,"{""confidence"": 0.6080000000000001}"
1426,ADJACENT_TO,333,334,"{""confidence"": 0.6659372532195763}"
1427,ADJACENT_TO,333,335,"{""confidence"": 0.6873104760440493}"
1428,ADJACENT_TO,333,336,"{""confidence"": 0.3840044176209132}"
1429,ADJACENT_TO,337,333,"{""confidence"": 0.646}"
1430,ADJACENT_TO,338,333,"{""confidence"": 0.6080000000000001}"
1431,ADJACENT_TO,334,335,"{""confidence"": 0.722}"
1432,ADJACENT_TO,337,334,"{""confidence"": 0.646}"
1433,ADJACENT_TO,338,334,"{""confidence"": 0.6080000000000001}"
1434,ADJACENT_TO,335,336,"{""confidence"": 0.5220292810091894}"
1435,ADJACENT_TO,337,335,"{""confidence"": 0.646}"
1436,ADJACENT_TO,338,335,"{""confidence"": 0.6080000000000001}"
1437,ADJACENT_TO,337,336,"{""confidence"": 0.646}"
1438,ADJACENT_TO,338,336,"{""confidence"": 0.6080000000000001}"
1439,CONTAINS,337,338,"{""confidence"": 0.6119999999999776}"
1440,ADJACENT_TO,340,341,"{""confidence"": 0.722}"
1441,ADJACENT_TO,342,340,"{""confidence"": 0.646}"
1442,ADJACENT_TO,343,340,"{""confidence"": 0.6080000000000001}"
1443,ADJACENT_TO,342,341,"{""confidence"": 0.646}"
1444,ADJACENT_TO,343,341,"{""confidence"": 0.6080000000000001}"
1445,CONTAINS,342,343,"{""confidence"": 0.6119999999999776}"
1446,ADJACENT_TO,347,345,"{""confidence"": 0.646}"
1447,ADJACENT_TO,348,345,"{""confidence"": 0.6080000000000001}"
1448,ADJACENT_TO,347,346,"{""confidence"": 0.646}"
1449,ADJACENT_TO,348,346,"{""confidence"": 0.6080000000000001}"
1450,CONTAINS,347,348,"{""confidence"": 0.6119999999999044}"
1451,ADJACENT_TO,351,349,"{""confidence"": 0.646}"
1452,ADJACENT_TO,352,349,"{""confidence"": 0.6080000000000001}"
1453,ADJACENT_TO,351,350,"{""confidence"": 0.646}"
1454,ADJACENT_TO,352,350,"{""confidence"": 0.6080000000000001}"
1455,CONTAINS,351,352,"{""confidence"": 0.6119999999999044}"
1456,CONTAINS,355,356,"{""confidence"": 0.6119999999999776}"
1457,ADJACENT_TO,360,358,"{""confidence"": 0.646}"
1458,ADJACENT_TO,361,358,"{""confidence"": 0.6080000000000001}"
1459,ADJACENT_TO,360,359,"{""confidence"": 0.646}"
1460,ADJACENT_TO,361,359,"{""confidence"": 0.6080000000000001}"
1461,CONTAINS,360,361,"{""confidence"": 0.611999999999993}"
1462,ADJACENT_TO,362,367,"{""confidence"": 0.47130555555555576}"
1463,ADJACENT_TO,362,368,"{""confidence"": 0.38833313641510403}"
1464,ADJACENT_TO,362,370,"{""confidence"": 0.7107135361444147}"
1465,ADJACENT_TO,362,372,"{""confidence"": 0.722}"
1466,ADJACENT_TO,362,373,"{""confidence"": 0.722}"
1467,ADJACENT_TO,362,376,"{""confidence"": 0.5185676229508197}"
1468,ADJACENT_TO,362,377,"{""confidence"": 0.3850009107468129}"
1469,ADJACENT_TO,362,378,"{""confidence"": 0.47996934229311305}"
1470,ADJACENT_TO,380,362,"{""confidence"": 0.646}"
1471,ADJACENT_TO,381,362,"{""confidence"": 0.6080000000000001}"
1472,ADJACENT_TO,363,364,"{""confidence"": 0.693231785063752}"
1473,ADJACENT_TO,363,369,"{""confidence"": 0.3825572785900656}"
1474,ADJACENT_TO,363,370,"{""confidence"": 0.5093360315906805}"
1475,ADJACENT_TO,363,379,"{""confidence"": 0.5700621142919283}"
1476,ADJACENT_TO,364,365,"{""confidence"": 0.6973415300546444}"
1477,ADJACENT_TO,364,370,"{""confidence"": 0.513445776581573}"
1478,ADJACENT_TO,364,379,"{""confidence"": 0.5741718592828209}"
1479,ADJACENT_TO,380,364,"{""confidence"": 0.5905341663367799}"
1480,ADJACENT_TO,381,364,"{""confidence"": 0.4189968624346163}"
1481,ADJACENT_TO,365,366,"{""confidence"": 0.7178902550091071}"
1482,ADJACENT_TO,365,370,"{""confidence"": 0.49289705162711045}"
1483,ADJACENT_TO,365,379,"{""confidence"": 0.5536231343283583}"
1484,ADJACENT_TO,380,365,"{""confidence"": 0.646}"
1485,ADJACENT_TO,381,365,"{""confidence"": 0.6080000000000001}"
1486,ADJACENT_TO,366,370,"{""confidence"": 0.48878730663621794}"
1487,ADJACENT_TO,366,371,"{""confidence"": 0.7055610200364297}"
1488,ADJACENT_TO,366,379,"{""confidence"": 0.5495133893374659}"
1489,ADJACENT_TO,380,366,"{""confidence"": 0.646}"
1490,ADJACENT_TO,381,366,"{""confidence"": 0.6080000000000001}"
1491,ADJACENT_TO,367,370,"{""confidence"": 0.7041502120544818}"
1492,ADJACENT_TO,367,371,"{""confidence"": 0.42198861566484525}"
1493,ADJACENT_TO,367,376,"{""confidence"": 0.4723607603505141}"
1494,ADJACENT_TO,367,377,"{""confidence"": 0.5460584847142222}"
1495,ADJACENT_TO,367,378,"{""confidence"": 0.713669435829272}"
1496,ADJACENT_TO,367,379,"{""confidence"": 0.6495887468395727}"
1497,ADJACENT_TO,380,367,"{""confidence"": 0.646}"
1498,ADJACENT_TO,381,367,"{""confidence"": 0.6080000000000001}"
1499,ADJACENT_TO,368,369,"{""confidence"": 0.40721574853542086}"
1500,ADJACENT_TO,368,370,"{""confidence"": 0.6211777929140301}"
1501,ADJACENT_TO,368,372,"{""confidence"": 0.3588984763451975}"
1502,ADJACENT_TO,368,377,"{""confidence"": 0.6586877123024664}"
1503,ADJACENT_TO,368,379,"{""confidence"": 0.566616327699121}"
1504,ADJACENT_TO,380,368,"{""confidence"": 0.646}"
1505,ADJACENT_TO,381,368,"{""confidence"": 0.6080000000000001}"
1506,ADJACENT_TO,369,370,"{""confidence"": 0.41957813998240967}"
1507,ADJACENT_TO,369,371,"{""confidence"": 0.3069157559198541}"
1508,ADJACENT_TO,369,379,"{""confidence"": 0.36501667476750055}"
1509,ADJACENT_TO,380,369,"{""confidence"": 0.646}"
1510,ADJACENT_TO,381,369,"{""confidence"": 0.6080000000000001}"
1511,ADJACENT_TO,370,371,"{""confidence"": 0.44768985672729233}"
1512,ADJACENT_TO,370,372,"{""confidence"": 0.4312508767637225}"
1513,ADJACENT_TO,370,373,"{""confidence"": 0.5548455424866294}"
1514,ADJACENT_TO,370,374,"{""confidence"": 0.34171714660499225}"
1515,ADJACENT_TO,370,375,"{""confidence"": 0.7152307505213978}"
1516,ADJACENT_TO,370,376,"{""confidence"": 0.3607981054912792}"
1517,ADJACENT_TO,370,377,"{""confidence"": 0.6178455672457389}"
1518,ADJACENT_TO,370,378,"{""confidence"": 0.7128139987920391}"
1519,ADJACENT_TO,370,379,"{""confidence"": 0.5536231343283585}"
1520,ADJACENT_TO,380,370,"{""confidence"": 0.646}"
1521,ADJACENT_TO,381,370,"{""confidence"": 0.6080000000000001}"
1522,ADJACENT_TO,371,372,"{""confidence"": 0.7096707650273223}"
1523,ADJACENT_TO,371,379,"{""confidence"": 0.5084159394285401}"
1524,ADJACENT_TO,380,371,"{""confidence"": 0.646}"
1525,ADJACENT_TO,381,371,"{""confidence"": 0.6080000000000001}"
1526,ADJACENT_TO,372,373,"{""confidence"": 0.7111652177512828}"
1527,ADJACENT_TO,372,378,"{""confidence"": 0.4023284842219271}"
1528,ADJACENT_TO,372,379,"{""confidence"": 0.49197695946497033}"
1529,ADJACENT_TO,380,372,"{""confidence"": 0.646}"
1530,ADJACENT_TO,381,372,"{""confidence"": 0.6080000000000001}"
1531,ADJACENT_TO,373,376,"{""confidence"": 0.713193403590944}"
1532,ADJACENT_TO,373,379,"{""confidence"": 0.4060459278372176}"
1533,ADJACENT_TO,380,373,"{""confidence"": 0.646}"
1534,ADJACENT_TO,381,373,"{""confidence"": 0.6080000000000001}"
1535,ADJACENT_TO,374,375,"{""confidence"": 0.6882413804319543}"
1536,ADJACENT_TO,374,378,"{""confidence"": 0.45109798703856036}"
1537,ADJACENT_TO,374,379,"{""confidence"": 0.40244322930624005}"
1538,ADJACENT_TO,380,374,"{""confidence"": 0.646}"
1539,ADJACENT_TO,381,374,"{""confidence"": 0.6080000000000001}"
1540,ADJACENT_TO,375,376,"{""confidence"": 0.7073223393182408}"
1541,ADJACENT_TO,375,379,"{""confidence"": 0.3951043989653604}"
1542,ADJACENT_TO,380,375,"{""confidence"": 0.646}"
1543,ADJACENT_TO,381,375,"{""confidence"": 0.6080000000000001}"
1544,ADJACENT_TO,376,379,"{""confidence"": 0.5457147231252018}"
1545,ADJACENT_TO,380,376,"{""confidence"": 0.646}"
1546,ADJACENT_TO,381,376,"{""confidence"": 0.6080000000000001}"
1547,ADJACENT_TO,377,379,"{""confidence"": 0.5632841020308297}"
1548,ADJACENT_TO,380,377,"{""confidence"": 0.646}"
1549,ADJACENT_TO,381,377,"{""confidence"": 0.6080000000000001}"
1550,ADJACENT_TO,378,379,"{""confidence"": 0.7004648699347742}"
1551,ADJACENT_TO,380,378,"{""confidence"": 0.646}"
1552,ADJACENT_TO,381,378,"{""confidence"": 0.6080000000000001}"
1553,ADJACENT_TO,380,379,"{""confidence"": 0.646}"
1554,ADJACENT_TO,381,379,"{""confidence"": 0.6080000000000001}"
1555,CONTAINS,380,381,"{""confidence"": 0.6119999999999961}"
1556,ADJACENT_TO,385,382,"{""confidence"": 0.646}"
1557,ADJACENT_TO,386,382,"{""confidence"": 0.6080000000000001}"
1558,ADJACENT_TO,383,384,"{""confidence"": 0.6125698853615524}"
1559,ADJACENT_TO,385,383,"{""confidence"": 0.646}"
1560,ADJACENT_TO,386,383,"{""confidence"": 0.6080000000000001}"
1561,ADJACENT_TO,385,384,"{""confidence"": 0.646}"
1562,ADJACENT_TO,386,384,"{""confidence"": 0.6080000000000001}"
1563,CONTAINS,385,386,"{""confidence"": 0.6119999999999961}"
1564,ADJACENT_TO,389,387,"{""confidence"": 0.646}"
1565,ADJACENT_TO,390,387,"{""confidence"": 0.6080000000000001}"
1566,ADJACENT_TO,389,388,"{""confidence"": 0.646}"
1567,ADJACENT_TO,390,388,"{""confidence"": 0.6020429745357369}"
1568,CONTAINS,389,390,"{""confidence"": 0.6119999999999962}"
1569,ADJACENT_TO,391,392,"{""confidence"": 0.722}"
1570,ADJACENT_TO,394,391,"{""confidence"": 0.646}"
1571,ADJACENT_TO,395,391,"{""confidence"": 0.6080000000000001}"
1572,ADJACENT_TO,392,393,"{""confidence"": 0.4032599206349206}"
1573,ADJACENT_TO,394,392,"{""confidence"": 0.646}"
1574,ADJACENT_TO,395,392,"{""confidence"": 0.6080000000000001}"
1575,ADJACENT_TO,394,393,"{""confidence"": 0.646}"
1576,ADJACENT_TO,395,393,"{""confidence"": 0.6080000000000001}"
1577,CONTAINS,394,395,"{""confidence"": 0.6119999999999961}"
1578,ADJACENT_TO,400,397,"{""confidence"": 0.646}"
1579,ADJACENT_TO,401,397,"{""confidence"": 0.4456420574026713}"
1580,ADJACENT_TO,398,399,"{""confidence"": 0.40654816709292435}"
1581,ADJACENT_TO,400,398,"{""confidence"": 0.646}"
1582,ADJACENT_TO,401,398,"{""confidence"": 0.6080000000000001}"
1583,ADJACENT_TO,400,399,"{""confidence"": 0.646}"
1584,ADJACENT_TO,401,399,"{""confidence"": 0.6080000000000001}"
1585,CONTAINS,400,401,"{""confidence"": 0.6119999999999961}"
1586,ADJACENT_TO,402,403,"{""confidence"": 0.6324662698412699}"
1587,ADJACENT_TO,402,404,"{""confidence"": 0.6682797619047619}"
1588,ADJACENT_TO,405,402,"{""confidence"": 0.646}"
1589,ADJACENT_TO,406,402,"{""confidence"": 0.6080000000000001}"
1590,ADJACENT_TO,405,403,"{""confidence"": 0.646}"
1591,ADJACENT_TO,406,403,"{""confidence"": 0.6080000000000001}"
1592,ADJACENT_TO,405,404,"{""confidence"": 0.646}"
1593,ADJACENT_TO,406,404,"{""confidence"": 0.6080000000000001}"
1594,CONTAINS,405,406,"{""confidence"": 0.6119999999999961}"
1595,ADJACENT_TO,409,410,"{""confidence"": 0.45793957046778533}"
1596,ADJACENT_TO,409,411,"{""confidence"": 0.45455494162062166}"
1597,ADJACENT_TO,412,409,"{""confidence"": 0.646}"
1598,ADJACENT_TO,413,409,"{""confidence"": 0.6080000000000001}"
1599,ADJACENT_TO,410,411,"{""confidence"": 0.6633330999824988}"
1600,CONTAINS,412,413,"{""confidence"": 0.6119999999999651}"
1601,ADJACENT_TO,414,416,"{""confidence"": 0.4795961054221922}"
1602,ADJACENT_TO,415,416,"{""confidence"": 0.30330236391105947}"
1603,ADJACENT_TO,420,415,"{""confidence"": 0.646}"
1604,ADJACENT_TO,421,415,"{""confidence"": 0.6080000000000001}"
1605,ADJACENT_TO,416,417,"{""confidence"": 0.5567246173333129}"
1606,ADJACENT_TO,416,418,"{""confidence"": 0.7216651512932735}"
1607,ADJACENT_TO,420,416,"{""confidence"": 0.646}"
1608,ADJACENT_TO,421,416,"{""confidence"": 0.6080000000000001}"
1609,ADJACENT_TO,417,418,"{""confidence"": 0.6331330287000965}"
1610,ADJACENT_TO,417,419,"{""confidence"": 0.5842705144444275}"
1611,ADJACENT_TO,420,417,"{""confidence"": 0.646}"
1612,ADJACENT_TO,421,417,"{""confidence"": 0.6080000000000001}"
1613,ADJACENT_TO,420,418,"{""confidence"": 0.646}"
1614,ADJACENT_TO,421,418,"{""confidence"": 0.6080000000000001}"
1615,ADJACENT_TO,420,419,"{""confidence"": 0.33893388082749787}"
1616,CONTAINS,420,421,"{""confidence"": 0.6119999999999779}"
1617,ADJACENT_TO,422,423,"{""confidence"": 0.4132917478265004}"
1618,ADJACENT_TO,424,422,"{""confidence"": 0.646}"
1619,ADJACENT_TO,425,422,"{""confidence"": 0.6080000000000001}"
1620,ADJACENT_TO,424,423,"{""confidence"": 0.646}"
1621,ADJACENT_TO,425,423,"{""confidence"": 0.6080000000000001}"
1622,CONTAINS,424,425,"{""confidence"": 0.611999999999825}"
1623,ADJACENT_TO,426,427,"{""confidence"": 0.7108628370457204}"
1624,ADJACENT_TO,428,426,"{""confidence"": 0.646}"
1625,ADJACENT_TO,429,426,"{""confidence"": 0.6080000000000001}"
1626,ADJACENT_TO,428,427,"{""confidence"": 0.646}"
1627,ADJACENT_TO,429,427,"{""confidence"": 0.6080000000000001}"
1628,CONTAINS,428,429,"{""confidence"": 0.611999999999979}"
1629,ADJACENT_TO,430,431,"{""confidence"": 0.6945115740740736}"
1630,ADJACENT_TO,433,430,"{""confidence"": 0.646}"
1631,ADJACENT_TO,434,430,"{""confidence"": 0.6080000000000001}"
1632,ADJACENT_TO,433,431,"{""confidence"": 0.646}"
1633,ADJACENT_TO,434,431,"{""confidence"": 0.6080000000000001}"
1634,ADJACENT_TO,433,432,"{""confidence"": 0.5578387345679011}"
1635,ADJACENT_TO,434,432,"{""confidence"": 0.38822469135802457}"
1636,CONTAINS,433,434,"{""confidence"": 0.6119999999999949}"
1637,CONTAINS,437,438,"{""confidence"": 0.6119999999999776}"
1638,ADJACENT_TO,440,446,"{""confidence"": 0.700156790076769}"
1639,ADJACENT_TO,441,442,"{""confidence"": 0.6729964830011719}"
1640,ADJACENT_TO,441,443,"{""confidence"": 0.6157299096169119}"
1641,ADJACENT_TO,441,446,"{""confidence"": 0.7068390878493364}"
1642,ADJACENT_TO,447,441,"{""confidence"": 0.646}"
1643,ADJACENT_TO,448,441,"{""confidence"": 0.6080000000000001}"
1644,ADJACENT_TO,442,444,"{""confidence"": 0.5710375524713531}"
1645,ADJACENT_TO,442,445,"{""confidence"": 0.530081533865295}"
1646,ADJACENT_TO,442,446,"{""confidence"": 0.6934744923042018}"
1647,ADJACENT_TO,447,442,"{""confidence"": 0.646}"
1648,ADJACENT_TO,448,442,"{""confidence"": 0.6080000000000001}"
1649,ADJACENT_TO,443,446,"{""confidence"": 0.6919655863555572}"
1650,ADJACENT_TO,447,443,"{""confidence"": 0.646}"
1651,ADJACENT_TO,448,443,"{""confidence"": 0.6080000000000001}"
1652,ADJACENT_TO,444,446,"{""confidence"": 0.4953766970464774}"
1653,ADJACENT_TO,447,444,"{""confidence"": 0.646}"
1654,ADJACENT_TO,448,444,"{""confidence"": 0.6080000000000001}"
1655,ADJACENT_TO,445,446,"{""confidence"": 0.6865047838747494}"
1656,ADJACENT_TO,447,445,"{""confidence"": 0.646}"
1657,ADJACENT_TO,448,445,"{""confidence"": 0.6080000000000001}"
1658,CONTAINS,447,448,"{""confidence"": 0.6119999999999776}"
1659,ADJACENT_TO,449,450,"{""confidence"": 0.4826196560886946}"
1660,ADJACENT_TO,451,449,"{""confidence"": 0.646}"
1661,ADJACENT_TO,452,449,"{""confidence"": 0.6080000000000001}"
1662,ADJACENT_TO,451,450,"{""confidence"": 0.646}"
1663,ADJACENT_TO,452,450,"{""confidence"": 0.6080000000000001}"
1664,CONTAINS,451,452,"{""confidence"": 0.6119999999999874}"
1665,ADJACENT_TO,460,456,"{""confidence"": 0.3329200497879668}"
1666,ADJACENT_TO,457,459,"{""confidence"": 0.5391305342075171}"
1667,ADJACENT_TO,460,457,"{""confidence"": 0.646}"
1668,ADJACENT_TO,461,457,"{""confidence"": 0.6080000000000001}"
1669,ADJACENT_TO,460,458,"{""confidence"": 0.3983680691242241}"
1670,ADJACENT_TO,460,459,"{""confidence"": 0.646}"
1671,ADJACENT_TO,461,459,"{""confidence"": 0.6080000000000001}"
1672,CONTAINS,460,461,"{""confidence"": 0.6119999999999776}"
1673,ADJACENT_TO,462,463,"{""confidence"": 0.6885885111371627}"
1674,ADJACENT_TO,462,464,"{""confidence"": 0.5883540445486519}"
1675,ADJACENT_TO,465,462,"{""confidence"": 0.646}"
1676,ADJACENT_TO,466,462,"{""confidence"": 0.5210160218835483}"
1677,ADJACENT_TO,465,463,"{""confidence"": 0.646}"
1678,ADJACENT_TO,466,463,"{""confidence"": 0.6080000000000001}"
1679,ADJACENT_TO,465,464,"{""confidence"": 0.646}"
1680,ADJACENT_TO,466,464,"{""confidence"": 0.5710355607659232}"
1681,CONTAINS,465,466,"{""confidence"": 0.611999999999979}"
1682,ADJACENT_TO,469,467,"{""confidence"": 0.646}"
1683,ADJACENT_TO,470,467,"{""confidence"": 0.6080000000000001}"
1684,ADJACENT_TO,469,468,"{""confidence"": 0.646}"
1685,ADJACENT_TO,470,468,"{""confidence"": 0.6080000000000001}"
1686,CONTAINS,469,470,"{""confidence"": 0.6119999999999776}"
1687,ADJACENT_TO,471,473,"{""confidence"": 0.5685136054421771}"
1688,ADJACENT_TO,475,471,"{""confidence"": 0.5864560303287984}"
1689,ADJACENT_TO,476,471,"{""confidence"": 0.36955861678004553}"
1690,ADJACENT_TO,472,474,"{""confidence"": 0.7006824452003023}"
1691,ADJACENT_TO,475,472,"{""confidence"": 0.646}"
1692,ADJACENT_TO,476,472,"{""confidence"": 0.6080000000000001}"
1693,ADJACENT_TO,473,474,"{""confidence"": 0.41502721088435396}"
1694,CONTAINS,475,476,"{""confidence"": 0.6119999999999961}"
1695,ADJACENT_TO,483,484,"{""confidence"": 0.48107287157287154}"
1696,ADJACENT_TO,483,490,"{""confidence"": 0.5136305916305913}"
1697,ADJACENT_TO,491,483,"{""confidence"": 0.646}"
1698,ADJACENT_TO,492,483,"{""confidence"": 0.6080000000000001}"
1699,ADJACENT_TO,484,485,"{""confidence"": 0.4875844155844154}"
1700,ADJACENT_TO,491,484,"{""confidence"": 0.646}"
1701,ADJACENT_TO,492,484,"{""confidence"": 0.6080000000000001}"
1702,ADJACENT_TO,485,486,"{""confidence"": 0.6275826118326122}"
1703,ADJACENT_TO,491,485,"{""confidence"": 0.646}"
1704,ADJACENT_TO,492,485,"{""confidence"": 0.6080000000000001}"
1705,ADJACENT_TO,486,487,"{""confidence"": 0.4940959595959592}"
1706,ADJACENT_TO,491,486,"{""confidence"": 0.5386246392496393}"
1707,ADJACENT_TO,492,486,"{""confidence"": 0.32454083694083696}"
1708,ADJACENT_TO,491,488,"{""confidence"": 0.646}"
1709,ADJACENT_TO,492,488,"{""confidence"": 0.6080000000000001}"
1710,ADJACENT_TO,489,490,"{""confidence"": 0.6601403318903315}"
1711,ADJACENT_TO,491,490,"{""confidence"": 0.5881466450216448}"
1712,ADJACENT_TO,492,490,"{""confidence"": 0.3711497835497833}"
1713,CONTAINS,491,492,"{""confidence"": 0.6119999999999961}"
1714,ADJACENT_TO,496,493,"{""confidence"": 0.646}"
1715,ADJACENT_TO,497,493,"{""confidence"": 0.6080000000000001}"
1716,ADJACENT_TO,494,495,"{""confidence"": 0.6901470588235292}"
1717,ADJACENT_TO,496,494,"{""confidence"": 0.646}"
1718,ADJACENT_TO,497,494,"{""confidence"": 0.6080000000000001}"
1719,ADJACENT_TO,496,495,"{""confidence"": 0.646}"
1720,ADJACENT_TO,497,495,"{""confidence"": 0.6080000000000001}"
1721,CONTAINS,496,497,"{""confidence"": 0.611999999999996}"
1722,ADJACENT_TO,500,498,"{""confidence"": 0.646}"
1723,ADJACENT_TO,501,498,"{""confidence"": 0.6080000000000001}"
1724,ADJACENT_TO,500,499,"{""confidence"": 0.646}"
1725,ADJACENT_TO,501,499,"{""confidence"": 0.6080000000000001}"
1726,CONTAINS,500,501,"{""confidence"": 0.6119999999999963}"
1727,ADJACENT_TO,504,505,"{""confidence"": 0.667333954782197}"
1728,ADJACENT_TO,504,506,"{""confidence"": 0.6602119535195708}"
1729,ADJACENT_TO,508,504,"{""confidence"": 0.646}"
1730,ADJACENT_TO,509,504,"{""confidence"": 0.6080000000000001}"
1731,ADJACENT_TO,505,506,"{""confidence"": 0.6276334832702019}"
1732,ADJACENT_TO,505,507,"{""confidence"": 0.6148138809974747}"
1733,ADJACENT_TO,508,505,"{""confidence"": 0.646}"
1734,ADJACENT_TO,509,505,"{""confidence"": 0.6080000000000001}"
1735,ADJACENT_TO,506,507,"{""confidence"": 0.6076918797348486}"
1736,ADJACENT_TO,508,506,"{""confidence"": 0.646}"
1737,ADJACENT_TO,509,506,"{""confidence"": 0.6080000000000001}"
1738,ADJACENT_TO,508,507,"{""confidence"": 0.646}"
1739,ADJACENT_TO,509,507,"{""confidence"": 0.6080000000000001}"
1740,CONTAINS,508,509,"{""confidence"": 0.6119999999999952}"
1741,ADJACENT_TO,510,511,"{""confidence"": 0.58509499626587}"
1742,ADJACENT_TO,510,512,"{""confidence"": 0.4375136669156088}"
1743,ADJACENT_TO,510,513,"{""confidence"": 0.5899748319641521}"
1744,ADJACENT_TO,514,510,"{""confidence"": 0.646}"
1745,ADJACENT_TO,515,510,"{""confidence"": 0.6080000000000001}"
1746,ADJACENT_TO,514,511,"{""confidence"": 0.32158089463530026}"
1747,ADJACENT_TO,512,513,"{""confidence"": 0.6799417475728156}"
1748,ADJACENT_TO,514,512,"{""confidence"": 0.646}"
1749,ADJACENT_TO,515,512,"{""confidence"": 0.6080000000000001}"
1750,ADJACENT_TO,514,513,"{""confidence"": 0.646}"
1751,ADJACENT_TO,515,513,"{""confidence"": 0.6080000000000001}"
1752,CONTAINS,514,515,"{""confidence"": 0.611999999999995}"
1753,ADJACENT_TO,519,521,"{""confidence"": 0.6860912404894375}"
1754,ADJACENT_TO,522,519,"{""confidence"": 0.646}"
1755,ADJACENT_TO,523,519,"{""confidence"": 0.6080000000000001}"
1756,ADJACENT_TO,522,520,"{""confidence"": 0.646}"
1757,ADJACENT_TO,523,520,"{""confidence"": 0.6080000000000001}"
1758,ADJACENT_TO,522,521,"{""confidence"": 0.646}"
1759,ADJACENT_TO,523,521,"{""confidence"": 0.6080000000000001}"
1760,CONTAINS,522,523,"{""confidence"": 0.611999999999979}"
1761,ADJACENT_TO,524,526,"{""confidence"": 0.44607180104821753}"
1762,ADJACENT_TO,527,524,"{""confidence"": 0.646}"
1763,ADJACENT_TO,528,524,"{""confidence"": 0.6080000000000001}"
1764,ADJACENT_TO,525,526,"{""confidence"": 0.6731296312958706}"
1765,ADJACENT_TO,527,525,"{""confidence"": 0.646}"
1766,ADJACENT_TO,528,525,"{""confidence"": 0.6080000000000001}"
1767,ADJACENT_TO,527,526,"{""confidence"": 0.646}"
1768,ADJACENT_TO,528,526,"{""confidence"": 0.6080000000000001}"
1769,CONTAINS,527,528,"{""confidence"": 0.6119999999999846}"
1770,ADJACENT_TO,530,531,"{""confidence"": 0.6872802438446969}"
1771,ADJACENT_TO,530,532,"{""confidence"": 0.7139877485795455}"
1772,ADJACENT_TO,530,533,"{""confidence"": 0.46773510094026577}"
1773,ADJACENT_TO,530,534,"{""confidence"": 0.6248435654527559}"
1774,ADJACENT_TO,530,535,"{""confidence"": 0.5753687085176994}"
1775,ADJACENT_TO,530,536,"{""confidence"": 0.5445082609062017}"
1776,ADJACENT_TO,530,537,"{""confidence"": 0.3265341222426472}"
1777,ADJACENT_TO,538,530,"{""confidence"": 0.646}"
1778,ADJACENT_TO,539,530,"{""confidence"": 0.6080000000000001}"
1779,ADJACENT_TO,531,532,"{""confidence"": 0.5564134706439393}"
1780,ADJACENT_TO,531,533,"{""confidence"": 0.3101608230046596}"
1781,ADJACENT_TO,531,534,"{""confidence"": 0.4672692875171497}"
1782,ADJACENT_TO,531,535,"{""confidence"": 0.4177944305820932}"
1783,ADJACENT_TO,531,536,"{""confidence"": 0.694387156121597}"
1784,ADJACENT_TO,532,536,"{""confidence"": 0.3976169848645348}"
1785,ADJACENT_TO,532,537,"{""confidence"": 0.6203166743259803}"
1786,ADJACENT_TO,538,532,"{""confidence"": 0.646}"
1787,ADJACENT_TO,539,532,"{""confidence"": 0.6080000000000001}"
1788,ADJACENT_TO,533,536,"{""confidence"": 0.6186098692135711}"
1789,ADJACENT_TO,534,535,"{""confidence"": 0.48075480013370214}"
1790,ADJACENT_TO,534,537,"{""confidence"": 0.586080597390285}"
1791,ADJACENT_TO,538,534,"{""confidence"": 0.646}"
1792,ADJACENT_TO,539,534,"{""confidence"": 0.6080000000000001}"
1793,ADJACENT_TO,535,537,"{""confidence"": 0.7009118877293726}"
1794,ADJACENT_TO,538,535,"{""confidence"": 0.646}"
1795,ADJACENT_TO,539,535,"{""confidence"": 0.6080000000000001}"
1796,ADJACENT_TO,536,537,"{""confidence"": 0.47740889051595253}"
1797,ADJACENT_TO,538,536,"{""confidence"": 0.646}"
1798,ADJACENT_TO,539,536,"{""confidence"": 0.6080000000000001}"
1799,ADJACENT_TO,538,537,"{""confidence"": 0.646}"
1800,ADJACENT_TO,539,537,"{""confidence"": 0.6080000000000001}"
1801,CONTAINS,538,539,"{""confidence"": 0.6119999999999952}"
1802,ADJACENT_TO,540,541,"{""confidence"": 0.37193559405439003}"
1803,ADJACENT_TO,543,540,"{""confidence"": 0.646}"
1804,ADJACENT_TO,544,540,"{""confidence"": 0.6080000000000001}"
1805,ADJACENT_TO,543,541,"{""confidence"": 0.6449668562661917}"
1806,ADJACENT_TO,544,541,"{""confidence"": 0.4246276294270039}"
1807,ADJACENT_TO,543,542,"{""confidence"": 0.5000462420216224}"
1808,CONTAINS,543,544,"{""confidence"": 0.6119999999999776}"
1809,ADJACENT_TO,545,546,"{""confidence"": 0.7202938218390805}"
1810,ADJACENT_TO,548,545,"{""confidence"": 0.646}"
1811,ADJACENT_TO,549,545,"{""confidence"": 0.6080000000000001}"
1812,ADJACENT_TO,548,546,"{""confidence"": 0.646}"
1813,ADJACENT_TO,549,546,"{""confidence"": 0.6080000000000001}"
1814,ADJACENT_TO,548,547,"{""confidence"": 0.646}"
1815,ADJACENT_TO,549,547,"{""confidence"": 0.6080000000000001}"
1816,CONTAINS,548,549,"{""confidence"": 0.6119999999999913}"
1817,ADJACENT_TO,550,551,"{""confidence"": 0.5702900683421527}"
1818,ADJACENT_TO,553,550,"{""confidence"": 0.646}"
1819,ADJACENT_TO,554,550,"{""confidence"": 0.6080000000000001}"
1820,ADJACENT_TO,551,552,"{""confidence"": 0.6772331349206349}"
1821,ADJACENT_TO,553,551,"{""confidence"": 0.646}"
1822,ADJACENT_TO,554,551,"{""confidence"": 0.6080000000000001}"
1823,ADJACENT_TO,553,552,"{""confidence"": 0.646}"
1824,ADJACENT_TO,554,552,"{""confidence"": 0.6080000000000001}"
1825,CONTAINS,553,554,"{""confidence"": 0.6119999999999962}"
1826,ADJACENT_TO,557,555,"{""confidence"": 0.646}"
1827,ADJACENT_TO,558,555,"{""confidence"": 0.6080000000000001}"
1828,ADJACENT_TO,557,556,"{""confidence"": 0.646}"
1829,ADJACENT_TO,558,556,"{""confidence"": 0.6080000000000001}"
1830,CONTAINS,557,558,"{""confidence"": 0.6119999999999952}"
1831,ADJACENT_TO,559,560,"{""confidence"": 0.7076746031746031}"
1832,ADJACENT_TO,559,561,"{""confidence"": 0.5393511904761904}"
1833,ADJACENT_TO,562,559,"{""confidence"": 0.646}"
1834,ADJACENT_TO,563,559,"{""confidence"": 0.6080000000000001}"
1835,ADJACENT_TO,560,561,"{""confidence"": 0.5680019841269841}"
1836,ADJACENT_TO,562,560,"{""confidence"": 0.646}"
1837,ADJACENT_TO,563,560,"{""confidence"": 0.6080000000000001}"
1838,ADJACENT_TO,562,561,"{""confidence"": 0.646}"
1839,ADJACENT_TO,563,561,"{""confidence"": 0.6080000000000001}"
1840,CONTAINS,562,563,"{""confidence"": 0.6119999999999961}"
1841,ADJACENT_TO,564,565,"{""confidence"": 0.48049208283322625}"
1842,ADJACENT_TO,564,566,"{""confidence"": 0.7164475206103113}"
1843,ADJACENT_TO,564,567,"{""confidence"": 0.7164546028544307}"
1844,ADJACENT_TO,569,564,"{""confidence"": 0.646}"
1845,ADJACENT_TO,570,564,"{""confidence"": 0.6080000000000001}"
1846,ADJACENT_TO,565,566,"{""confidence"": 0.3226188020783826}"
1847,ADJACENT_TO,565,567,"{""confidence"": 0.5645801609851242}"
1848,ADJACENT_TO,565,568,"{""confidence"": 0.6221043367809839}"
1849,ADJACENT_TO,569,565,"{""confidence"": 0.646}"
1850,ADJACENT_TO,570,565,"{""confidence"": 0.6080000000000001}"
1851,ADJACENT_TO,566,567,"{""confidence"": 0.5006019665802831}"
1852,ADJACENT_TO,566,568,"{""confidence"": 0.5581261423761428}"
1853,ADJACENT_TO,569,566,"{""confidence"": 0.646}"
1854,ADJACENT_TO,570,566,"{""confidence"": 0.6080000000000001}"
1855,ADJACENT_TO,569,567,"{""confidence"": 0.646}"
1856,ADJACENT_TO,570,567,"{""confidence"": 0.6080000000000001}"
1857,ADJACENT_TO,569,568,"{""confidence"": 0.646}"
1858,ADJACENT_TO,570,568,"{""confidence"": 0.6080000000000001}"
1859,CONTAINS,569,570,"{""confidence"": 0.6119999999999962}"
1860,ADJACENT_TO,571,573,"{""confidence"": 0.33176480789344137}"
1861,ADJACENT_TO,575,571,"{""confidence"": 0.646}"
1862,ADJACENT_TO,576,571,"{""confidence"": 0.6080000000000001}"
1863,ADJACENT_TO,572,574,"{""confidence"": 0.38127441578483234}"
1864,ADJACENT_TO,575,572,"{""confidence"": 0.646}"
1865,ADJACENT_TO,576,572,"{""confidence"": 0.6080000000000001}"
1866,ADJACENT_TO,575,573,"{""confidence"": 0.3807023247162232}"
1867,ADJACENT_TO,575,574,"{""confidence"": 0.564169303036945}"
1868,ADJACENT_TO,576,574,"{""confidence"": 0.3485828734465366}"
1869,CONTAINS,575,576,"{""confidence"": 0.6119999999999961}"
1870,ADJACENT_TO,581,582,"{""confidence"": 0.702526942849638}"
1871,ADJACENT_TO,584,581,"{""confidence"": 0.646}"
1872,ADJACENT_TO,585,581,"{""confidence"": 0.6080000000000001}"
1873,ADJACENT_TO,584,582,"{""confidence"": 0.646}"
1874,ADJACENT_TO,585,582,"{""confidence"": 0.5587077042888741}"
1875,ADJACENT_TO,584,583,"{""confidence"": 0.5832039739914652}"
1876,ADJACENT_TO,585,583,"{""confidence"": 0.41209785787432013}"
1877,CONTAINS,584,585,"{""confidence"": 0.611999999999985}"
1878,ADJACENT_TO,586,588,"{""confidence"": 0.5184127906976743}"
1879,ADJACENT_TO,586,589,"{""confidence"": 0.4848313953488373}"
1880,ADJACENT_TO,586,590,"{""confidence"": 0.507918604651163}"
1881,ADJACENT_TO,586,591,"{""confidence"": 0.5058197674418607}"
1882,ADJACENT_TO,586,592,"{""confidence"": 0.5415}"
1883,ADJACENT_TO,594,586,"{""confidence"": 0.35222492732558114}"
1884,ADJACENT_TO,587,588,"{""confidence"": 0.5184127906976743}"
1885,ADJACENT_TO,587,589,"{""confidence"": 0.4848313953488373}"
1886,ADJACENT_TO,587,590,"{""confidence"": 0.6674302325581396}"
1887,ADJACENT_TO,587,591,"{""confidence"": 0.5058197674418607}"
1888,ADJACENT_TO,587,592,"{""confidence"": 0.5415}"
1889,ADJACENT_TO,594,587,"{""confidence"": 0.646}"
1890,ADJACENT_TO,595,587,"{""confidence"": 0.6080000000000001}"
1891,ADJACENT_TO,588,590,"{""confidence"": 0.6716279069767441}"
1892,ADJACENT_TO,588,593,"{""confidence"": 0.5729825581395347}"
1893,ADJACENT_TO,594,588,"{""confidence"": 0.646}"
1894,ADJACENT_TO,595,588,"{""confidence"": 0.6080000000000001}"
1895,ADJACENT_TO,589,590,"{""confidence"": 0.43026162790697653}"
1896,ADJACENT_TO,589,593,"{""confidence"": 0.5394011627906977}"
1897,ADJACENT_TO,594,589,"{""confidence"": 0.646}"
1898,ADJACENT_TO,595,589,"{""confidence"": 0.6080000000000001}"
1899,ADJACENT_TO,590,593,"{""confidence"": 0.5624883720930234}"
1900,ADJACENT_TO,594,590,"{""confidence"": 0.646}"
1901,ADJACENT_TO,595,590,"{""confidence"": 0.6080000000000001}"
1902,ADJACENT_TO,591,593,"{""confidence"": 0.5603895348837211}"
1903,ADJACENT_TO,594,591,"{""confidence"": 0.646}"
1904,ADJACENT_TO,595,591,"{""confidence"": 0.6080000000000001}"
1905,ADJACENT_TO,592,593,"{""confidence"": 0.5960697674418605}"
1906,ADJACENT_TO,594,592,"{""confidence"": 0.4029284156976742}"
1907,ADJACENT_TO,594,593,"{""confidence"": 0.4965890261627907}"
1908,ADJACENT_TO,595,593,"{""confidence"": 0.3305779069767443}"
1909,CONTAINS,594,595,"{""confidence"": 0.6119999999999962}"
1910,ADJACENT_TO,596,597,"{""confidence"": 0.6868900137527275}"
1911,ADJACENT_TO,599,596,"{""confidence"": 0.646}"
1912,ADJACENT_TO,600,596,"{""confidence"": 0.6080000000000001}"
1913,ADJACENT_TO,597,598,"{""confidence"": 0.3699902727722683}"
1914,ADJACENT_TO,599,597,"{""confidence"": 0.646}"
1915,ADJACENT_TO,600,597,"{""confidence"": 0.6080000000000001}"
1916,ADJACENT_TO,599,598,"{""confidence"": 0.646}"
1917,ADJACENT_TO,600,598,"{""confidence"": 0.6080000000000001}"
1918,CONTAINS,599,600,"{""confidence"": 0.611999999999979}"
1919,ADJACENT_TO,601,602,"{""confidence"": 0.6430711419236381}"
1920,ADJACENT_TO,603,601,"{""confidence"": 0.646}"
1921,ADJACENT_TO,604,601,"{""confidence"": 0.6080000000000001}"
1922,ADJACENT_TO,603,602,"{""confidence"": 0.646}"
1923,ADJACENT_TO,604,602,"{""confidence"": 0.6080000000000001}"
1924,CONTAINS,603,604,"{""confidence"": 0.6119999999999775}"
1925,ADJACENT_TO,605,606,"{""confidence"": 0.514877906976744}"
1926,ADJACENT_TO,608,605,"{""confidence"": 0.646}"
1927,ADJACENT_TO,609,605,"{""confidence"": 0.6080000000000001}"
1928,ADJACENT_TO,608,606,"{""confidence"": 0.646}"
1929,ADJACENT_TO,609,606,"{""confidence"": 0.6080000000000001}"
1930,ADJACENT_TO,608,607,"{""confidence"": 0.646}"
1931,ADJACENT_TO,609,607,"{""confidence"": 0.6080000000000001}"
1932,CONTAINS,608,609,"{""confidence"": 0.6119999999999954}"
1933,ADJACENT_TO,610,611,"{""confidence"": 0.3587352320675107}"
1934,ADJACENT_TO,614,611,"{""confidence"": 0.646}"
1935,ADJACENT_TO,615,611,"{""confidence"": 0.6080000000000001}"
1936,ADJACENT_TO,612,613,"{""confidence"": 0.6468417721518988}"
1937,ADJACENT_TO,614,612,"{""confidence"": 0.5450535337552741}"
1938,ADJACENT_TO,615,612,"{""confidence"": 0.37619156118143443}"
1939,CONTAINS,614,615,"{""confidence"": 0.6119999999999954}"
1940,ADJACENT_TO,616,618,"{""confidence"": 0.5863449777983352}"
1941,ADJACENT_TO,616,620,"{""confidence"": 0.3104029511244383}"
1942,ADJACENT_TO,622,616,"{""confidence"": 0.646}"
1943,ADJACENT_TO,623,616,"{""confidence"": 0.6080000000000001}"
1944,ADJACENT_TO,617,618,"{""confidence"": 0.3563676978411531}"
1945,ADJACENT_TO,617,619,"{""confidence"": 0.5838082637509875}"
1946,ADJACENT_TO,617,621,"{""confidence"": 0.5291073681524193}"
1947,ADJACENT_TO,622,617,"{""confidence"": 0.45116582588921156}"
1948,ADJACENT_TO,618,619,"{""confidence"": 0.508954406616105}"
1949,ADJACENT_TO,618,620,"{""confidence"": 0.3333357417996508}"
1950,ADJACENT_TO,622,618,"{""confidence"": 0.38419132213694834}"
1951,ADJACENT_TO,619,621,"{""confidence"": 0.45137451651234933}"
1952,ADJACENT_TO,622,619,"{""confidence"": 0.646}"
1953,ADJACENT_TO,623,619,"{""confidence"": 0.6080000000000001}"
1954,ADJACENT_TO,620,621,"{""confidence"": 0.506075412110917}"
1955,ADJACENT_TO,622,620,"{""confidence"": 0.646}"
1956,ADJACENT_TO,623,620,"{""confidence"": 0.6080000000000001}"
1957,CONTAINS,622,623,"{""confidence"": 0.6119999999999776}"
1958,ADJACENT_TO,628,625,"{""confidence"": 0.646}"
1959,ADJACENT_TO,629,625,"{""confidence"": 0.6080000000000001}"
1960,ADJACENT_TO,628,626,"{""confidence"": 0.646}"
1961,ADJACENT_TO,629,626,"{""confidence"": 0.6080000000000001}"
1962,CONTAINS,628,629,"{""confidence"": 0.6119999999999776}"
1963,ADJACENT_TO,630,631,"{""confidence"": 0.3851576428930305}"
1964,ADJACENT_TO,634,630,"{""confidence"": 0.5675574004513879}"
1965,ADJACENT_TO,635,630,"{""confidence"": 0.35177167101307094}"
1966,ADJACENT_TO,631,632,"{""confidence"": 0.3909156319034059}"
1967,ADJACENT_TO,631,633,"{""confidence"": 0.4139475879449081}"
1968,ADJACENT_TO,634,631,"{""confidence"": 0.3692098316466091}"
1969,ADJACENT_TO,634,632,"{""confidence"": 0.646}"
1970,ADJACENT_TO,635,632,"{""confidence"": 0.6080000000000001}"
1971,CONTAINS,634,635,"{""confidence"": 0.6119999999999776}"
1972,ADJACENT_TO,638,636,"{""confidence"": 0.646}"
1973,ADJACENT_TO,639,636,"{""confidence"": 0.6080000000000001}"
1974,ADJACENT_TO,638,637,"{""confidence"": 0.646}"
1975,ADJACENT_TO,639,637,"{""confidence"": 0.46238567042291695}"
1976,CONTAINS,638,639,"{""confidence"": 0.6119999999999776}"
1977,ADJACENT_TO,640,641,"{""confidence"": 0.3825179398148148}"
1978,ADJACENT_TO,640,642,"{""confidence"": 0.5098616687863373}"
1979,ADJACENT_TO,640,643,"{""confidence"": 0.6574361600654072}"
1980,ADJACENT_TO,644,640,"{""confidence"": 0.646}"
1981,ADJACENT_TO,645,640,"{""confidence"": 0.6080000000000001}"
1982,ADJACENT_TO,641,642,"{""confidence"": 0.6485923183812448}"
1983,ADJACENT_TO,641,643,"{""confidence"": 0.6354594032622739}"
1984,ADJACENT_TO,644,641,"{""confidence"": 0.646}"
1985,ADJACENT_TO,645,641,"{""confidence"": 0.6080000000000001}"
1986,ADJACENT_TO,642,643,"{""confidence"": 0.4774089450096894}"
1987,ADJACENT_TO,644,642,"{""confidence"": 0.646}"
1988,ADJACENT_TO,645,642,"{""confidence"": 0.6080000000000001}"
1989,ADJACENT_TO,644,643,"{""confidence"": 0.646}"
1990,ADJACENT_TO,645,643,"{""confidence"": 0.6080000000000001}"
1991,CONTAINS,644,645,"{""confidence"": 0.6119999999999952}"
1992,ADJACENT_TO,646,647,"{""confidence"": 0.6631183036852035}"
1993,ADJACENT_TO,648,646,"{""confidence"": 0.35800168204291727}"
1994,ADJACENT_TO,648,647,"{""confidence"": 0.32013532799836997}"
1995,CONTAINS,648,649,"{""confidence"": 0.6119999999999776}"
1996,ADJACENT_TO,650,651,"{""confidence"": 0.5970245875197684}"
1997,ADJACENT_TO,652,650,"{""confidence"": 0.646}"
1998,ADJACENT_TO,653,650,"{""confidence"": 0.6080000000000001}"
1999,ADJACENT_TO,652,651,"{""confidence"": 0.646}"
2000,ADJACENT_TO,653,651,"{""confidence"": 0.6080000000000001}"
2001,CONTAINS,652,653,"{""confidence"": 0.6119999999999776}"
2002,ADJACENT_TO,654,655,"{""confidence"": 0.6212351923184277}"
2003,ADJACENT_TO,657,654,"{""confidence"": 0.646}"
2004,ADJACENT_TO,658,654,"{""confidence"": 0.6080000000000001}"
2005,ADJACENT_TO,655,656,"{""confidence"": 0.4542535110175369}"
2006,ADJACENT_TO,657,655,"{""confidence"": 0.646}"
2007,ADJACENT_TO,658,655,"{""confidence"": 0.6080000000000001}"
2008,ADJACENT_TO,657,656,"{""confidence"": 0.646}"
2009,ADJACENT_TO,658,656,"{""confidence"": 0.45713276816783743}"
2010,CONTAINS,657,658,"{""confidence"": 0.6119999999999776}"
2011,ADJACENT_TO,660,661,"{""confidence"": 0.39018574597251354}"
2012,ADJACENT_TO,662,660,"{""confidence"": 0.646}"
2013,ADJACENT_TO,663,660,"{""confidence"": 0.6080000000000001}"
2014,ADJACENT_TO,662,661,"{""confidence"": 0.646}"
2015,ADJACENT_TO,663,661,"{""confidence"": 0.6080000000000001}"
2016,CONTAINS,662,663,"{""confidence"": 0.6119999999999776}"
2017,ADJACENT_TO,664,666,"{""confidence"": 0.45670280485030884}"
2018,ADJACENT_TO,664,667,"{""confidence"": 0.5356603034067645}"
2019,ADJACENT_TO,665,666,"{""confidence"": 0.5198688036954732}"
2020,ADJACENT_TO,665,667,"{""confidence"": 0.6525174012703191}"
2021,ADJACENT_TO,666,667,"{""confidence"": 0.7188417000577416}"
2022,ADJACENT_TO,668,666,"{""confidence"": 0.646}"
2023,ADJACENT_TO,669,666,"{""confidence"": 0.6080000000000001}"
2024,ADJACENT_TO,668,667,"{""confidence"": 0.646}"
2025,ADJACENT_TO,669,667,"{""confidence"": 0.6080000000000001}"
2026,CONTAINS,668,669,"{""confidence"": 0.611999999999977}"
2027,ADJACENT_TO,670,671,"{""confidence"": 0.35148158914728667}"
2028,ADJACENT_TO,670,673,"{""confidence"": 0.6644660852713178}"
2029,ADJACENT_TO,670,674,"{""confidence"": 0.49876841085271295}"
2030,ADJACENT_TO,670,675,"{""confidence"": 0.4090155038759686}"
2031,ADJACENT_TO,670,676,"{""confidence"": 0.3215639534883718}"
2032,ADJACENT_TO,671,672,"{""confidence"": 0.7127945736434111}"
2033,ADJACENT_TO,671,674,"{""confidence"": 0.6184389534883722}"
2034,ADJACENT_TO,671,675,"{""confidence"": 0.5286860465116278}"
2035,ADJACENT_TO,671,676,"{""confidence"": 0.44123449612403093}"
2036,ADJACENT_TO,677,671,"{""confidence"": 0.646}"
2037,ADJACENT_TO,678,671,"{""confidence"": 0.6080000000000001}"
2038,ADJACENT_TO,672,673,"{""confidence"": 0.7173972868217051}"
2039,ADJACENT_TO,672,674,"{""confidence"": 0.6253430232558138}"
2040,ADJACENT_TO,672,675,"{""confidence"": 0.5355901162790693}"
2041,ADJACENT_TO,672,676,"{""confidence"": 0.4481385658914726}"
2042,ADJACENT_TO,677,672,"{""confidence"": 0.646}"
2043,ADJACENT_TO,678,672,"{""confidence"": 0.6080000000000001}"
2044,ADJACENT_TO,673,674,"{""confidence"": 0.7104932170542635}"
2045,ADJACENT_TO,673,676,"{""confidence"": 0.6713701550387595}"
2046,ADJACENT_TO,677,673,"{""confidence"": 0.646}"
2047,ADJACENT_TO,678,673,"{""confidence"": 0.6080000000000001}"
2048,ADJACENT_TO,674,675,"{""confidence"": 0.7104932170542626}"
2049,ADJACENT_TO,674,676,"{""confidence"": 0.7196986434108523}"
2050,ADJACENT_TO,677,674,"{""confidence"": 0.646}"
2051,ADJACENT_TO,678,674,"{""confidence"": 0.6080000000000001}"
2052,ADJACENT_TO,675,676,"{""confidence"": 0.7104932170542635}"
2053,ADJACENT_TO,677,675,"{""confidence"": 0.646}"
2054,ADJACENT_TO,678,675,"{""confidence"": 0.6080000000000001}"
2055,ADJACENT_TO,677,676,"{""confidence"": 0.516802117940198}"
2056,ADJACENT_TO,678,676,"{""confidence"": 0.34960199335548064}"
2057,CONTAINS,677,678,"{""confidence"": 0.6119999999999954}"
2058,ADJACENT_TO,683,681,"{""confidence"": 0.5006464178048482}"
2059,ADJACENT_TO,683,682,"{""confidence"": 0.487801502707026}"
2060,CONTAINS,683,684,"{""confidence"": 0.6119999999999961}"
2061,ADJACENT_TO,685,686,"{""confidence"": 0.499621722846442}"
2062,ADJACENT_TO,687,685,"{""confidence"": 0.646}"
2063,ADJACENT_TO,688,685,"{""confidence"": 0.6080000000000001}"
2064,ADJACENT_TO,687,686,"{""confidence"": 0.646}"
2065,ADJACENT_TO,688,686,"{""confidence"": 0.6080000000000001}"
2066,CONTAINS,687,688,"{""confidence"": 0.6119999999999954}"
2067,ADJACENT_TO,689,691,"{""confidence"": 0.41193055555555586}"
2068,ADJACENT_TO,689,692,"{""confidence"": 0.7022083333333334}"
2069,ADJACENT_TO,693,689,"{""confidence"": 0.646}"
2070,ADJACENT_TO,694,689,"{""confidence"": 0.6080000000000001}"
2071,ADJACENT_TO,690,691,"{""confidence"": 0.5966527777777775}"
2072,ADJACENT_TO,693,690,"{""confidence"": 0.48129774305555495}"
2073,ADJACENT_TO,693,691,"{""confidence"": 0.646}"
2074,ADJACENT_TO,694,691,"{""confidence"": 0.6080000000000001}"
2075,ADJACENT_TO,693,692,"{""confidence"": 0.646}"
2076,ADJACENT_TO,694,692,"{""confidence"": 0.5007916666666663}"
2077,CONTAINS,693,694,"{""confidence"": 0.6119999999999913}"
2078,ADJACENT_TO,697,695,"{""confidence"": 0.646}"
2079,ADJACENT_TO,698,695,"{""confidence"": 0.6080000000000001}"
2080,ADJACENT_TO,697,696,"{""confidence"": 0.646}"
2081,ADJACENT_TO,698,696,"{""confidence"": 0.6080000000000001}"
2082,CONTAINS,697,698,"{""confidence"": 0.6119999999999776}"
2083,ADJACENT_TO,704,702,"{""confidence"": 0.646}"
2084,ADJACENT_TO,705,702,"{""confidence"": 0.6080000000000001}"
2085,ADJACENT_TO,704,703,"{""confidence"": 0.646}"
2086,ADJACENT_TO,705,703,"{""confidence"": 0.6080000000000001}"
2087,CONTAINS,704,705,"{""confidence"": 0.6119999999999952}"
2088,ADJACENT_TO,708,706,"{""confidence"": 0.6422143669099584}"
2089,ADJACENT_TO,709,706,"{""confidence"": 0.42203705120937257}"
2090,ADJACENT_TO,708,707,"{""confidence"": 0.5383347638534581}"
2091,ADJACENT_TO,709,707,"{""confidence"": 0.3242680130385486}"
2092,CONTAINS,708,709,"{""confidence"": 0.6119999999999685}"
2093,ADJACENT_TO,710,711,"{""confidence"": 0.43014676616915426}"
2094,ADJACENT_TO,713,710,"{""confidence"": 0.646}"
2095,ADJACENT_TO,714,710,"{""confidence"": 0.6080000000000001}"
2096,ADJACENT_TO,713,711,"{""confidence"": 0.646}"
2097,ADJACENT_TO,714,711,"{""confidence"": 0.6080000000000001}"
2098,ADJACENT_TO,713,712,"{""confidence"": 0.646}"
2099,ADJACENT_TO,714,712,"{""confidence"": 0.6080000000000001}"
2100,CONTAINS,713,714,"{""confidence"": 0.6119999999999685}"
2101,ADJACENT_TO,715,716,"{""confidence"": 0.6766664657424152}"
2102,ADJACENT_TO,717,715,"{""confidence"": 0.646}"
2103,ADJACENT_TO,718,715,"{""confidence"": 0.6080000000000001}"
2104,ADJACENT_TO,717,716,"{""confidence"": 0.646}"
2105,ADJACENT_TO,718,716,"{""confidence"": 0.6080000000000001}"
2106,CONTAINS,717,718,"{""confidence"": 0.6119999999999962}"
2107,ADJACENT_TO,720,721,"{""confidence"": 0.6960063364055299}"
2108,ADJACENT_TO,723,720,"{""confidence"": 0.646}"
2109,ADJACENT_TO,724,720,"{""confidence"": 0.6080000000000001}"
2110,ADJACENT_TO,723,721,"{""confidence"": 0.646}"
2111,ADJACENT_TO,724,721,"{""confidence"": 0.6080000000000001}"
2112,ADJACENT_TO,723,722,"{""confidence"": 0.646}"
2113,ADJACENT_TO,724,722,"{""confidence"": 0.6080000000000001}"
2114,CONTAINS,723,724,"{""confidence"": 0.6119999999999962}"
2115,ADJACENT_TO,726,727,"{""confidence"": 0.6908578329882679}"
2116,ADJACENT_TO,731,726,"{""confidence"": 0.646}"
2117,ADJACENT_TO,732,726,"{""confidence"": 0.6080000000000001}"
2118,ADJACENT_TO,727,728,"{""confidence"": 0.6545253048079132}"
2119,ADJACENT_TO,731,727,"{""confidence"": 0.646}"
2120,ADJACENT_TO,732,727,"{""confidence"": 0.6080000000000001}"
2121,ADJACENT_TO,728,729,"{""confidence"": 0.6934530135725787}"
2122,ADJACENT_TO,731,728,"{""confidence"": 0.646}"
2123,ADJACENT_TO,732,728,"{""confidence"": 0.6080000000000001}"
2124,ADJACENT_TO,729,730,"{""confidence"": 0.6986433747412008}"
2125,ADJACENT_TO,731,729,"{""confidence"": 0.646}"
2126,ADJACENT_TO,732,729,"{""confidence"": 0.6080000000000001}"
2127,ADJACENT_TO,731,730,"{""confidence"": 0.646}"
2128,ADJACENT_TO,732,730,"{""confidence"": 0.6080000000000001}"
2129,CONTAINS,731,732,"{""confidence"": 0.611999999999985}"
2130,ADJACENT_TO,735,733,"{""confidence"": 0.5174030032467533}"
2131,ADJACENT_TO,736,733,"{""confidence"": 0.3501675324675325}"
2132,ADJACENT_TO,735,734,"{""confidence"": 0.532696563852814}"
2133,ADJACENT_TO,736,734,"{""confidence"": 0.3645614718614725}"
2134,CONTAINS,735,736,"{""confidence"": 0.611999999999985}"
2135,ADJACENT_TO,740,737,"{""confidence"": 0.646}"
2136,ADJACENT_TO,741,737,"{""confidence"": 0.6080000000000001}"
2137,ADJACENT_TO,738,739,"{""confidence"": 0.4401889149102262}"
2138,ADJACENT_TO,740,738,"{""confidence"": 0.646}"
2139,ADJACENT_TO,741,738,"{""confidence"": 0.6080000000000001}"
2140,ADJACENT_TO,740,739,"{""confidence"": 0.646}"
2141,ADJACENT_TO,741,739,"{""confidence"": 0.6080000000000001}"
2142,CONTAINS,740,741,"{""confidence"": 0.611999999999985}"
2143,ADJACENT_TO,744,745,"{""confidence"": 0.45616789396170904}"
2144,ADJACENT_TO,747,744,"{""confidence"": 0.646}"
2145,ADJACENT_TO,748,744,"{""confidence"": 0.6080000000000001}"
2146,ADJACENT_TO,747,745,"{""confidence"": 0.646}"
2147,ADJACENT_TO,748,745,"{""confidence"": 0.6080000000000001}"
2148,ADJACENT_TO,747,746,"{""confidence"": 0.646}"
2149,ADJACENT_TO,748,746,"{""confidence"": 0.6080000000000001}"
2150,CONTAINS,747,748,"{""confidence"": 0.611999999999985}"
2151,ADJACENT_TO,749,751,"{""confidence"": 0.6339340359094456}"
2152,ADJACENT_TO,752,749,"{""confidence"": 0.646}"
2153,ADJACENT_TO,753,749,"{""confidence"": 0.6080000000000001}"
2154,ADJACENT_TO,750,751,"{""confidence"": 0.5634812646370029}"
2155,ADJACENT_TO,752,750,"{""confidence"": 0.646}"
2156,ADJACENT_TO,753,750,"{""confidence"": 0.6080000000000001}"
2157,ADJACENT_TO,752,751,"{""confidence"": 0.646}"
2158,ADJACENT_TO,753,751,"{""confidence"": 0.6080000000000001}"
2159,CONTAINS,752,753,"{""confidence"": 0.611999999999985}"
2160,ADJACENT_TO,754,755,"{""confidence"": 0.46822227478187695}"
2161,ADJACENT_TO,758,754,"{""confidence"": 0.646}"
2162,ADJACENT_TO,759,754,"{""confidence"": 0.6080000000000001}"
2163,ADJACENT_TO,755,756,"{""confidence"": 0.6318733312309471}"
2164,ADJACENT_TO,758,755,"{""confidence"": 0.646}"
2165,ADJACENT_TO,759,755,"{""confidence"": 0.6080000000000001}"
2166,ADJACENT_TO,758,756,"{""confidence"": 0.646}"
2167,ADJACENT_TO,759,756,"{""confidence"": 0.6080000000000001}"
2168,ADJACENT_TO,758,757,"{""confidence"": 0.566009847305724}"
2169,ADJACENT_TO,759,757,"{""confidence"": 0.39591515040538733}"
2170,CONTAINS,758,759,"{""confidence"": 0.611999999999985}"
2171,ADJACENT_TO,760,763,"{""confidence"": 0.6439867690986418}"
2172,ADJACENT_TO,760,764,"{""confidence"": 0.623690019926856}"
2173,ADJACENT_TO,765,760,"{""confidence"": 0.5542589690687582}"
2174,ADJACENT_TO,766,760,"{""confidence"": 0.38485550030000765}"
2175,ADJACENT_TO,761,762,"{""confidence"": 0.4674221648498755}"
2176,ADJACENT_TO,765,761,"{""confidence"": 0.646}"
2177,ADJACENT_TO,766,761,"{""confidence"": 0.6080000000000001}"
2178,ADJACENT_TO,765,762,"{""confidence"": 0.646}"
2179,ADJACENT_TO,766,762,"{""confidence"": 0.6080000000000001}"
2180,ADJACENT_TO,763,764,"{""confidence"": 0.7174568008712351}"
2181,ADJACENT_TO,765,763,"{""confidence"": 0.646}"
2182,ADJACENT_TO,766,763,"{""confidence"": 0.6080000000000001}"
2183,ADJACENT_TO,765,764,"{""confidence"": 0.646}"
2184,ADJACENT_TO,766,764,"{""confidence"": 0.6080000000000001}"
2185,CONTAINS,765,766,"{""confidence"": 0.611999999999985}"
2186,ADJACENT_TO,770,768,"{""confidence"": 0.646}"
2187,ADJACENT_TO,771,768,"{""confidence"": 0.6080000000000001}"
2188,CONTAINS,770,771,"{""confidence"": 0.6119999999999775}"
2189,ADJACENT_TO,776,772,"{""confidence"": 0.646}"
2190,ADJACENT_TO,777,772,"{""confidence"": 0.6080000000000001}"
2191,ADJACENT_TO,776,773,"{""confidence"": 0.646}"
2192,ADJACENT_TO,777,773,"{""confidence"": 0.6080000000000001}"
2193,ADJACENT_TO,776,774,"{""confidence"": 0.646}"
2194,ADJACENT_TO,777,774,"{""confidence"": 0.6080000000000001}"
2195,ADJACENT_TO,776,775,"{""confidence"": 0.646}"
2196,ADJACENT_TO,777,775,"{""confidence"": 0.6080000000000001}"
2197,CONTAINS,776,777,"{""confidence"": 0.6119999999997496}"
2198,ADJACENT_TO,778,779,"{""confidence"": 0.6399545454545452}"
2199,ADJACENT_TO,778,780,"{""confidence"": 0.5074861169837918}"
2200,ADJACENT_TO,781,778,"{""confidence"": 0.646}"
2201,ADJACENT_TO,782,778,"{""confidence"": 0.6080000000000001}"
2202,ADJACENT_TO,781,779,"{""confidence"": 0.646}"
2203,ADJACENT_TO,782,779,"{""confidence"": 0.6080000000000001}"
2204,ADJACENT_TO,781,780,"{""confidence"": 0.646}"
2205,ADJACENT_TO,782,780,"{""confidence"": 0.5560253073369344}"
2206,CONTAINS,781,782,"{""confidence"": 0.6119999999999962}"
2207,ADJACENT_TO,784,785,"{""confidence"": 0.7109551025626974}"
2208,ADJACENT_TO,786,784,"{""confidence"": 0.646}"
2209,ADJACENT_TO,787,784,"{""confidence"": 0.5603706540997679}"
2210,ADJACENT_TO,786,785,"{""confidence"": 0.646}"
2211,ADJACENT_TO,787,785,"{""confidence"": 0.5324156976637989}"
2212,CONTAINS,786,787,"{""confidence"": 0.6119999999999961}"
2213,SAME_AS,118,1194,"{""confidence"": 0.912, ""method"": ""entity_alignment_with_attention"", ""fused_image_id"": 612, ""attention_similarity"": 1.0}"
2214,SAME_AS,612,1194,"{""confidence"": 0.912, ""method"": ""entity_alignment_with_attention"", ""fused_text_id"": 118, ""attention_similarity"": 1.0}"
2215,SAME_AS,1112,1195,"{""confidence"": 0.912, ""method"": ""entity_alignment_with_attention"", ""fused_image_id"": 443, ""attention_similarity"": 1.0}"
2216,SAME_AS,443,1195,"{""confidence"": 0.912, ""method"": ""entity_alignment_with_attention"", ""fused_text_id"": 1112, ""attention_similarity"": 1.0}"
2217,SAME_AS,1097,1196,"{""confidence"": 0.912, ""method"": ""entity_alignment_with_attention"", ""fused_image_id"": 304, ""attention_similarity"": 1.0}"
2218,SAME_AS,304,1196,"{""confidence"": 0.912, ""method"": ""entity_alignment_with_attention"", ""fused_text_id"": 1097, ""attention_similarity"": 1.0}"
2219,SAME_AS,130,1197,"{""confidence"": 0.912, ""method"": ""entity_alignment_with_attention"", ""fused_image_id"": 755, ""attention_similarity"": 1.0}"
2220,SAME_AS,755,1197,"{""confidence"": 0.912, ""method"": ""entity_alignment_with_attention"", ""fused_text_id"": 130, ""attention_similarity"": 1.0}"
2221,SAME_AS,1175,1198,"{""confidence"": 0.912, ""method"": ""entity_alignment_with_attention"", ""fused_image_id"": 763, ""attention_similarity"": 1.0}"
2222,SAME_AS,763,1198,"{""confidence"": 0.912, ""method"": ""entity_alignment_with_attention"", ""fused_text_id"": 1175, ""attention_similarity"": 1.0}"
2223,SAME_AS,75,1199,"{""confidence"": 0.912, ""method"": ""entity_alignment_with_attention"", ""fused_image_id"": 530, ""attention_similarity"": 1.0}"
2224,SAME_AS,530,1199,"{""confidence"": 0.912, ""method"": ""entity_alignment_with_attention"", ""fused_text_id"": 75, ""attention_similarity"": 1.0}"
2225,SAME_AS,125,1200,"{""confidence"": 0.881, ""method"": ""entity_alignment_with_attention"", ""fused_image_id"": 474, ""attention_similarity"": 1.0}"
2226,SAME_AS,474,1200,"{""confidence"": 0.881, ""method"": ""entity_alignment_with_attention"", ""fused_text_id"": 125, ""attention_similarity"": 1.0}"
2227,SAME_AS,74,1201,"{""confidence"": 0.875, ""method"": ""entity_alignment_with_attention"", ""fused_image_id"": 546, ""attention_similarity"": 1.0}"
2228,SAME_AS,546,1201,"{""confidence"": 0.875, ""method"": ""entity_alignment_with_attention"", ""fused_text_id"": 74, ""attention_similarity"": 1.0}"
2229,SAME_AS,1165,1202,"{""confidence"": 0.875, ""method"": ""entity_alignment_with_attention"", ""fused_image_id"": 462, ""attention_similarity"": 1.0}"
2230,SAME_AS,462,1202,"{""confidence"": 0.875, ""method"": ""entity_alignment_with_attention"", ""fused_text_id"": 1165, ""attention_similarity"": 1.0}"
2231,SAME_AS,1193,1203,"{""confidence"": 0.875, ""method"": ""entity_alignment_with_attention"", ""fused_image_id"": 720, ""attention_similarity"": 1.0}"
2232,SAME_AS,720,1203,"{""confidence"": 0.875, ""method"": ""entity_alignment_with_attention"", ""fused_text_id"": 1193, ""attention_similarity"": 1.0}"
2233,SAME_AS,33,1204,"{""confidence"": 0.875, ""method"": ""entity_alignment_with_attention"", ""fused_image_id"": 126, ""attention_similarity"": 1.0}"
2234,SAME_AS,126,1204,"{""confidence"": 0.875, ""method"": ""entity_alignment_with_attention"", ""fused_text_id"": 33, ""attention_similarity"": 1.0}"
2235,SAME_AS,139,1205,"{""confidence"": 0.875, ""method"": ""entity_alignment_with_attention"", ""fused_image_id"": 61, ""attention_similarity"": 1.0}"
2236,SAME_AS,61,1205,"{""confidence"": 0.875, ""method"": ""entity_alignment_with_attention"", ""fused_text_id"": 139, ""attention_similarity"": 1.0}"
2237,SAME_AS,70,1206,"{""confidence"": 0.875, ""method"": ""entity_alignment_with_attention"", ""fused_image_id"": 768, ""attention_similarity"": 1.0}"
2238,SAME_AS,768,1206,"{""confidence"": 0.875, ""method"": ""entity_alignment_with_attention"", ""fused_text_id"": 70, ""attention_similarity"": 1.0}"
2239,SAME_AS,143,1207,"{""confidence"": 0.875, ""method"": ""entity_alignment_with_attention"", ""fused_image_id"": 2, ""attention_similarity"": 1.0}"
2240,SAME_AS,2,1207,"{""confidence"": 0.875, ""method"": ""entity_alignment_with_attention"", ""fused_text_id"": 143, ""attention_similarity"": 1.0}"
2241,SAME_AS,1163,1208,"{""confidence"": 0.875, ""method"": ""entity_alignment_with_attention"", ""fused_image_id"": 772, ""attention_similarity"": 1.0}"
2242,SAME_AS,772,1208,"{""confidence"": 0.875, ""method"": ""entity_alignment_with_attention"", ""fused_text_id"": 1163, ""attention_similarity"": 1.0}"
2243,SAME_AS,1190,1209,"{""confidence"": 0.875, ""method"": ""entity_alignment_with_attention"", ""fused_image_id"": 775, ""attention_similarity"": 1.0}"
2244,SAME_AS,775,1209,"{""confidence"": 0.875, ""method"": ""entity_alignment_with_attention"", ""fused_text_id"": 1190, ""attention_similarity"": 1.0}"
2245,SAME_AS,1167,1210,"{""confidence"": 0.875, ""method"": ""entity_alignment_with_attention"", ""fused_image_id"": 8, ""attention_similarity"": 1.0}"
2246,SAME_AS,8,1210,"{""confidence"": 0.875, ""method"": ""entity_alignment_with_attention"", ""fused_text_id"": 1167, ""attention_similarity"": 1.0}"
2247,SAME_AS,37,1211,"{""confidence"": 0.875, ""method"": ""entity_alignment_with_attention"", ""fused_image_id"": 73, ""attention_similarity"": 1.0}"
2248,SAME_AS,73,1211,"{""confidence"": 0.875, ""method"": ""entity_alignment_with_attention"", ""fused_text_id"": 37, ""attention_similarity"": 1.0}"
2249,SAME_AS,124,1212,"{""confidence"": 0.875, ""method"": ""entity_alignment_with_attention"", ""fused_image_id"": 734, ""attention_similarity"": 1.0}"
2250,SAME_AS,734,1212,"{""confidence"": 0.875, ""method"": ""entity_alignment_with_attention"", ""fused_text_id"": 124, ""attention_similarity"": 1.0}"
2251,SAME_AS,79,1213,"{""confidence"": 0.875, ""method"": ""entity_alignment_with_attention"", ""fused_image_id"": 2, ""attention_similarity"": 1.0}"
2252,SAME_AS,2,1213,"{""confidence"": 0.875, ""method"": ""entity_alignment_with_attention"", ""fused_text_id"": 79, ""attention_similarity"": 1.0}"
2253,SAME_AS,1188,1214,"{""confidence"": 0.875, ""method"": ""entity_alignment_with_attention"", ""fused_image_id"": 666, ""attention_similarity"": 1.0}"
2254,SAME_AS,666,1214,"{""confidence"": 0.875, ""method"": ""entity_alignment_with_attention"", ""fused_text_id"": 1188, ""attention_similarity"": 1.0}"
2255,SAME_AS,39,1215,"{""confidence"": 0.875, ""method"": ""entity_alignment_with_attention"", ""fused_image_id"": 59, ""attention_similarity"": 1.0}"
2256,SAME_AS,59,1215,"{""confidence"": 0.875, ""method"": ""entity_alignment_with_attention"", ""fused_text_id"": 39, ""attention_similarity"": 1.0}"
2257,SAME_AS,80,1216,"{""confidence"": 0.875, ""method"": ""entity_alignment_with_attention"", ""fused_image_id"": 8, ""attention_similarity"": 1.0}"
2258,SAME_AS,8,1216,"{""confidence"": 0.875, ""method"": ""entity_alignment_with_attention"", ""fused_text_id"": 80, ""attention_similarity"": 1.0}"
2259,SAME_AS,113,1217,"{""confidence"": 0.875, ""method"": ""entity_alignment_with_attention"", ""fused_image_id"": 757, ""attention_similarity"": 1.0}"
2260,SAME_AS,757,1217,"{""confidence"": 0.875, ""method"": ""entity_alignment_with_attention"", ""fused_text_id"": 113, ""attention_similarity"": 1.0}"
2261,SAME_AS,67,1218,"{""confidence"": 0.875, ""method"": ""entity_alignment_with_attention"", ""fused_image_id"": 768, ""attention_similarity"": 1.0}"
2262,SAME_AS,768,1218,"{""confidence"": 0.875, ""method"": ""entity_alignment_with_attention"", ""fused_text_id"": 67, ""attention_similarity"": 1.0}"
2263,SAME_AS,1104,1219,"{""confidence"": 0.875, ""method"": ""entity_alignment_with_attention"", ""fused_image_id"": 8, ""attention_similarity"": 1.0}"
2264,SAME_AS,8,1219,"{""confidence"": 0.875, ""method"": ""entity_alignment_with_attention"", ""fused_text_id"": 1104, ""attention_similarity"": 1.0}"
2265,SAME_AS,82,1220,"{""confidence"": 0.875, ""method"": ""entity_alignment_with_attention"", ""fused_image_id"": 13, ""attention_similarity"": 1.0}"
2266,SAME_AS,13,1220,"{""confidence"": 0.875, ""method"": ""entity_alignment_with_attention"", ""fused_text_id"": 82, ""attention_similarity"": 1.0}"
2267,SAME_AS,1157,1221,"{""confidence"": 0.875, ""method"": ""entity_alignment_with_attention"", ""fused_image_id"": 768, ""attention_similarity"": 1.0}"
2268,SAME_AS,768,1221,"{""confidence"": 0.875, ""method"": ""entity_alignment_with_attention"", ""fused_text_id"": 1157, ""attention_similarity"": 1.0}"
2269,SAME_AS,41,1222,"{""confidence"": 0.875, ""method"": ""entity_alignment_with_attention"", ""fused_image_id"": 19, ""attention_similarity"": 1.0}"
2270,SAME_AS,19,1222,"{""confidence"": 0.875, ""method"": ""entity_alignment_with_attention"", ""fused_text_id"": 41, ""attention_similarity"": 1.0}"
2271,SAME_AS,110,1223,"{""confidence"": 0.875, ""method"": ""entity_alignment_with_attention"", ""fused_image_id"": 775, ""attention_similarity"": 1.0}"
2272,SAME_AS,775,1223,"{""confidence"": 0.875, ""method"": ""entity_alignment_with_attention"", ""fused_text_id"": 110, ""attention_similarity"": 1.0}"
2273,SAME_AS,1106,1224,"{""confidence"": 0.875, ""method"": ""entity_alignment_with_attention"", ""fused_image_id"": 379, ""attention_similarity"": 1.0}"
2274,SAME_AS,379,1224,"{""confidence"": 0.875, ""method"": ""entity_alignment_with_attention"", ""fused_text_id"": 1106, ""attention_similarity"": 1.0}"
2275,SAME_AS,46,1225,"{""confidence"": 0.875, ""method"": ""entity_alignment_with_attention"", ""fused_image_id"": 2, ""attention_similarity"": 1.0}"
2276,SAME_AS,2,1225,"{""confidence"": 0.875, ""method"": ""entity_alignment_with_attention"", ""fused_text_id"": 46, ""attention_similarity"": 1.0}"
2277,SAME_AS,1172,1226,"{""confidence"": 0.875, ""method"": ""entity_alignment_with_attention"", ""fused_image_id"": 12, ""attention_similarity"": 1.0}"
2278,SAME_AS,12,1226,"{""confidence"": 0.875, ""method"": ""entity_alignment_with_attention"", ""fused_text_id"": 1172, ""attention_similarity"": 1.0}"
2279,SAME_AS,1114,1227,"{""confidence"": 0.875, ""method"": ""entity_alignment_with_attention"", ""fused_image_id"": 8, ""attention_similarity"": 1.0}"
2280,SAME_AS,8,1227,"{""confidence"": 0.875, ""method"": ""entity_alignment_with_attention"", ""fused_text_id"": 1114, ""attention_similarity"": 1.0}"
2281,SAME_AS,102,1228,"{""confidence"": 0.875, ""method"": ""entity_alignment_with_attention"", ""fused_image_id"": 784, ""attention_similarity"": 1.0}"
2282,SAME_AS,784,1228,"{""confidence"": 0.875, ""method"": ""entity_alignment_with_attention"", ""fused_text_id"": 102, ""attention_similarity"": 1.0}"
2283,SAME_AS,1155,1229,"{""confidence"": 0.875, ""method"": ""entity_alignment_with_attention"", ""fused_image_id"": 779, ""attention_similarity"": 1.0}"
2284,SAME_AS,779,1229,"{""confidence"": 0.875, ""method"": ""entity_alignment_with_attention"", ""fused_text_id"": 1155, ""attention_similarity"": 1.0}"
2285,SAME_AS,49,1230,"{""confidence"": 0.875, ""method"": ""entity_alignment_with_attention"", ""fused_image_id"": 32, ""attention_similarity"": 1.0}"
2286,SAME_AS,32,1230,"{""confidence"": 0.875, ""method"": ""entity_alignment_with_attention"", ""fused_text_id"": 49, ""attention_similarity"": 1.0}"
2287,SAME_AS,65,1231,"{""confidence"": 0.875, ""method"": ""entity_alignment_with_attention"", ""fused_image_id"": 775, ""attention_similarity"": 1.0}"
2288,SAME_AS,775,1231,"{""confidence"": 0.875, ""method"": ""entity_alignment_with_attention"", ""fused_text_id"": 65, ""attention_similarity"": 1.0}"
2289,SAME_AS,1118,1232,"{""confidence"": 0.875, ""method"": ""entity_alignment_with_attention"", ""fused_image_id"": 379, ""attention_similarity"": 1.0}"
2290,SAME_AS,379,1232,"{""confidence"": 0.875, ""method"": ""entity_alignment_with_attention"", ""fused_text_id"": 1118, ""attention_similarity"": 1.0}"
2291,SAME_AS,1123,1233,"{""confidence"": 0.875, ""method"": ""entity_alignment_with_attention"", ""fused_image_id"": 8, ""attention_similarity"": 1.0}"
2292,SAME_AS,8,1233,"{""confidence"": 0.875, ""method"": ""entity_alignment_with_attention"", ""fused_text_id"": 1123, ""attention_similarity"": 1.0}"
2293,SAME_AS,100,1234,"{""confidence"": 0.875, ""method"": ""entity_alignment_with_attention"", ""fused_image_id"": 774, ""attention_similarity"": 1.0}"
2294,SAME_AS,774,1234,"{""confidence"": 0.875, ""method"": ""entity_alignment_with_attention"", ""fused_text_id"": 100, ""attention_similarity"": 1.0}"
2295,SAME_AS,99,1235,"{""confidence"": 0.875, ""method"": ""entity_alignment_with_attention"", ""fused_image_id"": 757, ""attention_similarity"": 1.0}"
2296,SAME_AS,757,1235,"{""confidence"": 0.875, ""method"": ""entity_alignment_with_attention"", ""fused_text_id"": 99, ""attention_similarity"": 1.0}"
2297,SAME_AS,54,1236,"{""confidence"": 0.875, ""method"": ""entity_alignment_with_attention"", ""fused_image_id"": 8, ""attention_similarity"": 1.0}"
2298,SAME_AS,8,1236,"{""confidence"": 0.875, ""method"": ""entity_alignment_with_attention"", ""fused_text_id"": 54, ""attention_similarity"": 1.0}"
2299,SAME_AS,63,1237,"{""confidence"": 0.875, ""method"": ""entity_alignment_with_attention"", ""fused_image_id"": 143, ""attention_similarity"": 1.0}"
2300,SAME_AS,143,1237,"{""confidence"": 0.875, ""method"": ""entity_alignment_with_attention"", ""fused_text_id"": 63, ""attention_similarity"": 1.0}"
2301,SAME_AS,97,1238,"{""confidence"": 0.875, ""method"": ""entity_alignment_with_attention"", ""fused_image_id"": 733, ""attention_similarity"": 1.0}"
2302,SAME_AS,733,1238,"{""confidence"": 0.875, ""method"": ""entity_alignment_with_attention"", ""fused_text_id"": 97, ""attention_similarity"": 1.0}"
2303,SAME_AS,1125,1239,"{""confidence"": 0.875, ""method"": ""entity_alignment_with_attention"", ""fused_image_id"": 59, ""attention_similarity"": 1.0}"
2304,SAME_AS,59,1239,"{""confidence"": 0.875, ""method"": ""entity_alignment_with_attention"", ""fused_text_id"": 1125, ""attention_similarity"": 1.0}"
2305,SAME_AS,1140,1240,"{""confidence"": 0.875, ""method"": ""entity_alignment_with_attention"", ""fused_image_id"": 785, ""attention_similarity"": 1.0}"
2306,SAME_AS,785,1240,"{""confidence"": 0.875, ""method"": ""entity_alignment_with_attention"", ""fused_text_id"": 1140, ""attention_similarity"": 1.0}"
2307,SAME_AS,1132,1241,"{""confidence"": 0.875, ""method"": ""entity_alignment_with_attention"", ""fused_image_id"": 49, ""attention_similarity"": 1.0}"
2308,SAME_AS,49,1241,"{""confidence"": 0.875, ""method"": ""entity_alignment_with_attention"", ""fused_text_id"": 1132, ""attention_similarity"": 1.0}"
2309,SAME_AS,93,1242,"{""confidence"": 0.875, ""method"": ""entity_alignment_with_attention"", ""fused_image_id"": 768, ""attention_similarity"": 1.0}"
2310,SAME_AS,768,1242,"{""confidence"": 0.875, ""method"": ""entity_alignment_with_attention"", ""fused_text_id"": 93, ""attention_similarity"": 1.0}"
2311,SAME_AS,1174,1243,"{""confidence"": 0.875, ""method"": ""entity_alignment_with_attention"", ""fused_image_id"": 751, ""attention_similarity"": 1.0}"
2312,SAME_AS,751,1243,"{""confidence"": 0.875, ""method"": ""entity_alignment_with_attention"", ""fused_text_id"": 1174, ""attention_similarity"": 1.0}"
2313,SAME_AS,85,1244,"{""confidence"": 0.875, ""method"": ""entity_alignment_with_attention"", ""fused_image_id"": 236, ""attention_similarity"": 1.0}"
2314,SAME_AS,236,1244,"{""confidence"": 0.875, ""method"": ""entity_alignment_with_attention"", ""fused_text_id"": 85, ""attention_similarity"": 1.0}"
2315,SAME_AS,60,1245,"{""confidence"": 0.875, ""method"": ""entity_alignment_with_attention"", ""fused_image_id"": 8, ""attention_similarity"": 1.0}"
2316,SAME_AS,8,1245,"{""confidence"": 0.875, ""method"": ""entity_alignment_with_attention"", ""fused_text_id"": 60, ""attention_similarity"": 1.0}"
2317,SAME_AS,1136,1246,"{""confidence"": 0.875, ""method"": ""entity_alignment_with_attention"", ""fused_image_id"": 20, ""attention_similarity"": 1.0}"
2318,SAME_AS,20,1246,"{""confidence"": 0.875, ""method"": ""entity_alignment_with_attention"", ""fused_text_id"": 1136, ""attention_similarity"": 1.0}"
2319,SAME_AS,89,1247,"{""confidence"": 0.875, ""method"": ""entity_alignment_with_attention"", ""fused_image_id"": 737, ""attention_similarity"": 1.0}"
2320,SAME_AS,737,1247,"{""confidence"": 0.875, ""method"": ""entity_alignment_with_attention"", ""fused_text_id"": 89, ""attention_similarity"": 1.0}"
2321,SAME_AS,1139,1248,"{""confidence"": 0.875, ""method"": ""entity_alignment_with_attention"", ""fused_image_id"": 26, ""attention_similarity"": 1.0}"
2322,SAME_AS,26,1248,"{""confidence"": 0.875, ""method"": ""entity_alignment_with_attention"", ""fused_text_id"": 1139, ""attention_similarity"": 1.0}"
2323,SAME_AS,1099,1249,"{""confidence"": 0.861, ""method"": ""entity_alignment_with_attention"", ""fused_image_id"": 370, ""attention_similarity"": 1.0}"
2324,SAME_AS,370,1249,"{""confidence"": 0.861, ""method"": ""entity_alignment_with_attention"", ""fused_text_id"": 1099, ""attention_similarity"": 1.0}"
2325,SAME_AS,1130,1250,"{""confidence"": 0.848, ""method"": ""entity_alignment_with_attention"", ""fused_image_id"": 370, ""attention_similarity"": 1.0}"
2326,SAME_AS,370,1250,"{""confidence"": 0.848, ""method"": ""entity_alignment_with_attention"", ""fused_text_id"": 1130, ""attention_similarity"": 1.0}"
2327,SAME_AS,1109,1251,"{""confidence"": 0.843, ""method"": ""entity_alignment_with_attention"", ""fused_image_id"": 298, ""attention_similarity"": 1.0}"
2328,SAME_AS,298,1251,"{""confidence"": 0.843, ""method"": ""entity_alignment_with_attention"", ""fused_text_id"": 1109, ""attention_similarity"": 1.0}"
2329,SAME_AS,108,1252,"{""confidence"": 0.838, ""method"": ""entity_alignment_with_attention"", ""fused_image_id"": 770, ""attention_similarity"": 1.0}"
2330,SAME_AS,770,1252,"{""confidence"": 0.838, ""method"": ""entity_alignment_with_attention"", ""fused_text_id"": 108, ""attention_similarity"": 1.0}"
2331,SAME_AS,1191,1253,"{""confidence"": 0.838, ""method"": ""entity_alignment_with_attention"", ""fused_image_id"": 770, ""attention_similarity"": 1.0}"
2332,SAME_AS,770,1253,"{""confidence"": 0.838, ""method"": ""entity_alignment_with_attention"", ""fused_text_id"": 1191, ""attention_similarity"": 1.0}"
2333,SAME_AS,94,1254,"{""confidence"": 0.838, ""method"": ""entity_alignment_with_attention"", ""fused_image_id"": 770, ""attention_similarity"": 1.0}"
2334,SAME_AS,770,1254,"{""confidence"": 0.838, ""method"": ""entity_alignment_with_attention"", ""fused_text_id"": 94, ""attention_similarity"": 1.0}"
2335,SAME_AS,152,1255,"{""confidence"": 0.838, ""method"": ""entity_alignment_with_attention"", ""fused_image_id"": 412, ""attention_similarity"": 1.0}"
2336,SAME_AS,412,1255,"{""confidence"": 0.838, ""method"": ""entity_alignment_with_attention"", ""fused_text_id"": 152, ""attention_similarity"": 1.0}"
2337,SAME_AS,1131,1256,"{""confidence"": 0.838, ""method"": ""entity_alignment_with_attention"", ""fused_image_id"": 95, ""attention_similarity"": 1.0}"
2338,SAME_AS,95,1256,"{""confidence"": 0.838, ""method"": ""entity_alignment_with_attention"", ""fused_text_id"": 1131, ""attention_similarity"": 1.0}"
2339,SAME_AS,58,1257,"{""confidence"": 0.838, ""method"": ""entity_alignment_with_attention"", ""fused_image_id"": 95, ""attention_similarity"": 1.0}"
2340,SAME_AS,95,1257,"{""confidence"": 0.838, ""method"": ""entity_alignment_with_attention"", ""fused_text_id"": 58, ""attention_similarity"": 1.0}"
2341,SAME_AS,106,1258,"{""confidence"": 0.838, ""method"": ""entity_alignment_with_attention"", ""fused_image_id"": 183, ""attention_similarity"": 1.0}"
2342,SAME_AS,183,1258,"{""confidence"": 0.838, ""method"": ""entity_alignment_with_attention"", ""fused_text_id"": 106, ""attention_similarity"": 1.0}"
2343,SAME_AS,101,1259,"{""confidence"": 0.838, ""method"": ""entity_alignment_with_attention"", ""fused_image_id"": 51, ""attention_similarity"": 1.0}"
2344,SAME_AS,51,1259,"{""confidence"": 0.838, ""method"": ""entity_alignment_with_attention"", ""fused_text_id"": 101, ""attention_similarity"": 1.0}"
2345,SAME_AS,107,1260,"{""confidence"": 0.838, ""method"": ""entity_alignment_with_attention"", ""fused_image_id"": 51, ""attention_similarity"": 1.0}"
2346,SAME_AS,51,1260,"{""confidence"": 0.838, ""method"": ""entity_alignment_with_attention"", ""fused_text_id"": 107, ""attention_similarity"": 1.0}"
2347,SAME_AS,86,1261,"{""confidence"": 0.838, ""method"": ""entity_alignment_with_attention"", ""fused_image_id"": 52, ""attention_similarity"": 1.0}"
2348,SAME_AS,52,1261,"{""confidence"": 0.838, ""method"": ""entity_alignment_with_attention"", ""fused_text_id"": 86, ""attention_similarity"": 1.0}"
2349,SAME_AS,73,1262,"{""confidence"": 0.838, ""method"": ""entity_alignment_with_attention"", ""fused_image_id"": 148, ""attention_similarity"": 1.0}"
2350,SAME_AS,148,1262,"{""confidence"": 0.838, ""method"": ""entity_alignment_with_attention"", ""fused_text_id"": 73, ""attention_similarity"": 1.0}"
2351,SAME_AS,1169,1263,"{""confidence"": 0.815, ""method"": ""entity_alignment_with_attention"", ""fused_image_id"": 370, ""attention_similarity"": 1.0}"
2352,SAME_AS,370,1263,"{""confidence"": 0.815, ""method"": ""entity_alignment_with_attention"", ""fused_text_id"": 1169, ""attention_similarity"": 1.0}"
2353,SAME_AS,1151,1264,"{""confidence"": 0.81, ""method"": ""entity_alignment_with_attention"", ""fused_image_id"": 359, ""attention_similarity"": 1.0}"
2354,SAME_AS,359,1264,"{""confidence"": 0.81, ""method"": ""entity_alignment_with_attention"", ""fused_text_id"": 1151, ""attention_similarity"": 1.0}"
2355,SAME_AS,126,1265,"{""confidence"": 0.81, ""method"": ""entity_alignment_with_attention"", ""fused_image_id"": 410, ""attention_similarity"": 1.0}"
2356,SAME_AS,410,1265,"{""confidence"": 0.81, ""method"": ""entity_alignment_with_attention"", ""fused_text_id"": 126, ""attention_similarity"": 1.0}"
2357,SAME_AS,84,1266,"{""confidence"": 0.809, ""method"": ""entity_alignment_with_attention"", ""fused_image_id"": 467, ""attention_similarity"": 1.0}"
2358,SAME_AS,467,1266,"{""confidence"": 0.809, ""method"": ""entity_alignment_with_attention"", ""fused_text_id"": 84, ""attention_similarity"": 1.0}"
2359,SAME_AS,1141,1267,"{""confidence"": 0.805, ""method"": ""entity_alignment_with_attention"", ""fused_image_id"": 61, ""attention_similarity"": 1.0}"
2360,SAME_AS,61,1267,"{""confidence"": 0.805, ""method"": ""entity_alignment_with_attention"", ""fused_text_id"": 1141, ""attention_similarity"": 1.0}"
2361,SAME_AS,137,1268,"{""confidence"": 0.805, ""method"": ""entity_alignment_with_attention"", ""fused_image_id"": 31, ""attention_similarity"": 1.0}"
2362,SAME_AS,31,1268,"{""confidence"": 0.805, ""method"": ""entity_alignment_with_attention"", ""fused_text_id"": 137, ""attention_similarity"": 1.0}"
2363,SAME_AS,1158,1269,"{""confidence"": 0.805, ""method"": ""entity_alignment_with_attention"", ""fused_image_id"": 411, ""attention_similarity"": 1.0}"
2364,SAME_AS,411,1269,"{""confidence"": 0.805, ""method"": ""entity_alignment_with_attention"", ""fused_text_id"": 1158, ""attention_similarity"": 1.0}"
2365,SAME_AS,1120,1270,"{""confidence"": 0.805, ""method"": ""entity_alignment_with_attention"", ""fused_image_id"": 156, ""attention_similarity"": 1.0}"
2366,SAME_AS,156,1270,"{""confidence"": 0.805, ""method"": ""entity_alignment_with_attention"", ""fused_text_id"": 1120, ""attention_similarity"": 1.0}"
2367,SAME_AS,96,1271,"{""confidence"": 0.804, ""method"": ""entity_alignment_with_attention"", ""fused_image_id"": 314, ""attention_similarity"": 1.0}"
2368,SAME_AS,314,1271,"{""confidence"": 0.804, ""method"": ""entity_alignment_with_attention"", ""fused_text_id"": 96, ""attention_similarity"": 1.0}"
